plz,ort,lat,lon
01053,Kreisfreie Stadt Dresden,51.0562,13.7323
01054,Sächsische Landesbibliothek - Staats- und Universitätsbibliothek Dresden,51.0376,13.7431
01055,Kreisfreie Stadt Dresden,51.0569,13.7287
01056,Finanzamt Dresden - Nord,51.0355,13.7404
01057,HUK-Coburg,51.0456,13.7387
01058,AOK Sachsen - Die Gesundheitskasse,51.0466,13.7268
01059,Kreisfreie Stadt Dresden,51.0826,13.7258
01060,Mitteldeutscher Rundfunk Landesfunkhaus Sachsen,51.1037,13.7709
01062,Technische Universität,51.0289,13.7239
01063,Kreisfreie Stadt Dresden,51.0334,13.7072
01064,Kreisfreie Stadt Dresden,51.0387,13.7327
01065,Kreisfreie Stadt Dresden,51.0387,13.7327
01067,Dresden,51.0547,13.7269
01069,Dresden,51.0430,13.7373
01070,Kreisfreie Stadt Dresden,51.0334,13.7072
01095,Ministerpräsident des Freistaates Sachsen,51.0573,13.7493
01097,Dresden,51.0714,13.7399
01099,Dresden,51.0783,13.8051
01108,Weixdorf,51.1557,13.7825
01109,Klotzsche,51.1164,13.7468
01127,Dresden,51.0790,13.7208
01129,Dresden,51.0967,13.7360
01139,Dresden,51.0836,13.6981
01156,"Dresden Gompitz, Roitzsch",51.0494,13.6214
01157,Dresden,51.0707,13.6729
01159,Dresden,51.0452,13.6996
01169,Dresden,51.0443,13.6738
01187,Dresden,51.0281,13.6943
01189,Dresden,51.0500,13.7500
01213,Agentur für Arbeit Dresden,51.0408,13.7198
01217,Dresden,51.0500,13.7500
01219,Dresden,51.0210,13.7679
01237,Dresden,51.0130,13.7988
01239,Dresden,51.0066,13.8089
01255,Kreisfreie Stadt Dresden,51.0533,13.7830
01257,Dresden,51.0114,13.8054
01259,Dresden,51.0500,13.7500
01264,Finanzamt Dresden - Süd,51.0355,13.7404
01277,Dresden,51.0426,13.7870
01279,Dresden Tolkewitz,51.0425,13.7801
01303,Kreisfreie Stadt Dresden,51.0536,13.7608
01304,Universitätsklinikum Carl Gustav Carus der TU Dresden,51.0517,13.7770
01305,Ostsächsische Sparkasse Dresden,51.0540,13.7588
01307,Dresden,51.0500,13.7500
01309,Dresden,51.0510,13.7783
01324,Dresden,51.0500,13.7500
01326,Dresden,51.0538,13.8155
01328,Dresden,51.0500,13.7500
01332,Amazon FC WRO2,51.1780,13.8417
01333,Bautzen,51.1802,13.8384
01445,Radebeul,51.1065,13.6605
01454,Radeberg,51.1364,13.9093
01458,Ottendorf-Okrilla,51.1833,13.8333
01465,Dresden Langebrück,51.0917,13.8000
01468,Moritzburg,51.1592,13.6802
01471,Radeburg,51.2152,13.7281
01477,Arnsdorf,51.0942,13.9918
01558,Großenhain,51.2895,13.5335
01561,Lampertswalde,51.2955,13.6358
01585,Agentur für Arbeit Riesa,51.3068,13.2854
01587,Riesa,51.2991,13.2848
01589,Riesa,51.3026,13.3097
01591,Riesa,51.3000,13.3000
01594,Stauchitz,51.2509,13.3072
01609,Wülknitz,51.3938,13.4036
01612,Diesbar-Seußlitz,51.2994,13.3935
01616,Strehla,51.3525,13.2266
01619,Zeithain,51.3606,13.3982
01623,Ketzerbachtal,51.1531,13.3178
01640,Coswig,51.1320,13.5831
01662,Meißen,51.1649,13.4859
01665,Klipphausen,51.1203,13.4426
01683,Heynitz,51.0819,13.3598
01689,Niederau,51.1553,13.5687
01705,Freital,51.0017,13.6488
01723,Wilsdruff,51.0520,13.5366
01728,Bannewitz,50.9929,13.7171
01730,Klinik Bavaria,50.9462,13.7706
01731,Kreischa,50.9453,13.7551
01734,Rabenau,50.9648,13.6431
01737,Tharandt,50.9791,13.5236
01738,Dorfhain,50.9333,13.5667
01744,Dippoldiswalde,50.8962,13.6691
01762,Hartmannsdorf-Reichenau,50.8265,13.6256
01768,Reinhardtsgrimma,50.8487,13.7776
01773,Altenberg,50.7656,13.7533
01774,Pretzschendorf,50.8995,13.5571
01776,Hermsdorf/Erzgebirge,50.7500,13.6333
01778,Geising,50.7574,13.7928
01793,Agentur für Arbeit Pirna,50.9544,13.9414
01796,Struppen,50.9361,13.9623
01809,Heidenau,50.9468,13.8475
01814,Reinhardtsdorf-Schöna,50.9210,14.1560
01816,Bad Gottleuba-Berggießhübel,50.8583,13.9500
01819,Bahretal,50.8875,13.9000
01824,Königstein/Sächsische Schweiz,50.9115,14.0834
01825,Liebstadt,50.8642,13.8569
01829,Stadt Wehlen,50.9582,14.0309
01833,Stolpen,51.0412,14.0397
01844,Hohwald,51.0364,14.2215
01847,Lohmen,50.9883,14.0027
01848,Hohnstein,50.9799,14.1141
01855,Sebnitz,50.9594,14.2613
01877,Rammenau,51.1316,14.2479
01896,Lichtenberg,51.1795,14.0092
01900,Großröhrsdorf,51.1476,14.0512
01904,Steinigtwolmsdorf,51.0802,14.3267
01906,Burkau,51.1758,14.1733
01909,Großharthau,51.1191,14.1040
01917,Kamenz,51.2680,14.0937
01920,Steina,51.2630,14.1613
01936,Oberlichtenau,51.2666,13.9678
01945,Grünewald,51.4197,13.8781
01968,Schipkau,51.5336,13.9548
01979,Lauchhammer,51.4881,13.7662
01983,Neu-Seeland,51.6045,14.0709
01987,Schwarzheide,51.4767,13.8556
01990,Ortrand,51.3896,13.7515
01993,Schipkau Schipkau,51.5279,13.9051
01994,Schipkau,51.5590,13.8963
01996,Hosena,51.4547,14.0251
01998,Schipkau,51.5461,13.9120
02619,Agentur für Arbeit Bautzen,51.1551,14.4329
02620,Landratsamt Bautzen,51.1757,14.4294
02621,Finanzamt Bautzen,51.1823,14.4278
02625,Bautzen,51.1825,14.4292
02627,Weißenberg,51.1892,14.5319
02633,Doberschau-Gaußig,51.1598,14.3384
02643,Bautzen,51.1904,14.4587
02681,Kirschau,51.0879,14.4264
02689,Sohland an der Spree,51.0471,14.4298
02692,Großpostwitz/Oberlausitz,51.1257,14.4172
02694,Malschwitz,51.2503,14.5140
02699,Neschwitz,51.2786,14.3194
02708,Obercunnersdorf,51.0747,14.6470
02727,Neugersdorf,50.9773,14.6088
02730,Ebersbach/Sachsen,51.0167,14.5833
02733,Cunewalde,51.1000,14.5167
02736,Beiersdorf,51.0703,14.5191
02739,Eibau,50.9827,14.6621
02742,Friedersdorf,51.0318,14.5491
02747,Berthelsdorf,51.0147,14.7531
02748,Bernstadt auf dem Eigen,51.0500,14.8500
02763,Mittelherwigsdorf,50.9001,14.7704
02779,Hainewalde,50.9051,14.6936
02782,Seifhennersdorf,50.9349,14.6019
02785,Olbersdorf,50.8730,14.7704
02788,Schlegel,50.9574,14.8818
02791,Oderwitz,50.9583,14.7083
02794,Leutersdorf,50.9500,14.6500
02796,Jonsdorf,50.8500,14.7000
02797,Oybin,50.8500,14.7500
02799,Waltersdorf,50.8703,14.6503
02826,Görlitz,51.1503,14.9829
02827,Görlitz,51.1490,14.9534
02828,Görlitz,51.1687,14.9693
02829,Neißeaue,51.1875,14.8740
02894,Sohland am Rotstein,51.1531,14.7771
02899,Schönau-Berzdorf auf dem Eigen,51.0406,14.9153
02906,Mücka,51.2947,14.7211
02923,Neißeaue,51.2895,14.8768
02929,Rothenburg/Oberlausitz,51.3635,14.9461
02943,Boxberg/Oberlausitz,51.4520,14.6035
02953,Gablenz,51.5419,14.6896
02956,Rietschen,51.4000,14.7833
02957,Krauschwitz,51.5078,14.7136
02959,Schleife,51.5444,14.5556
02977,Hoyerswerda,51.4379,14.2355
02979,Elsterheide,51.5084,14.2667
02991,Elsterheide,51.4597,14.1155
02994,Wiednitz,51.3798,14.0479
02997,Wittichenau,51.3850,14.2440
02999,Knappensee,51.3716,14.4094
03039,Agentur für Arbeit Cottbus,51.7591,14.3280
03042,Cottbus,51.7612,14.3544
03044,Cottbus,51.7754,14.3374
03046,Cottbus,51.7560,14.3197
03048,Cottbus,51.7403,14.3198
03050,Cottbus,51.7324,14.3347
03051,Cottbus,51.7667,14.3333
03052,Cottbus,51.7667,14.3333
03053,Cottbus,51.7667,14.3333
03054,Cottbus,51.7667,14.3333
03055,Cottbus,51.7667,14.3333
03058,Frauendorf,51.6964,14.4125
03065,Kreisfreie Stadt Cottbus,51.7670,14.3801
03075,Landwirtschaftskammer Nordr./Westf Abt. Tierseuchenkasse,51.9873,7.6339
03096,Guhrow,51.8254,14.2206
03099,Kolkwitz,51.7500,14.2500
03103,Neu-Seeland,51.6147,14.1480
03116,Drebkau,51.6541,14.2232
03119,Welzow,51.5838,14.1708
03130,Wolfshain,51.5912,14.4656
03139,Terpe,51.5667,14.3667
03149,Wiesengrund,51.7090,14.5921
03159,Wiesengrund,51.6520,14.5938
03172,Atterwasch,51.9310,14.6102
03185,Grötsch,51.8511,14.4268
03197,Jänschwalde,51.8787,14.5042
03202,Luckow-Petershagen,53.2435,14.2573
03205,Calau,51.7198,13.9688
03222,Klein Radden,51.8534,13.9177
03226,Raddusch,51.8072,14.0570
03229,Altdöbern,51.6667,14.0167
03238,Dollenchen,51.6065,13.6878
03246,Babben,51.7280,13.7590
03249,Pahlsdorf,51.7084,13.6590
03253,Schönewalde,51.6521,13.5044
04022,Sächsische Aufbaubank,51.0466,13.7492
04024,Nordsachsen,51.3987,12.1980
04056,Kreisfreie Stadt Leipzig,51.3514,12.4041
04063,IKK classic Hauptverwaltung,51.0732,13.7602
04064,IKK classic Hauptverwaltung,51.0732,13.7602
04079,Kreisfreie Stadt Leipzig,51.3441,12.3944
04080,"Universität Leipzig, Bereich Medizin",51.3314,12.3866
04081,Universität Leipzig,51.3381,12.3791
04082,Nordsachsen,51.3987,12.1980
04083,Kreisfreie Stadt Leipzig,51.3364,12.3747
04084,Kreisfreie Stadt Leipzig,51.3342,12.3956
04086,Agentur für Arbeit Leipzig,51.3748,12.3232
04087,AOK PLUS - Die Gesundheitskasse für Sachsen und Thüringen,51.3413,12.3579
04088,Kreisfreie Stadt Leipzig,51.3321,12.3746
04089,Nordsachsen,51.3987,12.1980
04091,Industrie- u. Handelskammer zu Leipzig,51.3433,12.3693
04092,Stadt Leipzig Neues Rathaus,51.3350,12.3714
04095,Kreisfreie Stadt Leipzig,51.3386,12.3848
04097,HUK-Coburg,51.3407,12.3856
04103,Leipzig,51.3405,12.3827
04105,Leipzig,51.3489,12.3688
04107,Leipzig,51.3667,12.3833
04109,Leipzig,51.3420,12.3750
04129,Leipzig,51.3674,12.3909
04150,Kreisfreie Stadt Leipzig,51.3782,12.3119
04151,Deutsche Rentenversicherung Mitteldeutschland,51.3748,12.3232
04155,Leipzig,51.3667,12.3833
04157,Leipzig,51.3775,12.3599
04158,Breitenfeld,51.4035,12.3418
04159,Leipzig,51.3717,12.3321
04160,Kreisfreie Stadt Krefeld,51.3402,6.6526
04177,Leipzig,51.3425,12.3230
04178,Burghausen,51.3566,12.2643
04179,Leipzig,51.3290,12.3115
04205,Leipzig,51.3209,12.2793
04207,Leipzig,51.3120,12.3077
04209,Leipzig,51.3148,12.2912
04227,Mey & Edlich,51.3297,12.3459
04229,Leipzig,51.3254,12.3341
04249,Leipzig,51.3667,12.3833
04275,Leipzig,51.3667,12.3833
04277,Leipzig,51.3667,12.3833
04279,Leipzig,51.3667,12.3833
04288,Leipzig,51.3667,12.3833
04289,Leipzig,51.3667,12.3833
04299,Leipzig,51.3667,12.3833
04310,Kreisfreie Stadt Leipzig,51.3301,12.4406
04311,Kreisfreie Stadt Leipzig,51.3301,12.4406
04312,Kreisfreie Stadt Leipzig,51.3301,12.4406
04315,Leipzig,51.3667,12.3833
04316,Leipzig,51.3667,12.3833
04317,Leipzig,51.3329,12.4047
04318,Leipzig,51.3332,12.4195
04319,Leipzig,51.3667,12.3833
04328,Sellerhausen-Stünz,51.3480,12.4313
04329,Leipzig,51.3667,12.3833
04347,Leipzig,51.3637,12.4312
04349,Leipzig,51.3667,12.3833
04350,BMW,51.4092,12.4474
04356,Leipzig,51.3667,12.3833
04357,Leipzig,51.3667,12.3833
04360,Mitteldeutscher Rundfunk Zentrale Leipzig,51.3156,12.3832
04365,Kreisfreie Stadt Leipzig,51.4012,12.4038
04370,Deutsche Post DHL,51.4132,12.2907
04416,Markkleeberg,51.2755,12.3691
04420,Markranstädt,51.3042,12.1960
04425,Taucha,51.3833,12.4833
04435,Schkeuditz,51.3968,12.2214
04442,Zwenkau,51.2187,12.3301
04451,Borsdorf,51.3500,12.5333
04460,Kitzen,51.2217,12.2235
04463,Großpösna,51.2667,12.5000
04509,Zwochau,51.5041,12.3520
04519,Rackwitz,51.4333,12.3833
04523,Elstertrebnitz,51.1585,12.2424
04539,Groitzsch,51.1554,12.2828
04550,Landkreis Leipzig,51.1189,12.4899
04552,Borna,51.1166,12.4883
04564,Böhlen,51.2006,12.3862
04565,Regis-Breitingen,51.0888,12.4384
04567,Kitzscher,51.1644,12.5526
04571,Rötha,51.1978,12.4145
04574,Deutzen,51.1151,12.4080
04575,Neukieritzsch,51.1499,12.4109
04579,Espenhain,51.1893,12.4789
04600,Altenburg,50.9876,12.4368
04603,Nobitz,50.9728,12.4357
04610,Wintersdorf,51.0549,12.3527
04613,Lucka,51.0973,12.3334
04617,Lödla,51.0146,12.3685
04618,Langenleuba-Niederhain,50.9351,12.5885
04626,Altkirchen,50.8972,12.3019
04639,Gößnitz,50.8890,12.4329
04643,Geithain,51.0553,12.6967
04651,Eulatal,51.1225,12.6389
04654,Frohburg,51.0572,12.5575
04655,Kohren-Sahlis,51.0188,12.6042
04657,Narsdorf,51.0167,12.7167
04668,Grimma,51.2107,12.7239
04680,Colditz,51.1307,12.8099
04683,Belgershain,51.2555,12.5692
04685,Nerchau,51.2709,12.7891
04687,Trebsen/Mulde,51.2833,12.7500
04688,Mutzschen,51.2616,12.8913
04703,Bockelwitz,51.1563,12.9410
04720,Großweitzschen,51.1299,13.1212
04736,Waldheim,51.0728,13.0200
04741,Roßwein,51.0742,13.1662
04746,Hartha,51.0986,12.9739
04749,Ostrau,51.2000,13.1667
04756,Agentur für Arbeit Oschatz,51.2987,13.1193
04758,Cavertitz,51.3389,13.1340
04769,Sornzig-Ablaß,51.2385,13.0568
04774,Dahlen,51.3649,12.9988
04779,Wermsdorf,51.2833,12.9500
04808,Thallwitz,51.3921,12.7978
04821,Brandis,51.3360,12.6102
04824,Beucha,51.3231,12.5622
04827,Machern,51.3667,12.6333
04828,Bennewitz,51.3607,12.7138
04838,Doberschütz,51.4910,12.6541
04849,Kossa,51.6022,12.6629
04855,Landratsamt Nordsachsen,51.5590,13.0077
04860,Pflückuff,51.5498,12.9630
04862,Mockrehna,51.5000,12.8000
04874,Belgern,51.4826,13.1238
04880,Elsnig,51.6225,12.8748
04886,Arzberg,51.5666,13.0704
04889,Schildau,51.4572,12.9302
04895,Falkenberg/Elster,51.5875,13.2364
04910,Elsterwerda,51.4699,13.4939
04916,Stolzenhain,51.7815,13.2467
04924,Bad Liebenwerda,51.5175,13.3639
04928,Kahla,51.4609,13.6166
04931,Mühlberg (Elbe),51.4333,13.2167
04932,Merzdorf,51.4143,13.5417
04934,Hohenleipisch,51.4926,13.5440
04936,Körba,51.7374,13.4130
04938,Uebigau-Wahrenbrück,51.5167,13.3333
06073,Familienkasse Sachsen-Anhalt-Thüringen,51.4972,11.9667
06075,Kreisfreie Stadt Halle,51.4788,11.9878
06076,Kreisfreie Stadt Halle,51.4821,11.9832
06077,IHK Halle-Dessau,51.4783,11.9796
06089,Agentur für Arbeit Sachsen-Anhalt Süd,51.5078,11.9644
06090,Agentur für Arbeit Sachsen-Anhalt Süd,51.5078,11.9644
06091,BKK für Heilberufe,51.4853,12.0027
06092,Deutsche Rentenversicherung Mitteldeutschland,51.4962,11.9825
06094,AOK Sachsen - Anhalt,51.4865,11.9613
06095,Amtsgericht,51.4690,11.9852
06097,Universitätsklinikum Medizinische Fakultät der Martin-Luther-Universität,51.5003,11.9335
06098,Uni- u. Landesbibliothek Sachsen/Anhalt,51.4899,11.9696
06099,Martin-Luther-Universität Halle-Wittenberg,51.4847,11.9655
06100,Stadt Halle,51.4825,11.9715
06103,Finanzämter in Halle ( Saale),51.4807,11.9657
06104,Kreisfreie Stadt Halle,51.4301,11.9914
06105,Jobcenter Halle (Saale),51.4812,11.9252
06106,Victoria-Versicherungen,51.4866,11.9303
06108,Halle,51.4830,11.9720
06110,Halle,51.4701,11.9675
06112,Halle,51.4753,11.9973
06114,Halle,51.5034,11.9622
06116,Halle,51.4862,12.0283
06118,Halle,51.5175,11.9710
06120,Halle,51.5082,11.8838
06122,Halle,51.4804,11.9215
06124,Halle,51.4796,11.9370
06126,Halle,51.5000,12.0000
06128,Halle,51.4507,11.9493
06130,Halle,51.4410,11.9856
06132,Halle,51.4348,11.9815
06144,Apotheke Zur Rose Offizin,51.4695,11.9908
06145,Saalekreis,51.5254,12.1040
06146,HUK-Coburg,51.4695,11.9833
06147,Zur Rose Pharma Abt. VfG,51.4695,11.9908
06179,Bennstedt,51.4595,11.8355
06184,Gröbers,51.4121,12.0854
06188,Niemberg,51.5272,12.0999
06193,Gutenberg,51.5916,11.9531
06198,Brachwitz,51.5695,11.8151
06217,Beuna,51.3369,11.9610
06231,Kreypau,51.3007,12.1008
06237,Spergau,51.3056,12.0194
06242,Krumpa,51.2836,11.8904
06246,Bad Lauchstädt,51.3808,11.8882
06249,Mücheln (Geiseltal),51.3000,11.8000
06252,Höffner Möbelgeschäft,51.3473,12.1690
06254,Zöschen,51.3581,12.1204
06255,Schafstädt,51.3657,11.7848
06258,Schkopau Korbetha,51.4000,11.9988
06259,Frankleben,51.3114,11.9293
06268,Steigra,51.3367,11.6209
06279,Farnstädt,51.4356,11.6347
06291,Finanzamt Eisleben,51.5191,11.5506
06295,Lutherstadt Eisleben,51.5187,11.5826
06308,Klostermansfeld,51.5813,11.4987
06311,Helbra,51.5500,11.5000
06313,Ahlsdorf,51.5331,11.4856
06317,Amsdorf,51.4748,11.6772
06318,Wansleben am See,51.4667,11.7500
06333,Wiederstedt,51.6709,11.4486
06343,Vatterode,51.5869,11.4000
06347,Gerbstedt,51.6224,11.6782
06348,Großörner,51.6153,11.4898
06359,Landkreis Anhalt-Bitterfeld,51.7321,11.9776
06366,Köthen,51.7519,11.9709
06369,Görzig,51.7238,11.9882
06385,Aken,51.8527,12.0446
06386,Reppichau,51.7709,12.0843
06388,Maasdorf,51.6820,11.9367
06400,Salzlandkreis,51.7953,11.7447
06406,Bernburg,51.7946,11.7401
06408,Baalberge,51.7647,11.7821
06420,Rothenburg,51.6725,11.7952
06425,Beesenlaublingen,51.7043,11.6651
06429,Wedlitz,51.8430,11.7814
06449,Aschersleben Klein Schierstedt,51.7902,11.4582
06456,Mehringen,51.7057,11.5396
06458,Heteborn,51.8580,11.2646
06463,Reinstedt,51.7349,11.3220
06464,Frose,51.7958,11.3791
06466,Gatersleben,51.8221,11.2866
06467,Hoym,51.7829,11.3124
06469,Nachterstedt,51.8008,11.3349
06484,Ditfurt,51.8158,11.1802
06493,Ballenstedt,51.6192,11.1474
06502,Thale,51.7594,11.0679
06507,Friedrichsbrunn,51.7021,11.0516
06526,Sangerhausen,51.5226,11.2851
06528,Martinsrieth,51.4862,11.2777
06536,Berga,51.5013,11.0598
06537,Tilleda,51.4278,11.0910
06542,Nienstedt,51.4206,11.4049
06543,Ulzigerode,51.6346,11.3084
06547,Breitenstein,51.5822,10.9725
06553,Bußgeldstelle,51.3665,11.2944
06556,Reinsdorf,51.3612,11.2896
06567,Esperstedt,51.3517,11.1394
06571,Roßleben,51.2996,11.3747
06577,Heldrungen,51.2740,11.2199
06578,Bilzingsleben,51.2866,11.1237
06618,Pödelist,51.1137,11.8346
06628,Abtlöbnitz,51.1245,11.6829
06632,Zeuchfeld,51.2379,11.7711
06636,Burgscheidungen,51.2273,11.6680
06638,Karsdorf,51.2713,11.6577
06642,Wohlmirstedt,51.2631,11.5357
06647,Lossa,51.1979,11.5386
06648,Tromsdorf,51.1294,11.5094
06667,Storkau,51.1869,11.9362
06679,Granschütz,51.1824,12.0750
06682,Werschen,51.1186,12.0308
06686,Röcken,51.2275,12.1061
06688,Wengelsdorf,51.2615,12.0299
06712,Wittgendorf,51.0351,12.1394
06721,Meineweh,51.0746,11.9431
06722,Kleinhelmsdorf,51.0320,11.9819
06724,Bröckau,51.0035,12.1769
06725,Reuden,51.1183,12.2057
06727,Luckenau,51.0963,12.1115
06729,Langendorf,51.0686,12.2182
06731,Bitterfeld-Wolfen,51.6229,12.2677
06749,Friedersdorf,51.6330,12.3362
06766,Bobbau,51.6605,12.2387
06773,Gröbern,51.7526,12.5221
06774,Plodda,51.6388,12.4921
06779,Salzfurtkapelle,51.7199,12.2434
06780,Stumsdorf,51.6186,12.1337
06785,Oranienbaum,51.8033,12.4331
06786,Wörlitz,51.8316,12.4406
06791,Möhlau,51.7236,12.3764
06792,Sandersdorf,51.6266,12.2534
06794,Sandersdorf Ramsin,51.6100,12.2329
06796,Brehna,51.5579,12.2128
06800,Jeßnitz,51.6873,12.3106
06803,Greppin,51.6468,12.3007
06804,Burgkemnitz,51.6778,12.3732
06808,Holzweißig,51.5982,12.3084
06809,Roitzsch,51.5728,12.2762
06838,Agentur für Arbeit Sachsen-Anhalt Ost,51.8410,12.2316
06839,Agentur für Arbeit Sachsen-Anhalt Ost,51.8385,12.2198
06842,Dessau,51.8231,12.2598
06844,Dessau,51.8441,12.2475
06846,Dessau,51.8333,12.2500
06847,Dessau,51.8221,12.1917
06849,Dessau,51.8083,12.2410
06861,Dessau-Roßlau,51.8333,12.2500
06862,Roßlau,51.9081,12.2180
06868,Stackelitz,51.9806,12.3517
06869,Coswig,51.9247,12.4691
06886,Lutherstadt Wittenberg,51.8744,12.6060
06888,Dietrichsdorf,51.8647,12.7188
06889,Lutherstadt Wittenberg,51.8744,12.6060
06895,Zahna,51.9323,12.7625
06896,Schmilkendorf,51.9367,12.6080
06901,Dorna,51.7803,12.6956
06905,Korgau,51.6941,12.7261
06909,Priesitz,51.7234,12.7918
06917,Jessen (Elster) Leipa,51.8096,12.9808
06918,Listerfehrda,51.8753,12.8847
06922,Prettin,51.6905,12.9334
06925,Löben,51.7265,13.0284
06926,Reicho,51.7972,13.1124
06928,Linda (Elster),51.8500,13.1167
07318,Saalfeld/Saale,50.6201,11.3087
07330,Marktgölitz,50.5448,11.3592
07333,Unterwellenborn,50.6500,11.4333
07334,Goßwitz,50.6392,11.4657
07336,Könitz,50.6596,11.4863
07338,Hohenwarte,50.5920,11.5091
07343,Wurzbach,50.4636,11.5378
07349,Lehesten,50.4743,11.4522
07356,Neundorf (bei Lobenstein),50.4628,11.5967
07366,Blankenberg,50.4116,11.7010
07368,Remptendorf,50.5125,11.6750
07381,Oberoppurg,50.6891,11.6329
07387,Krölpa,50.6720,11.5192
07389,Knau,50.6520,11.6310
07407,Großkochberg,50.7580,11.3678
07422,Rottenbach,50.6611,11.2488
07426,Dröbischau,50.6492,11.1257
07427,Schwarzburg,50.6430,11.1919
07429,Döschnitz,50.6162,11.2074
07497,Deutsche Rentenversicherung Bund,50.8729,12.0826
07499,Kreisfreie Stadt Gera,50.9073,12.0735
07541,Agentur für Arbeit Thüringen Ost,50.8704,12.0838
07543,Stadtverwaltung Gera,50.8732,12.0839
07545,Gera,50.8782,12.0824
07546,Gera,50.8901,12.1019
07548,Gera,50.8667,12.0833
07549,Gera,50.8408,12.0756
07551,Gera,50.8412,12.1072
07552,Gera,50.8667,12.0833
07554,Kauern,50.8943,12.1622
07557,Zedlitz,50.8024,12.0138
07570,Steinsdorf,50.7630,12.0126
07580,Braunichswalde,50.8329,12.2068
07584,Köstritzer Schwarzbierbrauerei,50.9304,12.0145
07586,Bad Köstritz,50.9140,11.9848
07589,Münchenbernsdorf,50.8037,11.9357
07607,Hainspitz,50.9824,11.8844
07613,Silbitz,50.9666,11.9668
07616,Nausnitz,50.9584,11.7723
07619,Schkölen,51.0208,11.8024
07629,Sankt Gangloff,50.8783,11.8796
07639,Weißenborn,50.9218,11.8885
07646,Karlsdorf,50.8463,11.7558
07737,Friedrich-Schiller-Universität,50.9298,11.5895
07738,Deutsches Patentamt Außenstelle Jena,50.9275,11.5830
07739,Kreisfreie Stadt Jena,50.9281,11.5807
07740,Agentur für Arbeit Jena,50.9134,11.5863
07743,Jena,50.9326,11.5868
07745,Jena,50.8933,11.5847
07747,Jena,50.8899,11.6086
07749,Jena,50.9430,11.6034
07751,Löberschütz,50.8957,11.6185
07768,Bibra,50.7967,11.5619
07774,Camburg,51.0346,11.7233
07778,Lehesten,50.9975,11.6483
07806,Dreba,50.7080,11.7369
07819,Triptis,50.7368,11.8346
07907,Pörmitz,50.6203,11.8229
07919,Mühltroff,50.5721,11.9077
07922,Tanna,50.4946,11.8572
07924,Eßbach,50.6038,11.7053
07926,Gefell,50.4405,11.8593
07927,Hirschberg,50.4054,11.8183
07929,Saalburg-Ebersdorf,50.4917,11.7000
07937,Zeulenroda,50.6442,11.9862
07950,Göhren-Döhlen,50.7014,11.9918
07952,Pausa,50.5867,12.0445
07955,Auma,50.7181,11.9066
07957,Langenwetzendorf,50.6932,12.0887
07958,Hohenleuben,50.7113,12.0543
07973,Greiz,50.6578,12.1992
07980,Neugernsdorf,50.7177,12.1319
07985,Vogtländisches Oberland,50.6001,12.1298
07987,Mohlsdorf,50.6697,12.2652
07989,Teichwolframsdorf,50.7209,12.2469
08037,Agentur für Arbeit Zwickau,50.7204,12.4840
08048,Zwickau,50.7952,12.4838
08056,Zwickau,50.7114,12.4928
08058,Zwickau,50.7439,12.4781
08060,Zwickau,50.7188,12.4601
08062,Zwickau,50.6915,12.4734
08064,Zwickau,50.6752,12.4709
08066,Zwickau,50.7319,12.5251
08080,Zwickau,50.6906,12.5644
08081,Amazon FC PRG 2,50.6685,12.3636
08107,Hirschfeld,50.6128,12.5137
08112,Wilkau-Haßlau,50.6750,12.5148
08115,Lichtentanne,50.6925,12.4259
08118,Hartenstein Hartenstein,50.6668,12.6710
08132,Mülsen Wulm,50.7449,12.5735
08134,Wildenfels Wiesen,50.6529,12.5954
08141,Reinsdorf,50.6978,12.5555
08144,Hirschfeld,50.6333,12.4667
08147,Crinitzberg,50.5667,12.5083
08209,Auerbach/Vogtland,50.4924,12.4171
08223,Grünbach,50.4578,12.3425
08228,Rodewisch,50.5308,12.4133
08233,Treuen,50.5425,12.3034
08236,Ellefeld,50.4837,12.3888
08237,Steinberg,50.5389,12.4778
08239,Bergen,50.4710,12.2745
08248,Klingenthal/Sachsen,50.3667,12.4667
08258,Markneukirchen,50.3114,12.3295
08261,Schöneck/Vogtland,50.3833,12.3167
08262,Tannenbergsthal/Vogtland,50.4398,12.4899
08265,Erlbach,50.3167,12.3667
08267,Zwota,50.3510,12.4224
08269,Hammerbrücke,50.4350,12.4150
08280,Aue,50.5903,12.7066
08289,Schneeberg,50.5947,12.6414
08294,Lößnitz,50.6218,12.7315
08297,Zwönitz,50.6303,12.8100
08301,Schlema,50.5981,12.6588
08304,Schönheide,50.5046,12.5216
08309,Eibenstock,50.4943,12.5998
08312,Lauter/Sachsen,50.5667,12.7333
08315,Bernsbach,50.5762,12.7675
08318,Hundshübel,50.5439,12.5711
08321,Zschorlau,50.5667,12.6500
08324,Bockau,50.5421,12.6864
08325,"Carlsfeld, Erzgebirge",50.5167,12.6000
08326,Sosa,50.4992,12.6512
08328,Stützengrün,50.5333,12.5333
08340,Beierfeld,50.5519,12.7873
08344,Grünhain,50.5802,12.8069
08349,Johanngeorgenstadt,50.4526,12.7094
08352,Pöhla,50.5260,12.8378
08355,Rittersgrün,50.4803,12.7934
08359,Breitenbrunn/Erzgebirge,50.4667,12.7667
08371,Glauchau,50.8199,12.5449
08373,Remse,50.8500,12.5667
08393,Meerane,50.8428,12.4737
08396,Waldenburg,50.8799,12.5496
08412,Leubnitz,50.7296,12.3659
08427,Fraureuth,50.7000,12.3500
08428,Langenbernsdorf,50.7558,12.3267
08432,Steinpleis,50.7142,12.3999
08439,Langenhessen,50.7625,12.3714
08451,Crimmitschau,50.8090,12.3461
08459,Neukirchen/Pleiße,50.8000,12.3667
08468,Reichenbach/Vogtland,50.6225,12.3378
08485,Lengenfeld,50.5694,12.3641
08491,Netzschkau,50.5987,12.2469
08496,Neumark,50.6601,12.3562
08499,Mylau,50.6186,12.2654
08520,Agentur für Arbeit Plauen,50.4971,12.1225
08523,Plauen,50.4942,12.1353
08525,Plauen,50.5106,12.1300
08527,Plauen,50.4935,12.1272
08529,Plauen,50.4921,12.1775
08538,Reuth,50.4412,11.9958
08539,Mehltheuer,50.5453,12.0370
08541,Neuensalz,50.4851,12.2193
08543,Pöhl,50.5500,12.1833
08547,Jößnitz,50.5000,12.1333
08548,Syrau,50.5430,12.0793
08606,Bösenbrunn,50.4094,12.2269
08626,Adorf,50.3350,12.2133
08645,Bad Elster,50.2819,12.2343
08648,Bad Brambach,50.2167,12.3167
09028,"Chemnitz, Sachsen",50.8333,12.9167
09030,"Chemnitz, Sachsen",50.8333,12.9167
09091,Agentur für Arbeit Chemnitz,50.8145,12.9113
09092,Familienkasse Sachsen,50.8145,12.9113
09093,Kreisfreie Stadt Chemnitz,50.8126,12.8807
09094,HUK Coburg,50.8344,12.9264
09095,Kreisfreie Stadt Chemnitz,50.8784,12.9032
09096,Kreisfreie Stadt Chemnitz,50.8102,12.9048
09097,Finanzamt Chemnitz-Mitte,50.8190,12.9064
09099,AOK - Die Gesundheitskasse,50.8448,12.9179
09100,Agentur für Arbeit Chemnitz,50.8145,12.9113
09103,Kreisfreie Stadt Chemnitz,50.8324,12.9197
09105,Landesdirektion Sachsen,50.8166,12.9165
09106,Stadtverwaltung,50.8326,12.9191
09107,Technische Universität Chemnitz,50.8392,12.9273
09108,Bundesknappschaft,50.8091,12.8419
09109,Landesjustizkasse Chemnitz,50.8058,12.8426
09111,Chemnitz,50.8351,12.9222
09112,Chemnitz,50.8270,12.9043
09113,Chemnitz,50.8507,12.8951
09114,Chemnitz,50.8574,12.8977
09116,Chemnitz,50.8213,12.8840
09117,Chemnitz,50.8179,12.8379
09119,Chemnitz,50.8203,12.9056
09120,Chemnitz,50.8056,12.9067
09122,Chemnitz,50.7945,12.8875
09123,Chemnitz,50.7659,12.9460
09125,Chemnitz,50.7963,12.9199
09126,Chemnitz,50.8197,12.9403
09127,Chemnitz,50.8284,12.9586
09128,"Chemnitz, Sachsen",50.8333,12.9167
09130,Chemnitz,50.8376,12.9345
09131,Chemnitz,50.8333,12.9167
09212,Limbach-Oberfrohna,50.8500,12.7733
09217,Burgstädt,50.9133,12.8060
09221,Neukirchen/Erzgebirge,50.7835,12.8700
09224,Mittelbach bei Chemnitz,50.7940,12.7860
09227,Einsiedel bei Chemnitz,50.7705,12.9745
09228,Wittgensdorf,50.8832,12.8703
09231,Mittelsachsen,50.8854,12.8028
09232,Hartmannsdorf,50.9000,12.8000
09235,Burkhardtsdorf,50.7333,12.9167
09236,Claußnitz,50.9333,12.8833
09241,Mühlau,50.9000,12.7667
09243,Niederfrohna,50.9000,12.7167
09244,Lichtenau,50.9083,12.9917
09247,Röhrsdorf,50.8621,12.8339
09249,Taura,50.9167,12.8500
09306,Erlau,51.0284,12.8260
09322,Penig,50.9334,12.7042
09326,Geringswalde,51.0768,12.9072
09328,Lunzenau,50.9627,12.7559
09337,Hohenstein-Ernstthal,50.8058,12.6710
09350,Lichtenstein/Sachsen,50.7438,12.6453
09353,Oberlungwitz,50.7823,12.7079
09355,Gersdorf,50.7500,12.7167
09356,Sankt Egidien,50.7862,12.6240
09366,Niederdorf,50.7155,12.7752
09376,Oelsnitz/Erzgebirge,50.7170,12.7217
09380,Thalheim / Erzgebirge,50.7000,12.8500
09385,Lugau/Erzgebirge,50.7500,12.7584
09387,Jahnsdorf/Erzgebirge,50.7500,12.8500
09390,Gornsdorf,50.7000,12.8833
09392,Auerbach,50.6833,12.9167
09394,Hohndorf,50.7404,12.6806
09395,Hormersdorf,50.6741,12.8819
09399,Niederwürschnitz,50.7250,12.7500
09405,Gornau/Erzgebirge,50.7574,13.0468
09419,Thum,50.6708,12.9509
09423,Gelenau/Erzgebirge,50.7055,12.9694
09427,Ehrenfriedersdorf,50.6493,12.9701
09429,Wolkenstein,50.6555,13.0713
09430,Drebach,50.6875,13.0174
09432,Großolbersdorf,50.7000,13.0833
09435,Scharfenstein,50.7041,13.0565
09437,Börnichen/Erzgebirge,50.7584,13.1250
09439,Amtsberg,50.7500,13.0056
09450,Erzgebirgssparkasse,50.5781,13.0049
09453,Finanzamt Annaberg-Buchholz,50.5854,13.0071
09454,Agentur für Arbeit Annaberg-Buchholz,50.5874,13.0098
09456,Mildenau,50.5832,13.0394
09465,Sehmatal,50.5167,12.9833
09468,Geyer,50.6168,12.9293
09471,Bärenstein,50.5250,13.0417
09474,Crottendorf,50.5167,12.9500
09477,Jöhstadt,50.5123,13.0946
09481,Elterlein,50.5584,12.8903
09484,Oberwiesenthal,50.4167,12.9833
09487,Schlettau,50.5588,12.9527
09488,Wiesa,50.6111,13.0138
09496,Pobershau,50.6270,13.2031
09509,Pockau,50.7241,13.2798
09514,Lengefeld,50.7191,13.1929
09517,Zöblitz,50.6591,13.2298
09518,Großrückerswalde,50.6333,13.1167
09526,Heidersdorf,50.6807,13.3642
09544,Neuhausen/Erzgebirge,50.6750,13.4667
09548,Seiffen/Erzgebirge,50.6334,13.4583
09557,Flöha,50.8561,13.0741
09569,Gahlenz,50.8606,13.1773
09573,Augustusburg,50.8059,13.1344
09575,Eppendorf,50.8000,13.2333
09577,Niederwiesa,50.8667,13.0167
09579,Grünhainichen,50.7702,13.1665
09595,Agentur für Arbeit Freiberg,50.9110,13.3417
09596,TU Bergakademie Freiberg,50.9130,13.3481
09599,Freiberg,50.9109,13.3388
09600,Weißenborn/Erzgebirge,50.9103,13.3632
09603,Großschirma,50.9660,13.2859
09618,Großhartmannsdorf,50.8062,13.3237
09619,Mulda/Sachsen,50.7593,13.4295
09623,Rechenberg-Bienenmühle,50.7703,13.5365
09627,Bobritzsch,50.9049,13.4206
09629,Reinsberg,51.0082,13.3654
09633,Halsbrücke,50.9500,13.3500
09634,Siebenlehn,51.0311,13.3081
09638,Lichtenberg/Erzgebirge,50.8333,13.4167
09648,Kriebstein,51.0010,12.9807
09660,Agentur für Arbeit Hainichen,50.9699,13.1194
09661,Striegistal,50.9560,13.0511
09669,Frankenberg/Sachsen,50.9259,13.0596
10026,"Berlin, Stadt",52.5172,13.4149
10082,"Berlin, Stadt",52.5318,13.3838
10083,"Berlin, Stadt",52.5318,13.3838
10086,Job-Center Berlin Mitte,52.5105,13.4024
10096,Berliner Verkehrsbetriebe (BVG) Anstalt des öffentlichen Rechts,52.5137,13.4227
10098,Uni Klinikum Charite Medizinische Fakultät der Humboldt-Universität,52.5237,13.3799
10099,Humboldt-Universität,52.5176,13.3938
10102,Staatsbibliothek zu Berlin Preußischer Kulturbesitz,52.5175,13.3916
10103,"Berlin, Stadt",52.5286,13.3692
10104,Germany Trade & Invest Gesellschaft für Außenwirtschaft,52.5106,13.3901
10105,"Berlin, Stadt",52.5185,13.3874
10106,St. Hedwigskrankenhaus,52.5167,13.4269
10107,West östl. Diven,52.5127,13.3922
10108,Deutsches Institut für Wirtschaftsforschung,52.5229,13.3835
10109,Stiftung Oper in Berlin,52.5165,13.3913
10112,ver.di Bundesverwaltung,52.5090,13.4279
10115,Berlin,52.5323,13.3846
10117,Berlin,52.5170,13.3872
10119,Berlin,52.5305,13.4053
10150,Berliner Feuerwehr,52.5169,13.4147
10169,"Berlin, Stadt",52.5176,13.4142
10173,"Berlin, Stadt",52.5258,13.4135
10178,Berlin,52.5213,13.4096
10179,Berlin,52.5122,13.4164
10243,Berlin Friedrichshain,52.5123,13.4394
10245,Berlin Friedrichshain,52.5007,13.4647
10247,Berlin Friedrichshain,52.5161,13.4656
10249,Berlin Friedrichshain,52.5238,13.4428
10306,Amt für Statistik Berlin-Brandenburg,52.5094,13.5255
10313,Fachhochschule für Technik und Wirtschaft Berlin,52.4932,13.5259
10315,Berlin,52.5132,13.5148
10317,Berlin,52.4979,13.4908
10318,Berlin,52.4835,13.5287
10319,Berlin,52.4992,13.5188
10356,Jobcenter Geschäftsstelle Lichtenberg,52.5183,13.4882
10358,Finanzamt Lichtenberg/Hohenschönhausen,52.5094,13.5255
10360,Bezirksamt Lichtenberg von Berlin,52.5094,13.5255
10361,Bundesverwaltungsamt Außenstelle Berlin- Lichtenberg,52.5232,13.4858
10362,Finanzamt für Körperschaften II und IV,52.5149,13.4887
10365,Berlin,52.5206,13.4969
10367,Berlin,52.5246,13.4821
10369,Berlin,52.5295,13.4695
10400,Bezirksamt Prenzlauer Berg von Berlin,52.5350,13.4279
10405,Berlin,52.5352,13.4257
10407,Berlin,52.5336,13.4492
10409,Berlin,52.5443,13.4414
10431,Finanzamt Pankow/Weißensee,52.5426,13.4299
10435,Berlin,52.5378,13.4112
10437,Berlin,52.5449,13.4126
10439,Berlin,52.5522,13.4121
10546,"Berlin, Stadt",52.5334,13.2800
10547,AVM,52.5234,13.3446
10548,"Berlin, Stadt",52.5293,13.3171
10551,Berlin,52.5307,13.3372
10553,Berlin,52.5305,13.3215
10555,Berlin,52.5215,13.3355
10557,Berlin,52.5233,13.3594
10559,Berlin,52.5301,13.3499
10585,Berlin,52.5152,13.3057
10587,Berlin,52.5184,13.3195
10589,Berlin,52.5276,13.3057
10617,Bezirksamt Charlottenburg-Wilmersdorf,52.5125,13.3177
10623,Berlin,52.5088,13.3274
10625,Berlin,52.5095,13.3147
10627,Berlin,52.5080,13.3030
10629,Berlin,52.5028,13.3086
10702,Ver.di Vereinte Dienstleistungsgewerkschaft,52.4905,13.3188
10703,"Berlin, Stadt",52.5021,13.3210
10704,Deutsche Rentenversicherung Bund,52.4904,13.3112
10705,"Berlin, Stadt",52.4974,13.2930
10707,Berlin,52.4967,13.3138
10709,Berlin,52.4939,13.3031
10711,Berlin,52.4981,13.2905
10713,Berlin,52.4851,13.3133
10715,Berlin,52.4824,13.3289
10717,Berlin,52.4908,13.3275
10719,Berlin,52.4988,13.3257
10768,Volksfürsorge Schadenzentrum,52.4998,13.3253
10772,DeGeWo,52.5061,13.3570
10773,IKK Brandenburg und Berlin,52.5060,13.3459
10774,Linklaters LLP Rechtsanwälte Notare Steuerberater,52.5102,13.3762
10777,Berlin,52.4975,13.3427
10779,Berlin,52.4921,13.3395
10781,Berlin,52.4936,13.3529
10783,Berlin,52.4964,13.3624
10785,Berlin,52.5073,13.3643
10787,Berlin,52.5078,13.3439
10789,Berlin,52.5017,13.3377
10819,Deutschlandradio Kultur,52.4812,13.3380
10820,Bezirksamt Tempelhof-Schöneberg,52.4841,13.3450
10823,Berlin,52.4873,13.3509
10825,Berlin,52.4838,13.3413
10827,Berlin,52.4838,13.3543
10829,Berlin,52.4761,13.3607
10842,Allianz Baufinanzierung,52.4341,13.5360
10850,"Berlin, Stadt",52.4341,13.5360
10858,Teltow-Fläming,52.3173,13.2654
10859,Agentur für Arbeit Berlin Mitte,52.5060,13.3924
10860,Amtsgericht Tempelhof-Kreuzberg -Familiengericht-,52.4994,13.3816
10861,Amtsgericht Schöneberg,52.4892,13.3482
10862,Amtsgericht Charlottenburg,52.5061,13.2951
10863,Amtsgericht Köpenick,52.5116,13.3891
10864,Berliner Wasserbetriebe Anstalt des Öffentlichen Rechts,52.5155,13.4107
10865,FuB,52.5172,13.3913
10867,"Berlin, Stadt",52.5078,13.3975
10868,Zentrale Zulagenstelle für Altersvermögen der BfA,52.4915,13.3104
10871,"Berlin, Stadt",52.4962,13.4548
10872,"Berlin, Stadt",52.5073,13.3749
10873,Handelsverband Deutschland (HDE),52.5218,13.3890
10874,Zentrales Testamentsregister,52.5092,13.3680
10875,Daimler Verwaltungsgesellschaft (DGrund),51.5132,12.3696
10876,TMS Tagesspiegel Marketing Service,52.5045,13.3809
10877,"Berlin, Stadt",52.5119,13.4331
10878,"Berlin, Stadt",52.5068,13.4381
10880,"Berlin, Stadt",52.5334,13.3842
10881,"Berlin, Stadt",52.4672,13.3726
10882,TÜV Rheinland Group,52.4644,13.3696
10883,Frankfurter Hypothekenbank,52.5133,13.3190
10884,"Berlin, Stadt",52.5206,13.4928
10885,TeleColumbus Gruppe Logistikzentrum,52.5255,13.3216
10886,"Berlin, Stadt",52.5199,13.4039
10887,ZDF Hauptstadtstudio Berlin,52.5172,13.3871
10888,"Berlin, Stadt",52.5078,13.3975
10889,Landesbank Berlin,52.5208,13.4138
10890,"Berlin, Stadt",52.5118,13.3888
10891,"Berlin, Stadt",52.5119,13.4331
10892,Berliner Volksbank eG,52.5784,13.2943
10893,Weberbank Actiengesellschaft,52.4834,13.2930
10896,"Berlin, Stadt",52.5124,13.3146
10898,Deutsche Rentenversicherung Bund,52.3046,12.9860
10899,"Berlin, Stadt",52.5043,13.4506
10901,"Berlin, Stadt",52.5149,13.3292
10902,"Berlin, Stadt",52.5045,13.3602
10903,"Berlin, Stadt",52.5068,13.3790
10904,"Berlin, Stadt",52.4955,13.4840
10905,"Berlin, Stadt",52.4672,13.3726
10907,Konrad-Adenauer-Stiftung,52.5087,13.3523
10908,Kreisfreie Stadt Potsdam,52.4069,13.0537
10909,Kreisfreie Stadt Potsdam,52.4069,13.0537
10910,Kreisfreie Stadt Bonn,50.7191,7.1170
10912,OVAG,52.5047,13.3693
10913,"Berlin, Stadt",52.5047,13.3693
10914,HUK-Coburg,52.5018,13.3360
10916,Postbank Niederlassung Berlin,52.5233,13.3475
10917,"Berlin, Stadt",52.5084,13.4030
10918,"Berlin, Stadt",52.5084,13.4030
10919,"Berlin, Stadt",52.5110,13.3883
10934,"Berlin, Stadt",52.5008,13.3884
10956,Agentur f. Arbeit Berlin Mitte,52.5060,13.3924
10958,Finanzamt Friedrichshain-Kreuzberg,52.4994,13.3915
10959,Amtsgericht Tempelhof-Kreuzberg -Familiengericht-,52.4994,13.3816
10961,Berlin Kreuzberg,52.4926,13.3975
10963,Berlin Kreuzberg,52.5003,13.3813
10965,Berlin Kreuzberg,52.4855,13.3946
10967,Berlin Kreuzberg,52.4905,13.4164
10969,Berlin Kreuzberg,52.5025,13.4012
10997,Berlin Kreuzberg,52.5009,13.4356
10999,Berlin Kreuzberg,52.4969,13.4266
11010,Bundespräsidialamt,52.5163,13.3527
11011,Berlin,52.5179,13.3759
11013,Auswärtiges Amt,52.5154,13.3985
11014,Bundesministerium des Innern und für Heimat,52.5227,13.3622
11017,Bundesministerium für Arbeit und Soziales,52.5124,13.3843
11052,Deutscher Industrie und Handelskammertag DIHK,52.5147,13.4054
11053,AKS - Arbeitskreis Kultursponsoring,52.5147,13.4054
11054,Bundesvereinigung der Deutschen Arbeitgeberverbände,52.5147,13.4054
11055,Bundesministerium für Gesundheit,52.5418,13.4144
11056,Vertretung des Landes Sachsen-Anhalt beim Bund Dienststelle Berlin,52.5133,13.3788
11501,"Berlin, Stadt",52.5055,13.4473
11503,"Berlin, Stadt",52.4955,13.4840
11504,"Berlin, Stadt",52.4955,13.4840
11505,"Berlin, Stadt",52.4672,13.3721
11506,GEMA - Bezirksdirektion,52.5044,13.3460
11507,"Berlin, Stadt",52.4716,13.3660
11508,"Berlin, Stadt",52.4672,13.3726
11509,"Berlin, Stadt",52.5077,13.4041
11510,"Berlin, Stadt",52.5068,13.4381
11511,"Berlin, Stadt",52.4765,13.3639
11512,Stuttgart,48.7709,9.1789
11513,Bundesamt für die Sicherheit der nuklearen Entsorgung,52.5151,13.3348
11515,"Berlin, Stadt",52.4341,13.5360
11516,"Berlin, Stadt",52.5025,13.4070
12028,Jobcenter Neukölln,52.4790,13.4279
12032,Senatsverwaltung für Finanzen Steuerabteilung,52.5153,13.4125
12037,Finanzamt Neukölln Nord,52.4739,13.4575
12038,Amtsgericht Neukölln,52.4820,13.4339
12039,Agentur für Arbeit Berlin Süd,52.4698,13.4648
12040,Bezirksamt Neukölln,52.4813,13.4350
12043,Berlin,52.4799,13.4371
12045,Berlin,52.4855,13.4392
12047,Berlin,52.4905,13.4285
12049,Berlin,52.4764,13.4220
12051,Berlin,52.4669,13.4298
12053,Berlin,52.4768,13.4325
12055,Berlin,52.4712,13.4486
12057,Berlin,52.4684,13.4633
12059,Berlin,52.4809,13.4513
12095,"Berlin, Stadt",52.4007,13.3819
12096,Der Polizeipräsident in Berlin,52.4583,13.3894
12099,Berlin,52.4644,13.4023
12101,Berlin,52.4785,13.3791
12103,Berlin,52.4641,13.3747
12105,Berlin,52.4492,13.3714
12107,Berlin,52.4312,13.3917
12109,Berlin,52.4465,13.3993
12154,Finanzamt Steglitz,52.4616,13.3241
12157,Berlin,52.4653,13.3462
12159,Berlin,52.4737,13.3369
12161,Berlin,52.4704,13.3270
12163,Berlin,52.4626,13.3185
12165,Berlin,52.4557,13.3148
12167,Berlin,52.4486,13.3338
12169,Berlin,52.4548,13.3435
12200,FU Berlin Fachbereich Humanmedizin Universitätsklinikum Benjamin Franklin,52.4327,13.3032
12203,Berlin,52.4444,13.3096
12205,Berlin,52.4340,13.2945
12207,Berlin,52.4199,13.3133
12209,Berlin,52.4179,13.3291
12247,Berlin,52.4395,13.3462
12249,Berlin,52.4264,13.3518
12274,"Berlin, Stadt",52.4116,13.3830
12277,Berlin,52.4134,13.3750
12279,Berlin,52.4106,13.3531
12305,Berlin,52.4033,13.4021
12307,Berlin,52.3886,13.3907
12309,Berlin,52.3905,13.4171
12345,Steuerberater Gerhard Baade,52.4425,13.4385
12347,Berlin,52.4509,13.4281
12349,Berlin,52.4253,13.4221
12351,Berlin,52.4328,13.4555
12353,Berlin,52.4227,13.4589
12355,Berlin,52.4110,13.4978
12357,Berlin,52.4293,13.4905
12359,Berlin,52.4473,13.4531
12435,Berlin,52.4866,13.4672
12437,Berlin,52.4624,13.4817
12439,Berlin,52.4528,13.5286
12459,Berlin,52.4656,13.5280
12485,"Berlin, Stadt",52.4336,13.5569
12487,Berlin,52.4437,13.5052
12489,Berlin,52.4356,13.5432
12521,Dahme-Spreewald,52.3898,13.5180
12524,Berlin,52.4128,13.5417
12526,Berlin,52.3976,13.5642
12527,Berlin,52.3856,13.6339
12529,Schönefeld,52.4528,13.4519
12552,DRK Kliniken Köpenick,52.4454,13.5936
12555,Berlin,52.4627,13.5791
12557,Berlin,52.4303,13.5920
12559,Berlin,52.4149,13.6634
12587,Berlin,52.4586,13.6362
12589,Berlin,52.4438,13.7034
12616,Krankenhaus Kaulsdorf,52.5202,13.6052
12619,Berlin,52.5235,13.5883
12621,Berlin,52.5027,13.5878
12623,Berlin,52.5026,13.6165
12627,Berlin,52.5372,13.6135
12629,Berlin,52.5413,13.5901
12670,"Berlin, Stadt",52.5533,13.5429
12671,Bezirksamt Marzahn von Berlin,52.5275,13.5400
12677,Gewerbepark,52.5396,13.5525
12678,Offenbach,49.9966,8.6564
12679,Berlin,52.5501,13.5660
12681,Berlin,52.5369,13.5367
12683,Berlin,52.5075,13.5591
12685,Berlin,52.5391,13.5650
12687,Berlin,52.5564,13.5645
12689,Berlin,52.5665,13.5675
12712,Dahme-Spreewald,52.3860,13.4895
13047,Bezirksamt Hohenschönhausen von Berlin,52.5496,13.4561
13048,KSA Kommunaler Schadenausgleich,52.5460,13.5011
13051,Berlin,52.5815,13.4908
13053,Berlin,52.5500,13.5046
13055,Berlin,52.5401,13.4960
13057,Berlin,52.5711,13.5415
13059,Berlin,52.5809,13.5217
13086,Berlin,52.5565,13.4482
13088,Berlin,52.5603,13.4708
13089,Berlin,52.5707,13.4410
13122,HELIOS Klinikum Buch,52.6294,13.5063
13125,Berlin,52.6329,13.4829
13127,Berlin,52.6200,13.4380
13129,Berlin,52.5921,13.4579
13156,Berlin,52.5824,13.3997
13158,Berlin,52.5932,13.3835
13159,Berlin,52.6230,13.3978
13187,Berlin,52.5695,13.4084
13189,Berlin,52.5643,13.4219
13340,"Berlin, Stadt",52.5577,13.3724
13341,Bezirksamt Mitte von Berlin,52.5270,13.3385
13342,"Berlin, Stadt",52.5418,13.3667
13343,Zentrales Mahngericht,52.5497,13.3752
13344,Beuth Hochschule für Technik Berlin,52.5384,13.3401
13347,Berlin,52.5491,13.3655
13349,Berlin,52.5580,13.3473
13351,Berlin,52.5507,13.3328
13353,Berlin,52.5416,13.3495
13355,Berlin,52.5416,13.3904
13357,Berlin,52.5502,13.3828
13359,Berlin,52.5599,13.3851
13400,Bundesarchiv,52.5864,13.3234
13403,Berlin,52.5739,13.3224
13405,Berlin,52.5596,13.2967
13407,Berlin,52.5727,13.3512
13409,Berlin,52.5679,13.3714
13435,Berlin,52.6020,13.3456
13437,Berlin,52.5905,13.3284
13439,Berlin,52.5976,13.3584
13465,Berlin,52.6399,13.2896
13467,Berlin,52.6171,13.3075
13469,Berlin,52.6119,13.3422
13496,"Berlin, Stadt",52.5784,13.2943
13497,"Berlin, Stadt",52.5784,13.2943
13498,"Berlin, Stadt",52.5319,13.3899
13499,"Berlin, Stadt",52.5761,13.2953
13500,DeTeCSM Niederlassung Ost IT-Center Berlin,52.5835,13.2923
13503,Berlin,52.6122,13.2488
13505,Berlin,52.5839,13.2404
13507,Berlin,52.5765,13.2717
13509,Berlin,52.5892,13.3006
13565,"Berlin, Stadt",52.5641,13.2202
13578,Dr. Mann Pharma,52.5341,13.1939
13581,Berlin,52.5310,13.1794
13583,Berlin,52.5437,13.1824
13585,Berlin,52.5477,13.2049
13587,Berlin,52.5767,13.1854
13589,Berlin,52.5570,13.1676
13591,Berlin,52.5345,13.1405
13593,Berlin,52.5148,13.1672
13595,Berlin,52.5116,13.1962
13597,Berlin,52.5272,13.2195
13599,Berlin,52.5463,13.2350
13619,"Berlin, Stadt",52.5391,13.2182
13622,"Berlin, Stadt",52.5355,13.2745
13623,"Berlin, Stadt",52.5375,13.2622
13624,Siemens Business Services Document Services,52.5374,13.2636
13625,"Berlin, Stadt",52.5416,13.2843
13627,Berlin,52.5398,13.2991
13629,Berlin,52.5422,13.2661
13660,Oberhavel,52.6203,13.2079
14045,Agentur für Arbeit Berlin Nord,52.5162,13.2804
14046,"RBB, ARD Textredaktion",52.5072,13.2780
14047,Deutsche Rentenversicherung Berlin,52.5132,13.2822
14050,Berlin,52.5208,13.2683
14052,Berlin,52.5156,13.2569
14053,Berlin,52.5159,13.2387
14055,Berlin,52.5020,13.2447
14057,Berlin,52.5073,13.2879
14059,Berlin,52.5205,13.2878
14089,Berlin,52.4708,13.1516
14107,"Berlin, Stadt",52.4112,13.1298
14109,Berlin,52.4197,13.1440
14129,Berlin,52.4463,13.2026
14131,Berlin,52.5170,13.4000
14160,Bezirksamt Steglitz-Zehlendorf von Berlin,52.4208,13.2662
14163,Berlin,52.4368,13.2385
14165,Berlin,52.4175,13.2536
14167,Berlin,52.4212,13.2765
14169,Berlin,52.4496,13.2573
14191,Deutsches Archäologisches Institut,52.4725,13.2990
14193,Berlin,52.4831,13.2365
14195,Berlin,52.4589,13.2829
14197,Berlin,52.4734,13.3118
14199,Berlin,52.4777,13.2951
14322,AOK Nordost Die Gesundheitskasse,52.4008,13.2515
14328,"Berlin, Stadt",52.4742,13.3021
14329,Potsdam-Mittelmark,52.4001,13.2468
14424,Max-Planck-Institut,52.4154,12.9687
14425,Kreisfreie Stadt Potsdam,52.3923,13.0827
14456,AOK Nordost Die Gesundheitskasse,52.4008,13.2515
14457,"Berlin, Stadt",52.5072,13.3785
14458,Ostdeutsche Sparkassenakademie,52.3748,13.0137
14459,Mittelbrandenburgische Sparkasse in Potsdam,52.3624,13.0948
14461,Stadtverwaltung Potsdam,52.4031,13.0625
14462,Agentur für Arbeit Potsdam,52.3805,13.0866
14463,Kreisfreie Stadt Potsdam,52.3748,13.0137
14464,Zalando Lounge,52.3771,13.3063
14465,Familienkasse Berlin-Brandenburg,52.3882,13.0784
14467,Potsdam,52.4030,13.0626
14469,Potsdam,52.4091,12.9899
14471,Potsdam,52.3744,13.0102
14473,Potsdam,52.3908,13.0645
14476,Uetz-Paaren,52.4582,12.9938
14478,Potsdam,52.3725,13.0914
14480,Potsdam,52.3689,13.1273
14482,Potsdam,52.3871,13.0993
14510,AOK für das Land Brandenburg,52.4013,13.2436
14513,Teltow,52.4031,13.2601
14532,Philippsthal,52.3518,13.1821
14542,Werder (Havel),52.3449,12.8512
14547,Beelitz,52.2416,13.0253
14548,Schwielowsee,52.3389,12.9722
14550,Groß Kreutz,52.4173,12.7973
14552,Tremsdorf,52.2906,13.0824
14554,Seddiner See,52.2722,13.0167
14557,Langerwisch,52.3242,13.0645
14558,Bergholz-Rehbrücke,52.3472,13.1053
14612,Falkensee,52.5601,13.0927
14621,Schönwalde,52.6192,13.1265
14624,Dallgow-Döberitz,52.5427,13.0584
14627,Elstal,52.5425,12.9879
14641,Wachow,52.6173,12.8436
14655,Havelland,52.6038,12.9745
14656,Brieselang,52.5833,13.0000
14662,Friesack,52.7110,12.6149
14669,Ketzin,52.4809,12.8149
14710,Landkreis Havelland Haupt und Personalamt,52.6048,12.3491
14712,Rathenow,52.6066,12.3370
14715,Kotzen,52.5855,12.4367
14727,Premnitz,52.5270,12.3583
14728,Gollenberg,52.7323,12.3747
14765,Landesjustizkasse bei dem Brandenburgischen Oberlandesgericht,52.4118,12.5408
14767,Stadt Brandenburg a.d.H. Hauptpersonal- und Bürgeramt Zentrale Dienste,52.4092,12.5442
14770,Brandenburg an der Havel,52.4189,12.5228
14772,Brandenburg an der Havel,52.4358,12.5297
14774,Brandenburg an der Havel,52.3864,12.4144
14776,Brandenburg an der Havel,52.4043,12.5680
14778,Wust,52.3595,12.6163
14789,Wusterwitz,52.3709,12.3588
14793,Rottstock,52.2265,12.3637
14797,Kloster Lehnin,52.3271,12.6625
14798,Havelsee,52.4929,12.4667
14806,Schwanebeck,52.1413,12.6059
14822,Linthe,52.2059,12.7861
14823,Niemegk,52.0686,12.6805
14827,Wiesenburg,52.1146,12.4553
14828,Görzke,52.1718,12.3751
14913,Wahlsdorf,51.9442,13.2320
14929,Treuenbrietzen,52.0975,12.8726
14943,Luckenwalde,52.1442,13.1426
14947,Nuthe-Urstromtal,52.1116,13.2152
14959,Schönhagen,52.2149,13.1857
14974,Ludwigsfelde,52.2779,13.2468
14979,Großbeeren,52.3586,13.3099
14980,Zalando Lounge,52.3771,13.3063
15220,Agentur für Arbeit Frankfurt (Oder),52.3298,14.5328
15224,Frankfurt (Oder),52.2914,14.4697
15227,Bundesverwaltungsamt,52.5590,13.4410
15228,Deutsche Rentenversicherung Berlin-Brandenburg,52.3112,14.4859
15229,Landesversicherungsanstalt Brandenburg,52.3399,14.5407
15230,Frankfurt (Oder),52.3475,14.5539
15232,Frankfurt (Oder),52.3241,14.5325
15234,Frankfurt (Oder),52.3646,14.5244
15236,Jacobsdorf Jacobsdorf,52.3573,14.4049
15295,Ziltendorf,52.2363,14.5797
15299,Müllrose,52.1776,14.4084
15306,Lindendorf Neu Mahlisch,52.5072,14.3652
15320,Sietzing,52.6375,14.2470
15324,Groß Neuendorf,52.6827,14.3556
15326,Zeschdorf,52.4334,14.4602
15328,Reitwein,52.5678,14.5286
15344,Strausberg,52.5786,13.8874
15345,Lichtenow,52.5775,13.9627
15366,Neuenhagen bei Berlin,52.5382,13.7813
15370,Fredersdorf-Vogelsdorf,52.5125,13.7667
15372,Müncheberg,52.5000,14.1333
15374,Müncheberg,52.5114,14.1359
15377,Oberbarnim,52.5976,14.0785
15378,Hennickendorf,52.4947,13.8521
15515,"Amtsgericht Fürstenwalde, Spree",52.3618,14.0651
15517,Fürstenwalde/Spree,52.3824,14.0517
15518,Madlitz-Wilmersdorf,52.3937,14.1598
15526,Bad Saarow Petersdorf,52.2765,14.0562
15528,Spreenhagen Braunsdorf,52.3619,13.8935
15537,Gosen,52.4187,13.8276
15559,Dienstleistungszentrum der Cemex,52.4859,13.8247
15562,Rüdersdorf bei Berlin,52.4707,13.7736
15566,Schöneiche bei Berlin,52.4598,13.7054
15569,Woltersdorf,52.4460,13.7560
15711,Schenkendorf,52.2860,13.6218
15712,Senzig,52.2967,13.7048
15713,Wernsdorf,52.3431,13.6767
15732,Eichwalde,52.3624,13.5905
15738,Zeuthen,52.3480,13.6217
15741,Motzen,52.2273,13.6471
15745,Wildau,52.3167,13.6333
15746,Groß Köris,52.1659,13.6594
15748,Münchehofe,52.1285,13.7998
15749,Ragow,52.2980,13.5407
15752,Streganz,52.2234,13.8044
15754,Dolgenbrodt,52.2737,13.7741
15755,Teupitz,52.1504,13.6100
15757,Löpten,52.0920,13.7039
15806,Mellensee,52.2179,13.4188
15827,Dahlewitz,52.3291,13.4261
15831,Groß Kienitz,52.3533,13.4514
15834,Rangsdorf,52.2913,13.4195
15837,Baruth/Mark,52.0500,13.5000
15838,Kummersdorf-Gut,52.1407,13.4048
15848,Tauche Tauche,52.1516,14.2196
15859,Storkow (Mark) Schwerin,52.2276,13.8948
15864,Diensdorf-Radlow,52.2204,14.0759
15868,Doberburg,52.0296,14.3467
15887,Oder-Spree,52.1650,14.6060
15888,Oder-Spree,52.1620,14.6276
15890,Eisenhüttenstadt Fürstenberg,52.1615,14.5600
15898,Neuzelle Neuzelle,52.0625,14.6392
15907,Lübben (Spreewald),51.9455,13.8852
15910,Schlepzig,52.0582,13.9206
15913,Sacrow-Waldow,51.9719,14.1002
15926,Heideblick Wüstermarke,51.8409,13.6966
15936,Dahme/Mark,51.9228,13.4681
15938,Steinreich Sellendorf,51.9461,13.5839
16222,Agentur für Arbeit Eberswalde,52.8360,13.8078
16225,Eberswalde,52.8342,13.8218
16227,Eberswalde,52.8333,13.8333
16230,Melchow,52.8124,13.7855
16244,Altenhof,52.8865,13.7355
16247,Ziethen,52.9826,13.8011
16248,Bölkendorf,52.8833,14.0211
16259,Neulewin,52.7652,14.0420
16269,Bliesdorf,52.6912,14.1394
16278,Stolpe/Oder,53.0490,14.0055
16303,Schwedt/Oder,53.0660,14.2711
16306,Woltersdorf,53.1757,14.2057
16307,Neurochlitz,53.2624,14.3679
16321,Lobetal,52.6870,13.5969
16341,Schwanebeck,52.6380,13.5425
16348,Klosterfelde,52.8159,13.5156
16352,Schönerlinde,52.6815,13.4412
16356,Seefeld,52.6332,13.6630
16359,Biesenthal,52.7635,13.6047
16515,Schmachtenhagen,52.7891,13.3107
16540,Stolpe,52.6686,13.2685
16547,Birkenwerder,52.6833,13.2833
16548,Glienicke/Nordbahn,52.6351,13.3075
16552,Schildow,52.6363,13.3760
16556,Borgsdorf,52.7129,13.2767
16559,Hammer,52.8760,13.4295
16562,Bergfelde,52.6729,13.3186
16565,Lehnitz,52.7405,13.2627
16567,Mühlenbeck,52.6601,13.3575
16727,Velten,52.6374,13.2460
16759,Oberhavel,52.6328,13.2105
16761,Hennigsdorf,52.6360,13.2042
16766,Oberkrämer,52.6728,13.1710
16767,Germendorf,52.7366,13.1815
16775,Zabelsdorf,53.0291,13.2161
16792,Wesendorf,52.9868,13.3966
16798,Altthymen,53.1888,13.1725
16814,Agentur für Arbeit Neuruppin,52.8895,12.8098
16816,Neuruppin,52.9282,12.8031
16818,Walsleben,52.9219,12.7724
16827,Alt Ruppin,52.9483,12.8480
16831,Rheinsberg Schwanow,53.1055,12.8925
16833,Fehrbellin Karwesee,52.7857,12.7732
16835,Rheinsberg Dierberg,52.9540,12.9904
16837,Wittstock/Dosse Zempow,53.1556,12.7806
16845,Temnitztal Garz,52.8618,12.4749
16866,Vehlin,52.9828,12.2617
16868,Wusterhausen (Dosse),52.8833,12.4667
16909,Wittstock/Dosse Dossow,53.1518,12.4802
16918,Wittstock/Dosse Freyenstein,53.2833,12.3500
16921,Alt Krüssow,53.1500,12.2667
16928,Lindenberg,53.1163,12.1849
16945,Meyenburg,53.2771,12.2010
16949,Putlitz,53.2328,12.0709
17030,Deutsche Rentenversicherung,53.5193,13.2584
17033,Neubrandenburg,53.5476,13.2555
17034,Neubrandenburg,53.5761,13.2797
17036,Neubrandenburg,53.5537,13.2969
17039,Trollenhagen,53.6091,13.3074
17049,Mecklenburgische Seenplatte,53.5752,13.2134
17050,Agentur für Arbeit Neubrandenburg,53.5686,13.2678
17087,Altentreptow,53.6942,13.2650
17089,Gültz,53.7571,13.2958
17091,Wildberg,53.6752,13.1147
17094,Lindetal,53.4836,13.3409
17098,Friedland,53.6703,13.5540
17099,Eichhorst,53.6319,13.4888
17109,Demmin,53.9076,13.0314
17111,Lindenberg,53.8550,13.0348
17121,Loitz,53.9883,13.1674
17126,Jarmen,53.9239,13.3403
17129,Plötz,53.8844,13.2683
17139,Remplin,53.7053,12.7482
17153,Briggow,53.6677,12.9168
17154,Neukalen,53.8227,12.7901
17159,Wagun,53.9148,12.8517
17166,Dalkendorf,53.7452,12.5641
17168,Thürkow,53.8677,12.5704
17179,Altkalen,53.9635,12.6823
17192,Torgelow am See,53.5469,12.7743
17194,Hohen Wangelin,53.6017,12.5644
17207,Groß Kelle,53.3762,12.5914
17209,Satow,53.3459,12.4843
17213,Adamshoffnung,53.4500,12.4455
17214,Alt Schwerin,53.5221,12.4035
17217,Lapitz,53.5174,13.0848
17219,Groß Flotow,53.5208,12.9711
17235,Neustrelitz,53.3613,13.0729
17237,Blankensee,53.3738,13.1667
17240,"Berlin, Stadt",52.5055,13.4473
17248,Rechlin,53.3143,12.7360
17252,Schwarz,53.2595,12.8296
17255,Wustrow,53.2422,12.9919
17258,Feldberger Seenlandschaft,53.3391,13.4188
17259,Feldberger Seenlandschaft,53.3391,13.4188
17268,Storkow,53.1183,13.5610
17279,Lychen,53.2124,13.3148
17291,Grünow,53.3132,13.9322
17305,Vorpommern-Greifswald,53.5081,14.0221
17306,Vorpommern-Greifswald,53.5081,14.0221
17308,Vorpommern-Greifswald,53.5081,14.0221
17309,Brietzig,53.5029,14.0094
17321,Ramin,53.4795,14.2306
17322,Pampow,53.4615,14.2743
17326,Brüssow,53.3997,14.1253
17328,Penkun,53.3060,14.2267
17329,Krackow,53.3379,14.3073
17335,Strasburg,53.5103,13.7451
17337,Uckerland,53.5419,13.7887
17348,Neu Käbelich,53.4824,13.5479
17349,Schönbeck,53.5350,13.5502
17358,Torgelow-Holländerei,53.6367,14.0095
17367,Eggesin,53.6797,14.0799
17373,Ueckermünde,53.7379,14.0447
17375,Meiersberg,53.7202,14.0894
17379,Heinrichsruh,53.6698,13.8459
17389,Anklam,53.8564,13.6897
17390,Schmatzin,53.9132,13.6530
17391,Postlow,53.8416,13.4702
17392,Boldekow,53.7717,13.5891
17398,Bargischow,53.7680,13.7521
17406,Usedom,53.9031,13.9553
17419,Korswandt,53.8975,14.1571
17424,Heringsdorf,53.9500,14.1667
17429,Benz,53.9476,14.0676
17438,Wolgast,54.0528,13.7720
17440,Kröslin,54.0117,13.7899
17449,Karlshagen,54.1023,13.8252
17454,Zinnowitz,54.0667,13.9000
17459,Zempin,54.0379,14.0033
17474,Agentur für Arbeit,54.0735,13.3843
17475,Universitätsklinikum der E.-M.-A.-UNI Anstalt des öffentlichen Rechts,54.0931,13.3994
17489,Greifswald,54.0881,13.3876
17491,Greifswald,54.0830,13.4058
17493,Greifswald,54.0902,13.4464
17495,Züssow,53.9892,13.5658
17498,Levenhagen,54.0647,13.3583
17506,Kammin,53.9482,13.4258
17509,Wusterhusen,54.0888,13.5991
18048,Agentur für Arbeit Rostock,54.0870,12.0851
18050,Hansestadt Rostock -Stadtverwaltung-,54.0886,12.1408
18051,Universität Rostock,54.0867,12.1357
18052,HUK-Coburg,54.0913,12.1155
18053,Rostock,54.0920,12.1083
18055,Rostock,54.0865,12.1544
18057,Rostock,54.0872,12.1062
18059,Rostock,54.0285,12.0976
18060,Rostock,54.0790,12.2200
18069,Lambrechtshagen,54.1052,12.0426
18101,Rostock,54.0790,12.2200
18106,Rostock,54.0833,12.1333
18107,Rostock,54.1509,12.0246
18109,Rostock,54.1471,12.0689
18119,Rostock,54.0833,12.1333
18146,Rostock,54.1282,12.1761
18147,Rostock,54.1243,12.1243
18181,Seeheilbad Graal-Müritz,54.2512,12.2514
18182,Rövershagen,54.1699,12.2763
18184,Roggentin,54.1113,12.2428
18190,Sanitz,54.0776,12.3756
18195,Stubbendorf,54.0371,12.5148
18196,Kavelstorf,54.0179,12.2167
18198,Kritzmow,54.0468,12.0383
18209,Reddelich,54.1009,11.8678
18211,Retschow,54.1197,11.9388
18225,Kühlungsborn,54.1500,11.7500
18230,Biendorf,54.0987,11.7010
18231,Neubukow,54.0319,11.6725
18233,Ravensberg,54.0108,11.6844
18236,Schmadebeck,54.0462,11.8043
18239,Bölkow,54.0068,11.9223
18246,Jürgenshagen,53.8643,11.9473
18249,Tarnow,53.8343,11.9362
18258,Vorbeck,53.9303,12.1013
18271,Finanzamt Güstrow,53.7976,12.1805
18273,Güstrow,53.7972,12.1734
18276,Recknitz,53.7843,12.1481
18279,Langhagen,53.7657,12.3941
18292,Bellin,53.6674,12.2951
18299,Wardow,53.9080,12.3259
18311,Ribnitz-Damgarten,54.2422,12.4567
18314,Bartelshagen II,54.3133,12.6735
18317,Saal,54.3105,12.4994
18320,Dettmannsdorf,54.2086,12.6003
18334,Breesen,54.1108,12.6739
18337,Marlow,54.1544,12.5726
18347,Ahrenshoop,54.3436,12.3995
18356,Fuhlendorf,54.3675,12.6671
18374,Zingst,54.4357,12.6888
18375,Prerow,54.4231,12.5704
18431,Deutsche Rentenversicherung Bund,54.3380,13.0674
18432,Agentur für Arbeit Stralsund,54.3080,13.0688
18435,Stralsund,54.3272,13.0642
18437,Stralsund,54.3041,13.0460
18439,Stralsund,54.3024,13.0928
18442,Wendorf,54.2871,12.9453
18445,Altenpleen,54.3699,12.9976
18461,Richtenberg,54.1920,12.8543
18465,Tribsees,54.1285,12.7701
18469,Karnin,54.2870,12.8007
18507,Grimmen,54.1122,13.0405
18510,Papenhagen,54.1898,13.0739
18513,Wendisch Baggendorf,54.0605,12.8962
18516,Süderholz,54.0762,13.1333
18519,Reinberg,54.1885,13.2139
18528,Bergen auf Rügen,54.4489,13.4416
18546,Sassnitz,54.5127,13.6200
18551,Glowe,54.5593,13.5434
18556,Putgarten,54.6352,13.3283
18565,Insel Hiddensee,54.5490,13.1036
18569,Kluis,54.4918,13.2545
18573,Altefähr,54.3609,13.2295
18574,Karnitz,54.3066,13.3121
18581,Putbus,54.3551,13.4763
18586,Gager,54.3352,13.6921
18609,Binz,54.3833,13.6167
19020,Agentur für Arbeit Schwerin,53.6592,11.3602
19048,Ministerium für Landwirtschaft und Naturschutz M V,53.6276,11.4127
19049,Klinikum Schwerin,53.6512,11.4067
19050,Kreisfreie Stadt Schwerin,53.6062,11.4254
19051,Techniker Krankenkasse Servicezentrum Unfälle,53.6312,11.4097
19053,Schwerin,53.6313,11.4092
19055,Schwerin,53.6441,11.4103
19057,Schwerin,53.6382,11.3766
19059,Schwerin,53.6410,11.3905
19061,Schwerin,53.5992,11.4040
19063,Schwerin,53.6007,11.4433
19065,Godern,53.6143,11.5405
19067,Cambs,53.7008,11.5295
19069,Pingelshagen,53.7172,11.3705
19071,Cramonshagen,53.6855,11.2664
19073,Wittenförden,53.5846,11.2788
19075,Holthusen,53.5470,11.3386
19077,Sülstorf,53.4830,11.4261
19079,Sukow,53.5123,11.5280
19085,Ludwigslust-Parchim,53.5547,11.5029
19086,Plate,53.5515,11.5093
19089,Crivitz,53.5717,11.6854
19101,Kreisfreie Stadt Schwerin,53.5675,11.3752
19205,Gadebusch,53.6855,11.1096
19209,Perlin,53.6212,11.1743
19217,Demern,53.7603,10.9674
19230,Bandenitz,53.4146,11.2253
19243,Dreilützow,53.5274,11.0712
19246,Lüttow,53.5363,10.9363
19249,Gößlow,53.3064,11.0806
19258,Neu Gülze,53.4146,10.7825
19260,Banzin,53.4151,10.9327
19273,Teldau,53.3364,10.9322
19288,Göhlen,53.3449,11.4184
19294,Malk Göhren Göhren,53.2201,11.3824
19300,Balow,53.2567,11.6369
19303,Vielank,53.1789,11.2207
19306,Neustadt-Glewe,53.3746,11.6413
19309,Wootz,53.0968,11.4594
19322,Rühstädt,52.9976,11.7823
19334,KMG Kliniken PLC,52.9604,11.9510
19336,Legde/Quitzöbel,52.9692,12.0025
19339,Glöwen,52.9153,12.1310
19348,Pirow,53.1326,11.9253
19357,Boberow,53.1774,11.6746
19367,Ludwigslust-Parchim,53.4285,11.8308
19370,Parchim,53.4263,11.8488
19372,Groß Godems,53.3717,11.8012
19374,Groß Niendorf,53.5197,11.7996
19376,Marnitz,53.3417,11.9332
19386,Kritzow,53.4548,12.0579
19395,Karow,53.4317,12.2300
19399,Wendisch Waren,53.5793,12.0773
19406,Groß Görnow,53.6891,11.8863
19412,Brüel,53.7330,11.6826
19417,Warin,53.7911,11.6610
20038,Hamburg,53.5544,9.9946
20066,AdvoCard Rechtschutzversicherung Aktiengesellschaft,53.6012,10.0265
20067,"Hamburg, Freie und Hansestadt",53.5484,10.0028
20068,"Hamburg, Freie und Hansestadt",53.5462,10.0262
20069,Familienkasse Nord,53.5519,10.0175
20070,Agentur für Arbeit Hamburg,53.5519,10.0175
20071,"Hamburg, Freie und Hansestadt",53.6012,10.0265
20072,"Hamburg, Freie und Hansestadt",53.5455,10.0263
20073,"Hamburg, Freie und Hansestadt",53.5334,9.9793
20074,"Hamburg, Freie und Hansestadt",53.5512,10.0138
20076,"Hamburg, Freie und Hansestadt",53.6012,10.0265
20077,Heinrich Bauer Verlagsgruppe,53.5484,10.0028
20079,Kravag,53.5502,10.0032
20080,DPV Deutscher Pressevertrieb,53.5425,9.9845
20081,"Hamburg, Freie und Hansestadt",53.5452,10.0214
20083,Kreisfreie Stadt München,48.1050,11.6394
20084,"Hamburg, Freie und Hansestadt",53.6012,10.0265
20085,"Hamburg, Freie und Hansestadt",53.5558,10.0167
20086,"Hamburg, Freie und Hansestadt",53.5484,10.0028
20087,"Hamburg, Freie und Hansestadt",53.5966,10.0614
20088,Otto Versand,53.6058,10.0786
20090,HUK - Coburg,53.5470,10.0203
20091,Mobil Krankenkasse,53.5494,10.0086
20092,"Hamburg, Freie und Hansestadt",53.5585,10.0222
20095,Hamburg,53.5494,10.0059
20097,Hamburg Sankt Georg,53.5488,10.0196
20099,Hamburg Hamburg-Altstadt,53.5533,10.0068
20139,Brown-Forman Beverages Europe Ltd.,53.5699,9.9922
20140,GEZ,53.5757,9.9907
20144,Hamburg,53.5750,9.9754
20146,Hamburg Rotherbaum,53.5708,9.9840
20148,Hamburg Harvestehude,53.5711,9.9899
20149,Hamburg Rotherbaum,53.5750,9.9883
20242,Verlagsgruppe Milchstraße,53.5640,9.9951
20243,Bezirksamt Hamburg-Nord,53.5887,9.9742
20244,Seniorenzentrum St. Markus Hoheluft,53.5899,9.9741
20245,"Hamburg, Freie und Hansestadt",53.5794,9.9599
20246,Universitätsklinikum Hamburg-Eppendorf,53.5902,9.9785
20247,"Hamburg, Freie und Hansestadt",53.5585,9.9092
20249,Hamburg,53.5866,9.9902
20251,Hamburg Alsterdorf,53.5914,9.9892
20253,Hamburg Lokstedt,53.5829,9.9690
20255,Hamburg,53.5849,9.9527
20257,Hamburg Eimsbüttel,53.5697,9.9465
20259,Hamburg Eimsbüttel,53.5718,9.9516
20346,"Hamburg, Freie und Hansestadt",53.5549,9.9840
20347,Berufsgenossenschaft für Gesundheitsdienst und Wohlfahrtspflege,53.5577,9.9825
20348,Landgericht Hamburg,53.5563,9.9769
20350,WELTN24,53.5522,9.9876
20351,SIGNAL IDUNA Gruppe,53.5613,9.9938
20354,Hamburg,53.5568,9.9811
20355,Hamburg Neustadt,53.5525,9.9765
20357,Hamburg,53.5615,9.9588
20359,Hamburg Altona-Altstadt,53.5506,9.9627
20444,"Hamburg, Freie und Hansestadt",53.5453,9.9796
20445,"Hamburg, Freie und Hansestadt",53.5486,9.9900
20446,Körber-Stiftung,53.5434,9.9838
20449,Deutscher Ring Krankenversicherungsverein a.G,53.5613,9.9938
20450,"Hamburg, Freie und Hansestadt",53.5422,10.0018
20451,"Hamburg, Freie und Hansestadt",53.5735,10.0147
20452,"Hamburg, Freie und Hansestadt",53.5485,9.9846
20453,Statistisches Amt für Hamburg und Schleswig-Holstein,53.5457,9.9930
20454,Commerzbank Hamburg Aktiengesellschaft,53.5462,10.0075
20457,Hamburg Neustadt,53.5402,9.9864
20459,Hamburg Sankt Pauli,53.5491,9.9822
20531,Landeskrankenhilfe,53.5461,10.0502
20533,"Hamburg, Freie und Hansestadt",53.5507,10.0340
20535,Hamburg Borgfelde,53.5584,10.0443
20537,Hamburg Hamm-Süd,53.5508,10.0448
20539,Hamburg Rothenburgsort,53.5260,10.0200
20901,Techniker Krankenkasse,53.5826,10.0454
20903,Techniker Krankenkasse,53.5826,10.0454
20911,"Hamburg, Freie und Hansestadt",53.5597,9.9923
20912,Techniker Krankenkasse,53.5826,10.0454
20913,Techniker Krankenkasse,53.5826,10.0454
20914,Techniker Krankenkasse,53.5826,10.0454
20915,Techniker Krankenkasse,53.5826,10.0454
21027,Bezirksamt Bergedorf,53.4916,10.1761
21029,Hamburg,53.4631,10.2377
21031,Hamburg Bergedorf,53.5001,10.2097
21033,Hamburg,53.5017,10.1756
21035,Hamburg Allermöhe,53.4911,10.1555
21037,Hamburg,53.4654,10.1422
21039,Hamburg,53.4573,10.2572
21071,Freie und Hansestadt Hamburg Bezirksamt Harburg,53.4622,9.9787
21073,Hamburg Harburg,53.4555,9.9662
21075,Hamburg Hausbruch,53.4606,9.9395
21077,Hamburg,53.4354,9.9739
21079,Hamburg Langenbek,53.4538,9.9813
21105,"Hamburg, Freie und Hansestadt",53.4996,9.9845
21107,Hamburg Steinwerder,53.5157,9.9862
21109,Hamburg Wilhelmsburg,53.5089,10.0181
21129,Hamburg Neuenfelde,53.5172,9.8719
21147,Hamburg,53.4772,9.8634
21149,Hamburg Neugraben-Fischbek,53.4667,9.8670
21170,"Hamburg, Freie und Hansestadt",53.4824,9.9037
21172,Harburg,53.3273,10.2036
21175,"Hamburg, Freie und Hansestadt",53.4810,10.2055
21217,Seevetal,53.4193,10.0211
21218,Seevetal,53.4000,9.9667
21220,Seevetal,53.3661,10.0480
21224,Rosengarten,53.4065,9.9256
21227,Bendestorf,53.3358,9.9615
21228,Harmstorf,53.3500,9.9833
21244,Buchholz in der Nordheide,53.3264,9.8681
21255,Kakenstorf,53.2759,9.7085
21256,Handeloh,53.2456,9.8392
21258,Heidenau,53.3167,9.6667
21259,Otter,53.2402,9.7425
21261,Welle,53.2398,9.8018
21266,Jesteburg,53.3097,9.9526
21271,Asendorf,53.2797,9.9979
21272,Egestorf,53.1930,10.0630
21274,Undeloh,53.1971,9.9757
21279,Wenzendorf,53.3593,9.7480
21332,Stadt Lüneburg,53.2469,10.4045
21333,Agentur für Arbeit Lüneburg,53.2453,10.4072
21335,Lüneburg,53.2329,10.4078
21337,Lüneburg,53.2558,10.4398
21339,Lüneburg,53.2604,10.3968
21354,Bleckede,53.2897,10.7337
21357,Bardowick,53.3256,10.3905
21358,Mechtersen,53.2833,10.3167
21360,Vögelsen,53.2745,10.3537
21365,Adendorf,53.2819,10.4379
21368,Boitze,53.1792,10.7455
21369,Nahrendorf,53.1739,10.8138
21371,Tosterglope,53.2098,10.8193
21376,Gödenstorf,53.2223,10.1362
21379,Lüdersburg,53.3084,10.5348
21380,Artlenburg,53.3718,10.4879
21382,Brietlingen,53.3333,10.4500
21385,Rehlingen,53.1266,10.2168
21386,Betzendorf,53.1375,10.3127
21388,Soderstorf,53.1428,10.1481
21391,Dachtmissen,53.2519,10.3339
21394,Heiligenthal,53.2260,10.2966
21395,Tespe,53.3964,10.4108
21397,Vastorf,53.2135,10.5336
21398,Neetze,53.2652,10.6213
21400,Reinstorf,53.2345,10.5732
21401,Thomasburg,53.2333,10.6667
21403,Wendisch Evern,53.2167,10.4667
21406,Melbeck,53.1583,10.3834
21407,Deutsch Evern,53.2000,10.4333
21409,Embsen,53.1761,10.3463
21421,Harburg,53.3642,10.1914
21423,Winsen (Luhe),53.3825,10.2368
21435,Stelle,53.3842,10.1114
21436,Marschacht,53.4152,10.3752
21438,Brackel,53.2997,10.0486
21439,Marxen,53.3121,10.0041
21441,Garstedt,53.2847,10.1614
21442,Toppenstedt,53.2643,10.1145
21444,Vierhöfen,53.2667,10.2167
21445,Wulfsen,53.3000,10.1500
21447,Handorf,53.3408,10.3465
21449,Radbruch,53.3167,10.2833
21462,Stadt Reinbek,53.5210,10.2410
21465,Reinbek,53.5085,10.2494
21481,Buchhorst,53.3811,10.5388
21483,Wangelau,53.4228,10.5463
21493,Talkau,53.5514,10.5105
21500,Amtsgericht Geesthacht,53.4280,10.3824
21502,Geesthacht,53.4464,10.4153
21509,Glinde,53.5441,10.2005
21514,Siebeneichen,53.5124,10.6409
21516,Schulendorf,53.5257,10.5950
21521,Dassendorf,53.5151,10.3200
21522,Hohnstorf (Elbe),53.3556,10.5695
21524,Brunstorf,53.4933,10.4252
21526,Hohenhorn,53.4765,10.3646
21527,Kollow,53.4667,10.4667
21529,Kröppelshagen-Fahrendorf,53.4898,10.3170
21614,Buxtehude,53.4672,9.6864
21629,Neu Wulmstorf,53.4227,9.7896
21635,Jork,53.5320,9.6808
21640,Nottensdorf,53.4975,9.5855
21641,Apensen,53.4333,9.6167
21643,Beckdorf,53.4167,9.6167
21644,Sauensiek,53.3833,9.6000
21646,Halvesbostel,53.3553,9.5985
21647,Moisburg,53.4062,9.6988
21649,Regesbostel,53.3833,9.6500
21676,Agentur für Arbeit Stade,53.6016,9.4821
21677,Finanzamt Stade,53.6036,9.4758
21680,Stade,53.5908,9.4848
21682,Stade,53.6084,9.4688
21683,Stade,53.6000,9.4833
21684,Stade,53.5803,9.5076
21698,Bargstedt,53.4569,9.4454
21702,Ahlerstedt,53.4000,9.4500
21706,Drochtersen,53.7101,9.3846
21709,Burweg,53.6098,9.3072
21710,Engelschoff,53.6667,9.3333
21712,Großenwörden,53.6833,9.2667
21714,Hammah,53.6167,9.3667
21717,Deinste,53.5263,9.4236
21720,Mittelnkirchen,53.5567,9.6140
21723,Hollern-Twielenfleth,53.6000,9.5500
21726,Kranenburg,53.5910,9.2631
21727,Estorf,53.5760,9.2027
21729,Freiburg (Elbe),53.8333,9.2833
21730,Balje,53.8333,9.1333
21732,Krummendeich,53.8308,9.2038
21734,Oederquart,53.8027,9.2368
21737,Wischhafen,53.7833,9.3167
21739,Dollern,53.5333,9.5500
21745,Hemmoor,53.6870,9.1549
21755,Hechthausen,53.6404,9.2394
21756,Osten,53.7000,9.2000
21762,Osterbruch,53.7936,8.9210
21763,Neuenkirchen,53.7770,8.8936
21765,Nordleda,53.7667,8.8333
21769,Hollnseth,53.6055,9.0889
21770,Mittelstenahe,53.6500,9.0333
21772,Stinstedt,53.6612,8.9723
21775,Steinau,53.7041,8.9143
21776,Wanna,53.7500,8.8000
21781,Cadenberge,53.7693,9.0627
21782,Bülkau,53.7461,8.9781
21784,Geversdorf,53.8000,9.0833
21785,Belum,53.8085,9.0168
21787,Oberndorf,53.7500,9.1500
21789,Wingst,53.7357,9.0805
22032,Hanseatische Krankenkasse,53.5765,10.0792
22033,München,48.1915,11.6568
22034,Hanseatische Krankenkasse Beitragsabteilung,53.5765,10.0792
22035,BOESCHE Staatliche Lotterieeinnahme,53.5802,10.1211
22036,"Hamburg, Freie und Hansestadt",53.5894,10.0932
22037,Deutsche Rentenversicherung Nord,53.5921,10.1072
22039,HZK - DIE PROFIKRANKENKASSE,53.5780,10.0839
22041,Hamburg,53.5750,10.0914
22043,Hamburg Tonndorf,53.5731,10.1131
22045,Hamburg,53.5823,10.1241
22047,Hamburg Wandsbek,53.5917,10.0955
22049,Hamburg,53.5809,10.0694
22078,"Hamburg, Freie und Hansestadt",53.5739,10.0122
22079,AOK Rheinland / Hamburg - Die Gesundheitskasse,53.5669,10.0587
22081,Hamburg Uhlenhorst,53.5758,10.0364
22083,Hamburg,53.5775,10.0389
22085,Hamburg Uhlenhorst,53.5762,10.0272
22087,Hamburg,53.5653,10.0337
22089,Hamburg Wandsbek,53.5661,10.0594
22102,"Hamburg, Freie und Hansestadt",53.5469,10.0855
22111,Hamburg,53.5407,10.1060
22113,Oststeinbek,53.5229,10.1270
22115,Hamburg Billstedt,53.5260,10.1566
22117,Hamburg,53.5400,10.1261
22119,Hamburg Billstedt,53.5482,10.1122
22139,Stormarn,53.6606,10.3124
22140,Stormarn,53.6554,10.2916
22143,Hamburg,53.6079,10.1798
22145,Hamburg,53.6096,10.1852
22147,Hamburg Rahlstedt,53.6092,10.1481
22149,Hamburg Tonndorf,53.5945,10.1491
22159,Hamburg,53.6149,10.1133
22175,Hamburg Bramfeld,53.6170,10.0857
22177,Hamburg,53.6112,10.0716
22179,Hamburg Bramfeld,53.6090,10.0860
22222,Kasse.Hamburg,53.5615,9.9116
22276,"Hamburg, Freie und Hansestadt",53.6013,10.0178
22277,"Hamburg, Freie und Hansestadt",53.6044,10.0271
22278,"Hamburg, Freie und Hansestadt",53.6061,10.0164
22279,"Hamburg, Freie und Hansestadt",53.6044,10.0271
22280,"Hamburg, Freie und Hansestadt",53.6044,10.0271
22281,Verwaltungs-Berufsgenossenschaft Hauptverwaltung,53.6013,9.9902
22282,"Hamburg, Freie und Hansestadt",53.5643,9.9405
22283,"Hamburg, Freie und Hansestadt",53.6044,10.0271
22284,"Hamburg, Freie und Hansestadt",53.6206,10.0145
22287,"Hamburg, Freie und Hansestadt",53.6013,10.0178
22288,"Hamburg, Freie und Hansestadt",53.5782,9.9988
22290,Tchibo,53.6069,10.0191
22291,Asklepios Klinik Barmbek,53.5995,10.0275
22292,Evangelische Stiftung Alsterdorf,53.6056,10.0201
22293,"Hamburg, Freie und Hansestadt",53.5833,10.0284
22294,Hansa Baugenossenschaft eG,53.5867,10.0506
22297,Hamburg,53.6026,10.0177
22299,Hamburg Winterhude,53.5955,10.0069
22301,Hamburg,53.5898,10.0076
22303,Hamburg Winterhude,53.5919,10.0300
22305,Hamburg,53.5900,10.0388
22307,Hamburg Barmbek-Nord,53.5977,10.0465
22309,Hamburg,53.6106,10.0571
22331,Ortsamt Fuhlsbüttel,53.6288,10.0209
22332,"Hamburg, Freie und Hansestadt",53.6217,9.9970
22335,Hamburg Ohlsdorf,53.6195,10.0143
22337,Hamburg,53.6203,10.0296
22339,Hamburg Hummelsbüttel,53.6445,10.0360
22357,Brigitta Winter (Mutter und Kind Dienst),53.6553,10.1047
22359,Hamburg,53.6449,10.1602
22389,"Hamburg, Freie und Hansestadt",53.6574,10.0804
22391,Hamburg Bramfeld,53.6403,10.0773
22393,Hamburg Wellingsbüttel,53.6422,10.0970
22395,Hamburg Bergstedt,53.6697,10.1151
22397,Hamburg Duvenstedt,53.6985,10.1072
22399,Hamburg Lemsahl-Mellingstedt,53.6639,10.0702
22413,AK Ochsenzoll,53.6735,10.0092
22415,Hamburg Fuhlsbüttel,53.6477,10.0202
22417,Hamburg Langenhorn,53.6614,10.0305
22419,Hamburg,53.6648,10.0070
22451,Geo Poulson,53.6264,9.9580
22453,Hamburg Niendorf,53.6161,9.9834
22455,Hamburg,53.6319,9.9489
22457,Hamburg Niendorf,53.6245,9.9300
22459,Hamburg,53.6264,9.9384
22520,Finanzamt Hamburg - Eimsbüttel,53.5949,9.9449
22521,Norddeutscher Rundfunk Fernsehen,53.5894,9.9281
22523,Hamburg Eidelstedt,53.6079,9.9097
22525,Hamburg,53.5874,9.9182
22527,Hamburg Lokstedt,53.5930,9.9404
22529,Hamburg,53.5991,9.9647
22545,"Hamburg, Freie und Hansestadt",53.5821,9.8624
22547,Hamburg Lurup,53.5863,9.8870
22549,Hamburg,53.5799,9.8728
22557,"Hamburg, Freie und Hansestadt",53.5816,9.7696
22559,Hamburg Rissen,53.5889,9.7607
22585,Ortsamt Blankenese,53.5648,9.8088
22587,Hamburg,53.5694,9.8123
22589,Hamburg Sülldorf,53.5755,9.8180
22603,Deutsches Elektronen Synchroton DESY,53.5739,9.8838
22605,Hamburg,53.5604,9.8903
22607,Hamburg Groß Flottbek,53.5623,9.8829
22609,Hamburg Osdorf,53.5629,9.8696
22743,"Hamburg, Freie und Hansestadt",53.5585,9.9092
22744,"Hamburg, Freie und Hansestadt",53.5603,9.9591
22745,"Hamburg, Freie und Hansestadt",53.5422,10.0018
22746,"Hamburg, Freie und Hansestadt",53.5615,9.9116
22747,Amtsgericht Hamburg Zweigstelle Altona,53.5557,9.9427
22748,"Hamburg, Freie und Hansestadt",53.5461,9.9369
22750,Verlagsgruppe Milchstraße,53.5640,9.9951
22754,"Hamburg, Freie und Hansestadt",53.5539,9.9362
22755,"Hamburg, Freie und Hansestadt",53.5617,9.9457
22756,"Hamburg, Freie und Hansestadt",53.5576,10.0207
22758,Amtsgericht Hamburg-Altona,53.5573,9.9076
22761,Hamburg,53.5678,9.9104
22763,Hamburg,53.5540,9.9049
22765,Hamburg Altona-Altstadt,53.5549,9.9336
22767,Hamburg,53.5518,9.9415
22769,Hamburg,53.5656,9.9437
22776,DAK - Deutsche Angestellten Krankenkasse Bayern und NRW,53.5486,10.0190
22777,DAK - Deutsche Angestellten Krankenkasse Bayern und NRW,53.5486,10.0190
22778,DAK-Gesundheit,53.5486,10.0190
22779,DAK-Gesundheit,53.5486,10.0190
22780,Main-Taunus-Kreis,50.1448,8.5599
22781,Stuttgart,48.7385,9.1096
22782,"Hamburg, Freie und Hansestadt",53.5745,9.8870
22783,"Hamburg, Freie und Hansestadt",53.6044,10.0271
22785,"Hamburg, Freie und Hansestadt",53.5660,9.9364
22787,Deutsche Telekom Kundenniederlassung Hamburg,53.6012,10.0265
22788,DAK-Deutsche Angestellten-Krankenkasse Hauptgeschäftsstelle,53.5486,10.0190
22789,DAK-Deutsche Angestellten-Krankenkasse Hauptgeschäftsstelle,53.5486,10.0190
22790,"Hamburg, Freie und Hansestadt",53.6494,10.0347
22791,"Hamburg, Freie und Hansestadt",53.5585,9.9092
22792,"Hamburg, Freie und Hansestadt",53.5616,9.9164
22794,"Hamburg, Freie und Hansestadt",53.5740,9.8874
22795,DP CSC Deutsche Post Customer Service Center,53.5822,10.0280
22796,"Hamburg, Freie und Hansestadt",53.5505,9.9906
22797,"Hamburg, Freie und Hansestadt",53.5496,9.9782
22799,Deutsche Telekom Hamburg Kundenniederlassung,53.6012,10.0265
22839,Segeberg,53.6693,9.9683
22841,Stadt Norderstedt Stadtverwaltung,53.7559,9.9681
22842,Hausmann Hausverwaltung,53.6748,9.9907
22844,Norderstedt,53.7246,10.0124
22846,Norderstedt,53.7099,9.9946
22848,Norderstedt,53.6736,9.9833
22850,Norderstedt,53.6855,9.9976
22851,Norderstedt,53.6874,10.0366
22865,Pinneberg,53.5942,9.8350
22866,Stadtverwaltung Schenefeld,53.5869,9.8836
22867,SPAR Handels-Aktiengesellschaft,53.5942,9.8350
22869,Schenefeld,53.6000,9.8500
22876,Pinneberg,53.5750,9.7340
22880,Wedel,53.5837,9.6984
22885,Barsbüttel,53.5667,10.1667
22889,Tangstedt,53.7333,10.0833
22923,Stadtverwaltung,53.6803,10.2477
22926,Ahrensburg,53.6752,10.2259
22927,Großhansdorf,53.6667,10.2833
22929,Köthel,53.6329,10.3943
22939,Stormarn,53.7296,10.2658
22941,Jersbek,53.7309,10.2418
22946,Großensee,53.6049,10.3844
22949,Ammersbek,53.7000,10.2000
22952,Lütjensee,53.6500,10.3667
22955,Hoisdorf,53.6500,10.3167
22956,Grönwohld,53.6416,10.4078
22958,Kuddewörde,53.5833,10.4000
22959,Linau,53.6445,10.4685
22962,Siek,53.6333,10.3000
22964,Steinburg,53.7167,10.4000
22965,Todendorf,53.6946,10.3478
22967,Tremsbüttel,53.7438,10.3102
22969,Witzhave,53.5667,10.3333
23533,Kreisfreie Stadt Lübeck,53.8482,10.6728
23538,Universitätsklinikum Schleswig-Holstein Campus Lübeck,53.8364,10.7111
23539,Lübeck,53.8696,10.6871
23540,Finanzamt Lübeck,53.8525,10.6809
23541,Agentur für Arbeit Lübeck,53.8514,10.6805
23542,Kreisfreie Stadt Lübeck,53.8566,10.6695
23543,Lübecker Nachrichten Verlagsgruppe,53.8549,10.6314
23544,Deutsche Rentenversicherung Nord,53.8641,10.6504
23546,Kreisfreie Stadt Lübeck,53.8719,10.6664
23547,Handwerkskammer Lübeck,53.8629,10.6820
23552,Lübeck,53.8685,10.6854
23554,Lübeck,53.8760,10.6748
23556,Lübeck,53.8672,10.6478
23558,Lübeck,53.8606,10.6611
23560,Lübeck,53.8471,10.6845
23562,Lübeck,53.8511,10.7028
23564,Lübeck,53.8705,10.6986
23566,Lübeck,53.8658,10.7316
23568,Lübeck,53.8922,10.7583
23569,Lübeck,53.9167,10.8073
23570,Lübeck,53.8667,10.7000
23590,Kreisfreie Stadt Lübeck,53.8634,10.6042
23611,Bad Schwartau,53.9189,10.6969
23615,Ostholstein,53.8901,10.6320
23616,Ostholstein,53.8901,10.6320
23617,Stockelsdorf,53.8922,10.6471
23619,Hamberge,53.8722,10.5361
23623,Ahrensbök,54.0086,10.5743
23626,Ratekau,53.9500,10.7333
23627,Groß Sarau,53.7833,10.7416
23628,Krummesse,53.7750,10.6584
23629,Sarkwitz,54.0028,10.7101
23669,Timmendorfer Strand,53.9953,10.7768
23683,Scharbeutz,54.0345,10.7322
23684,Scharbeutz,54.0333,10.7500
23689,"Pansdorf, Holstein",53.9861,10.7080
23701,Eutin,54.1014,10.6743
23714,Malente,54.1861,10.6215
23715,Bosau,54.0979,10.4357
23717,Kasseedorf,54.1667,10.7167
23719,Glasau,54.0500,10.5167
23730,Sierksdorf,54.1101,10.8245
23738,Lensahn,54.2189,10.8984
23743,Grömitz,54.1500,10.9667
23744,Schönwalde am Bungsberg,54.1833,10.7500
23746,Kellenhusen,54.1934,11.0616
23747,Dahme,54.2167,11.0833
23749,Grube,54.2333,11.0333
23758,Gremersdorf,54.2948,10.8879
23769,Fehmarn,54.4378,11.1935
23774,Heiligenhafen,54.3696,10.9802
23775,Großenbrode,54.3833,11.0833
23777,Heringsdorf,54.3010,11.0066
23779,Neukirchen,54.3238,11.0144
23791,Möbel Kraft,53.9382,10.2988
23792,Finanzamt,53.9345,10.3093
23795,Bad Segeberg,53.9372,10.3077
23812,Wahlstedt,53.9516,10.2063
23813,Blunk,54.0130,10.3403
23815,Geschendorf,53.9238,10.4584
23816,Neversdorf,53.8657,10.2691
23818,Neuengörs,53.9000,10.3833
23820,Pronstorf,53.9500,10.4667
23821,Rohlstorf,53.9667,10.3889
23823,Seedorf,54.0500,10.4167
23824,Damsdorf,54.0545,10.3177
23826,Bark,53.8958,10.1866
23827,Wensin,53.9944,10.4056
23829,Kükels,53.9110,10.2270
23840,Sparkasse Holstein,53.8045,10.3821
23841,Agentur für Arbeit Bad Oldesloe,53.8091,10.3824
23843,Rümpel,53.8071,10.3352
23845,Oering,53.8506,10.2811
23847,Kastorf,53.7540,10.4910
23858,Barnitz,53.8315,10.4958
23860,Klein Wesenberg,53.8083,10.5584
23863,Bargfeld-Stegen,53.7703,10.1714
23864,Werbeservice Danger,53.7991,10.1347
23866,Nahe,53.8000,10.1333
23867,Sülfeld,53.8000,10.2333
23869,Elmenhorst,53.7667,10.2667
23879,Mölln,53.6170,10.6874
23881,Borstorf,53.6212,10.6111
23883,Seedorf,53.6036,10.7875
23896,Ritzerau,53.6546,10.5868
23898,Kühsen,53.6898,10.5327
23899,Besenthal,53.5444,10.7518
23909,Fredeburg,53.6976,10.7485
23911,Ziethen,53.7019,10.7727
23919,Göldenitz,53.7205,10.6418
23923,Roduchelstorf,53.8304,10.9160
23935,Nordwestmecklenburg,53.8264,11.2272
23936,Bernstorf,53.8438,11.1544
23942,Kalkhorst,53.9469,10.9799
23944,Ostseebad Boltenhagen,53.9878,11.2019
23946,Boltenhagen,53.9833,11.2167
23948,Groß Walmstorf,53.9396,11.1683
23952,"Wismar, Mecklenburg",53.8884,11.4622
23966,Wismar,53.8920,11.4636
23968,Wismar,53.9030,11.3700
23970,Wismar,53.8927,11.5171
23972,Metelsdorf,53.8388,11.4890
23974,Blowatz,53.9613,11.5498
23992,Neukloster,53.8962,11.7020
23996,Hohen Viecheln,53.8007,11.4131
23999,Insel Poel,54.0000,11.4333
24088,HUK-Coburg,54.3155,10.1282
24090,Kreisfreie Stadt Kiel,54.2752,10.1612
24091,Investitionsbank Schleswig-Holstein,54.3218,10.1340
24094,Finanzamt Kiel-Nord,54.3447,10.1326
24095,Finanzamt Kiel,54.3332,10.1392
24096,Finanzministerium des Landes Schleswig Holstein Amt für Informationstechnik,54.3332,10.1392
24097,Provinzial Versicherungsanstalten Schleswig Holstein,54.3154,10.1315
24098,Christian-Albrechts-Universität zu Kiel,54.3383,10.1283
24099,Landeshauptstadt Kiel,54.3218,10.1340
24100,Landeszentralbank Hauptstelle Kiel,54.3261,10.1263
24103,Kiel,54.3205,10.1327
24105,Kiel,54.3347,10.1348
24106,Kiel,54.3506,10.1205
24107,Kiel,54.3358,10.0553
24109,Melsdorf,54.3186,10.0421
24111,Kiel,54.3333,10.1333
24113,Molfsee,54.2839,10.0914
24114,Kiel,54.3157,10.1302
24116,Kiel,54.3253,10.1212
24118,Kiel,54.3334,10.1176
24119,Kronshagen,54.3333,10.0833
24130,Kreisfreie Stadt Kiel,54.3085,10.1384
24131,Agentur für Arbeit Kiel,54.3090,10.1327
24143,Kiel,54.3061,10.1448
24145,Kiel,54.3333,10.1333
24146,Kiel,54.3333,10.1333
24147,Kiel,54.3212,10.1735
24148,Kiel,54.3187,10.1703
24149,Kiel,54.3333,10.1333
24159,Kiel,54.3973,10.1505
24161,Altenholz,54.4000,10.1333
24180,Kreisfreie Stadt Kiel,54.2752,10.1612
24211,Postfeld,54.2274,10.2715
24214,Schinkel,54.4024,9.9714
24217,Wisch,54.3878,10.3715
24220,Flintbek,54.2286,10.0845
24222,Schwentinental,54.2944,10.2167
24223,Raisdorf,54.2813,10.2491
24226,Heikendorf,54.3667,10.2000
24229,Schwedeneck,54.4426,10.1253
24232,Schönkirchen,54.3261,10.2567
24235,Stein,54.4024,10.2612
24238,Martensrade,54.2764,10.4276
24239,Achterwehr,54.3132,9.9661
24241,Schierensee,54.2139,10.0167
24242,Felde,54.3000,9.9333
24244,Felm,54.4167,10.0500
24245,Barmissen,54.2194,10.1569
24247,Rodenbek,54.2833,10.0334
24248,Mönkeberg,54.3500,10.1833
24250,Warnau,54.1857,10.1773
24251,Osdorf,54.4333,10.0167
24253,Passade,54.3654,10.3094
24254,Rumohr,54.2556,10.0245
24256,Schlesen,54.3349,10.3670
24257,Köhn,54.3581,10.4762
24259,Westensee,54.2745,9.8958
24300,AOK Schleswig-Holstein Direktion,54.2835,10.1622
24306,Wittmoldt,54.1758,10.4247
24321,Behrensdorf,54.3162,10.5747
24326,Kalübbe,54.1236,10.3452
24327,Blekendorf,54.2607,10.6361
24329,Dannau,54.2302,10.5197
24340,Eckernförde,54.4604,9.8277
24349,Ostseebad Damp / Damp Holding,54.5857,10.0219
24351,Thumby,54.5829,9.9263
24354,Kosel,54.5236,9.7867
24357,Fleckeby,54.4778,9.6945
24358,Hütten,54.4222,9.7057
24360,Barkelsby,54.5000,9.8333
24361,Klein Wittensee,54.3967,9.7500
24363,Holtsee,54.4000,9.8500
24364,Holzdorf,54.5500,9.8833
24366,Loose,54.5167,9.8833
24367,Osterby,54.4500,9.7500
24369,Waabs,54.5333,9.9833
24376,Arnis,54.6689,9.9396
24392,Brebel,54.6394,9.7968
24395,Pommerby,54.7429,9.9071
24398,Karby,54.6226,9.9600
24399,Arnis,54.6304,9.9316
24401,Böel,54.6500,9.7167
24402,Esgrus,54.7167,9.7833
24404,Maasholm,54.6833,9.9833
24405,Rügge,54.6750,9.7417
24407,Oersberg,54.6500,9.8500
24409,Stoltebüll,54.7000,9.8833
24530,Agentur für Arbeit Neumünster,54.0681,9.9868
24531,Sparkasse Südholstein,54.0696,9.9891
24534,Neumünster,54.0725,9.9828
24536,Neumünster,54.1039,10.0140
24537,Neumünster,54.0893,9.9779
24539,Neumünster,54.0614,9.9982
24558,Henstedt-Ulzburg,53.7942,10.0289
24568,Winsen,53.8430,9.9811
24576,Bimöhlen,53.9187,9.8557
24582,Brügge,54.1740,10.0412
24589,Schülp bei Nortorf,54.1797,9.8767
24594,Tappendorf,54.0963,9.6816
24598,Heidmühlen,53.9945,10.0611
24601,Belau,54.1109,10.2243
24610,Gönnebek,54.0444,10.2059
24613,Wiedenborstel,54.0635,9.7721
24616,Hasenkrug,53.9905,9.8249
24619,Rendswühren,54.0667,10.2278
24620,Bönebüttel,54.0833,10.0667
24622,Gnutz,54.1333,9.8167
24623,Großenaspe,53.9833,9.9667
24625,Großharrie,54.1298,10.0622
24626,Groß Kummerfeld,54.0500,10.0833
24628,Hartenholm,53.8986,10.0595
24629,Kisdorf,53.8167,10.0167
24631,Langwedel,54.2103,9.9276
24632,Heidmoor,53.8500,9.8666
24634,Padenstedt,54.0416,9.8917
24635,Rickling,54.0167,10.2083
24637,Schillsdorf,54.1167,10.1333
24638,Schmalensee,54.0830,10.2705
24640,Schmalfeld,53.8916,9.9750
24641,Stuvenborn,53.8419,10.1041
24643,Struvenhütten,53.8667,10.0500
24644,Loop,54.1410,9.9259
24646,Warder,54.2167,9.8833
24647,Ehndorf,54.0622,9.8987
24649,Fuhlendorf,53.9509,9.8949
24768,Rendsburg,54.3066,9.6631
24782,Büdelsdorf,54.3259,9.6698
24783,Osterrönfeld,54.2901,9.6990
24784,Westerrönfeld,54.2833,9.6500
24787,Fockbek,54.3000,9.6000
24790,Haßmoor,54.3124,9.7594
24791,Alt Duvenstedt,54.3667,9.6500
24793,Bargstedt,54.1722,9.7556
24794,Borgstedt,54.3554,9.7087
24796,Krummwisch,54.3297,9.8687
24797,Hörsten,54.2194,9.5535
24799,Christiansholm,54.3137,9.4255
24800,Elsdorf-Westermühlen,54.2667,9.5167
24802,Groß Vollstedt,54.2380,9.8373
24803,Erfde,54.2916,9.3250
24805,Hamdorf,54.2210,9.4843
24806,Sophienhamm,54.2958,9.4917
24808,Jevenstedt,54.2333,9.6667
24809,Nübbel,54.2667,9.6167
24811,Owschlag,54.4061,9.6349
24813,Schülp bei Rendsburg,54.2667,9.6333
24814,Sehestedt,54.3667,9.8167
24816,Stafstedt,54.1709,9.6542
24817,Tetenhusen,54.3500,9.5000
24819,Nienborstel,54.1542,9.5750
24837,Schleswig,54.5216,9.5586
24848,Alt Bennebek,54.4125,9.4708
24850,Hüsby,54.5222,9.4889
24852,Sollerup,54.6042,9.3375
24855,Bollingstedt,54.5747,9.4076
24857,Fahrdorf,54.5000,9.6334
24860,Klappholz,54.6167,9.5778
24861,Bergenhusen,54.3833,9.3167
24863,Börm,54.4000,9.3833
24864,Goltoft,54.5416,9.7167
24866,Busdorf,54.4911,9.5500
24867,Dannewerk,54.4833,9.5000
24869,Dörpstedt,54.4333,9.3667
24870,Ellingstedt,54.4749,9.4114
24872,Groß Rheide,54.4415,9.4351
24873,Havetoft,54.6500,9.5167
24875,Havetoftloit,54.6616,9.5592
24876,Hollingstedt,54.4593,9.3370
24878,Jagel,54.4532,9.5522
24879,Neuberend,54.5666,9.5250
24881,Nübel,54.5667,9.5833
24882,Schaalby,54.5500,9.6333
24884,Selk,54.4667,9.5917
24885,Sieverstedt,54.6415,9.4695
24887,Silberstedt,54.5167,9.3833
24888,Steinfeld,54.6084,9.7250
24890,Süderfahrenstedt,54.5917,9.5666
24891,Schnarup-Thumby,54.6405,9.6443
24893,Taarstedt,54.5667,9.6833
24894,Twedt,54.5900,9.6608
24896,Treia,54.5000,9.3167
24897,Ulsnis,54.5667,9.7500
24899,Wohlde,54.4061,9.2989
24927,Agentur für Arbeit Flensburg,54.7929,9.4237
24930,Kreisfreie Stadt Flensburg,54.7761,9.3879
24932,Kraftfahrt-Bundesamt,54.8133,9.4645
24933,Kreisfreie Stadt Flensburg,54.7761,9.3879
24937,Flensburg,54.7862,9.4306
24939,Flensburg,54.7983,9.4206
24941,Jarplund-Weding,54.7511,9.4145
24943,Tastrup,54.7791,9.4753
24944,Flensburg,54.8092,9.4698
24945,Kreisfreie Stadt Flensburg,54.7917,9.4394
24955,Harrislee,54.8000,9.3833
24960,Glücksburg,54.8176,9.5576
24963,Tarp,54.6617,9.3846
24966,Sörup,54.7167,9.6667
24969,Großenwiehe,54.7000,9.2250
24972,Steinberg,54.7571,9.7536
24975,Ausacker,54.7567,9.5519
24976,Handewitt,54.7645,9.3153
24977,Ringsberg,54.7986,9.6378
24980,Hörup,54.7538,9.1824
24983,Handewitt,54.7645,9.3153
24986,Rüde,54.7584,9.5887
24988,Oeversee,54.7090,9.4284
24989,Dollerup,54.7780,9.6798
24991,Großsolt,54.7138,9.5054
24992,Janneby,54.6166,9.3000
24994,Jardelund,54.8243,9.1788
24996,Sterup,54.7216,9.7345
24997,Wanderup,54.6833,9.3333
24999,Wees,54.8062,9.5170
25320,Agentur für Arbeit Elmshorn,53.7564,9.6621
25333,Amtsgericht,53.7505,9.6689
25335,Bokholt-Hanredder,53.7586,9.6213
25336,Elmshorn,53.7356,9.6567
25337,Seeth-Ekholt,53.7494,9.7042
25348,Blomesche Wildnis,53.7907,9.4419
25355,Bevern,53.7899,9.7651
25358,Hohenfelde,53.8212,9.5923
25361,Grevenkop,53.8282,9.5054
25364,Brande-Hörnerkirchen,53.8601,9.7074
25365,Klein Offenseth-Sparrieshoop,53.7975,9.6865
25368,Kiebitzreihe,53.7833,9.6167
25370,Seester,53.7178,9.5980
25371,Seestermühe,53.7000,9.5667
25373,Ellerhoop,53.7260,9.7693
25376,Krempdorf,53.8333,9.4500
25377,Kollmar,53.7294,9.4788
25379,Herzhorn,53.7833,9.4833
25389,Pinneberg,53.7443,9.7026
25392,Kreisverwaltung Pinneberg,53.7450,9.7002
25404,Pinneberg,53.6590,9.8010
25421,Pinneberg,53.6591,9.8009
25429,Uetersen,53.6934,9.6542
25436,Heidgraben,53.6907,9.6668
25437,Tornesch,53.7039,9.7310
25450,Pinneberg,53.7453,9.9416
25451,Quickborn,53.7283,9.9093
25462,Rellingen,53.6413,9.8647
25469,Halstenbek,53.6333,9.8500
25474,Hasloh,53.6732,9.9011
25479,Ellerau,53.7500,9.9167
25482,Appen,53.6581,9.7458
25485,Langeln,53.7754,9.8597
25486,Alveslohe,53.7833,9.9167
25488,Holm,53.6167,9.6667
25489,Haseldorf,53.6498,9.6058
25491,Hetlingen,53.6071,9.6372
25492,Heist,53.6500,9.6500
25494,Borstel-Hohenraden,53.6833,9.8167
25495,Kummerfeld,53.6926,9.7910
25497,Prisdorf,53.6833,9.7500
25499,Tangstedt,53.6771,9.8488
25518,PROKON Regenerative Energien eG,53.9596,9.4840
25520,Steinburg,53.9352,9.4977
25521,Steinburg,53.9352,9.4977
25522,Novitas BKK,53.9317,9.5202
25524,Heiligenstedtenerkamp,53.9188,9.5189
25541,Brunsbüttel,53.8950,9.1048
25548,Rosdorf,53.9597,9.7078
25551,Winseldorf,53.9817,9.6213
25554,Moorhusen,53.9424,9.3754
25557,Seefeld,54.1231,9.4190
25560,Hadenfeld,54.0522,9.4660
25563,Hingstheide,53.9257,9.7630
25566,Rethwisch,53.8751,9.5845
25569,Bahrenfleth,53.8841,9.4571
25572,Landscheide,53.9270,9.2510
25573,Beidenfleth,53.8794,9.4131
25575,Beringstedt,54.1167,9.5333
25576,Brokdorf,53.8638,9.3231
25578,Dägeling,53.8720,9.5327
25579,Rade,54.0005,9.7541
25581,Poyenberg,54.0333,9.7083
25582,Kaaks,54.0029,9.5100
25584,Besdorf,54.0459,9.3541
25585,Tackesdorf,54.1583,9.4833
25587,Münsterdorf,53.9023,9.5412
25588,Huje,53.9784,9.4425
25590,Osterstedt,54.1082,9.5744
25591,Ottenbüttel,53.9711,9.5042
25593,Christinenthal,54.0583,9.5583
25594,Vaalermoor,53.9910,9.3697
25596,Wacken,54.0292,9.3810
25597,Westermoor,53.9122,9.6245
25599,Wewelsfleth,53.8500,9.4000
25693,Gudendorf,53.9935,9.0853
25704,Nordermeldorf,54.0930,9.0792
25709,Kronprinzenkoog,53.9545,8.9869
25712,Buchholz,54.0043,9.2306
25715,Eddelak,53.9516,9.1335
25718,Friedrichskoog,54.0167,8.9167
25719,Busenwurth,54.0290,9.0438
25721,Eggstedt,54.0500,9.2667
25724,Neufeld,53.9056,9.0111
25725,Schafstedt,54.0917,9.3166
25727,Krumstedt,54.0498,9.1914
25729,Windbergen,54.0500,9.1167
25742,Dithmarschen,54.1947,9.1249
25744,Agentur für Arbeit Heide,54.2022,9.1002
25746,Wesseln,54.2020,9.0776
25761,Westerdeichstrich,54.1520,8.8731
25764,Hillgroven,54.2046,8.9153
25767,Tensbüttel-Röst,54.1550,9.3035
25770,Lieth,54.1530,9.0638
25774,Lunden,54.3093,9.0082
25776,Schlichting,54.3135,9.0616
25779,Glüsing,54.2742,9.1581
25782,Hövede,54.2184,9.2759
25785,Sarzbüttel,54.1408,9.1869
25786,Dellstedt,54.2333,9.3667
25788,Wallen,54.2912,9.2473
25791,Linden,54.2416,9.1833
25792,Strübbel,54.2516,8.9791
25794,Dörpling,54.2642,9.3239
25795,Weddingstedt,54.2505,9.0705
25797,Wöhrden,54.1667,9.0000
25799,Wrohm,54.2131,9.3821
25813,Husum,54.4577,9.0619
25821,Breklum,54.6054,8.9858
25826,Sankt Peter-Ording,54.3036,8.6414
25832,Kotzenbüll,54.3261,8.9234
25836,Grothusenkoog,54.3278,8.7845
25840,Koldenbüttel,54.3795,9.0767
25842,Bargum,54.6792,8.9292
25845,Nordstrand,54.5067,8.8851
25849,Pellworm,54.5161,8.6451
25850,Bondelum,54.5667,9.2417
25852,Bordelum,54.6333,8.9333
25853,Bohmstedt,54.5944,9.0556
25855,Haselund,54.6000,9.1833
25856,Hattstedtermarsch,54.5389,9.0111
25858,Högel,54.6500,9.0667
25859,Hooge,54.5700,8.5481
25860,Olderup,54.5305,9.0888
25862,Joldelund,54.6583,9.1291
25863,Langeneß,54.6333,8.6333
25864,Löwenstedt,54.6216,9.1726
25866,Mildstedt,54.4667,9.1000
25868,Norderstapel,54.3600,9.2408
25869,Gröde,54.6333,8.7167
25870,Oldenswort,54.3881,8.9184
25872,Ostenfeld,54.4654,9.2172
25873,Rantrum,54.4437,9.1490
25875,Schobüll,54.5092,9.0062
25876,Süderhöft,54.3957,9.2000
25878,Drage,54.3612,9.1623
25879,Süderstapel,54.3500,9.2167
25881,Tümlauer Koog,54.3600,8.7006
25882,Tetenbüll,54.3521,8.8279
25884,Norstedt,54.5883,9.1640
25885,Ahrenviöl,54.4894,9.2245
25887,Winnert,54.4333,9.2000
25889,Witzwort,54.4077,8.9536
25899,Bosbüll,54.7772,8.8083
25917,Sprakebüll,54.7706,9.0075
25920,Stedesand,54.7483,8.8983
25923,Süderlügum,54.8537,8.8955
25924,Klanxbüll,54.8576,8.6776
25926,Ladelund,54.8435,9.0095
25927,Aventoft,54.8714,8.7512
25938,Nieblum,54.7101,8.4783
25946,Norddorf,54.6525,8.3587
25980,Rantum,54.8716,8.3360
25992,List,55.0192,8.4313
25996,Wenningstedt,54.9358,8.3300
25997,Hörnum,54.7573,8.2883
25999,Kampen,54.9541,8.3417
26060,Kreisfreie Stadt München,48.1325,11.6203
26066,Kreisfreie Stadt Erlangen,49.5938,11.0067
26090,Kreisfreie Stadt Oldenburg,53.1094,8.2630
26101,OFFIS Team,53.1487,8.2000
26102,Kreisfreie Stadt Oldenburg,53.1118,8.2102
26105,Stadt Oldenburg (Oldb),53.1524,8.1876
26106,Amt für regionale Landesentwicklung Weser-Ems,53.1388,8.2028
26107,Kreisfreie Stadt Oldenburg,53.1466,8.2171
26108,Kreisfreie Stadt Oldenburg,53.1393,8.1963
26109,Agentur für Arbeit Oldenburg,53.1412,8.2253
26110,Kreisfreie Stadt Oldenburg,53.1880,8.2270
26111,Carl von Ossietzky Universität Oldenburg,53.1488,8.1823
26114,Kreisfreie Stadt Oldenburg,53.1107,8.2094
26119,BARMER,53.1583,8.1817
26121,Oldenburg,53.1599,8.2050
26122,Oldenburg,53.1407,8.2171
26123,Oldenburg,53.1567,8.2333
26125,Oldenburg,53.1698,8.2250
26127,Oldenburg,53.1684,8.2106
26129,Oldenburg,53.1547,8.1706
26131,Oldenburg,53.1310,8.1828
26133,Oldenburg,53.1156,8.2159
26135,Oldenburg,53.1267,8.2384
26158,Bundeswehrkrankenhaus Bad Zwischenahn,53.1858,8.0264
26160,Bad Zwischenahn,53.1717,8.0414
26169,Friesoythe,53.0226,7.8576
26177,Ammerland,53.2799,8.1583
26178,Ammerland,53.2626,8.1731
26180,Rastede,53.2500,8.2000
26188,Edewecht,53.1228,8.1138
26197,Großenkneten,52.9438,8.2532
26203,Wardenburg,53.0667,8.2000
26209,Hatten,53.0167,8.3500
26215,Wiefelstede,53.2500,8.1167
26219,Bösel,53.0000,7.9500
26316,Varel,53.3839,8.1190
26340,Zetel Zetel,53.4002,7.9628
26345,Bockhorn Blauhand,53.3853,8.0171
26349,Jade,53.3844,8.2410
26379,Berufsförderungsdienst,53.5292,8.1292
26380,Unfallversicherung Bund und Bahn Abt. Künstlersozialkasse,53.5216,8.1188
26382,Wilhelmshaven,53.5234,8.1075
26384,Wilhelmshaven,53.5395,8.1441
26386,Wilhelmshaven,53.5568,8.1266
26388,Wilhelmshaven,53.5770,8.1021
26389,Wilhelmshaven,53.5241,8.0867
26392,Unfallversicherung Bund und Bahn,53.5163,8.1226
26409,Wittmund Eggelingen,53.5887,7.7599
26419,Schortens Grafschaft,53.5392,7.9603
26425,NV-Versicherungen VVag,53.6918,7.6915
26427,Dunum,53.6370,7.6440
26434,Wangerland Waddewarden,53.6504,7.9454
26441,Jever,53.5718,7.8938
26446,"Friedeburg Reepsholt, Dose",53.4636,7.8477
26452,Sande Sanderbusch,53.4959,8.0159
26465,Langeoog,53.7500,7.4833
26474,Spiekeroog,53.7701,7.6948
26486,Wangerooge,53.7900,7.8994
26487,Blomberg,53.5743,7.5330
26489,Ochtersum,53.6069,7.5162
26506,Norden Neuwesteel,53.5827,7.1922
26524,Lütetsburg,53.6040,7.2885
26529,Osteel,53.5239,7.2749
26532,Großheide Berumerfehn,53.5931,7.3634
26548,Norderney,53.7083,7.1582
26553,Dornum Nesse,53.6548,7.4301
26556,Utarp,53.5920,7.4534
26571,Juist,53.6779,6.9958
26579,Baltrum,53.7284,7.3714
26603,Aurich,53.4719,7.4775
26605,Aurich,53.4730,7.5303
26607,Aurich,53.4839,7.5151
26623,Aurich,53.5004,7.3875
26624,Südbrookmerland Victorbur,53.4755,7.3516
26629,Großefehn Westgroßefehn,53.3974,7.5929
26632,Ihlow Simonswolde,53.4102,7.4029
26639,Wiesmoor Wiesmoor,53.4136,7.7199
26653,Stadt Westerstede,53.2552,7.9294
26655,Westerstede,53.2568,7.9274
26670,Uplengen,53.3055,7.7512
26676,Barßel,53.1698,7.7501
26683,Saterland,53.1033,7.6825
26689,Apen,53.2262,7.7489
26721,Emden,53.3701,7.2031
26723,Emden,53.3667,7.2167
26725,Emden,53.3528,7.2184
26736,Krummhörn Loquard,53.4397,7.0912
26757,Borkum,53.5809,6.6915
26759,Hinte Cirkwehrum,53.4215,7.1956
26786,Agentur für Arbeit Leer,53.2320,7.4585
26787,Agentur für Arbeit Leer,53.2324,7.4631
26789,Leer (Ostfriesland),53.2348,7.4752
26802,Moormerland,53.3114,7.4230
26810,Westoverledingen,53.1692,7.4614
26817,Rhauderfehn,53.1362,7.5747
26826,Weener,53.1633,7.3505
26831,Boen,53.1865,7.2685
26835,Neukamperfehn,53.3050,7.6065
26842,Ostrhauderfehn,53.1333,7.6167
26844,Jemgum,53.2667,7.3833
26845,Nortmoor,53.2461,7.5718
26847,Detern,53.2093,7.6740
26849,Filsum,53.2421,7.6279
26869,Amtsgericht,53.0821,7.3899
26871,Papenburg,53.0774,7.4044
26892,Wippingen,52.9633,7.3405
26897,Esterwegen,52.9909,7.6301
26899,Rhede,53.0602,7.2713
26901,Lorup,52.9192,7.6761
26903,Surwold,52.9780,7.5153
26904,Börger,52.9121,7.5358
26906,Dersum,52.9611,7.2739
26907,Walchum,52.9272,7.2832
26909,Neubörger,52.9813,7.4314
26919,Brake,53.3252,8.4650
26930,Wesermarsch,53.2369,8.4599
26931,Elsfleth,53.2375,8.4566
26935,Stadland,53.3833,8.3833
26936,Stadland,53.3833,8.3833
26937,Stadland,53.3833,8.3833
26939,Ovelgönne,53.3419,8.4218
26954,Nordenham,53.4861,8.4809
26969,Butjadingen,53.5472,8.3350
27209,Diepholz,52.8242,8.6991
27211,Bassum,52.8506,8.7279
27232,Sulingen,52.6837,8.8095
27239,Twistringen,52.7993,8.6416
27243,Harpstedt,52.9088,8.5873
27245,Bahrenborstel,52.5949,8.8145
27246,Borstel,52.6646,9.0201
27248,Ehrenburg,52.7500,8.7000
27249,Maasen,52.6996,8.8908
27251,Scholen,52.7548,8.7585
27252,Schwaförden,52.7377,8.8303
27254,Siedenburg,52.7048,8.9532
27257,Affinghausen,52.7883,8.8597
27259,Varrel,52.6245,8.6918
27270,VBS Bastel-Service,52.9264,9.2822
27279,Agentur für Arbeit Verden,52.9233,9.2397
27280,Vereinigte Informationssysteme Tierhaltung (VIT),52.9227,9.2392
27281,Finanzamt,52.9215,9.2377
27283,Verden (Aller),52.9208,9.2480
27298,Verden,52.9839,9.1838
27299,Langwedel,52.9786,9.1854
27305,Bruchhausen-Vilsen,52.8282,8.9437
27308,Kirchlinteln,52.9424,9.3181
27313,Dörverden,52.8500,9.2333
27317,Volksbank Niedersachsen-Mitte eG,52.8054,9.1354
27318,Hoya,52.8304,9.1301
27321,Morsum,52.9512,9.0210
27324,Gandesbergen,52.7807,9.2318
27327,Martfeld,52.8879,9.0388
27330,Asendorf,52.7722,9.0049
27333,Warpe,52.7540,9.1390
27336,Häuslingen,52.7872,9.4018
27337,Blender,52.9167,9.1333
27339,Riede,52.9667,8.9500
27356,Rotenburg (Wümme),53.1199,9.4238
27357,Rotenburg (Wümme),53.0941,9.4480
27367,Ahausen,53.1165,9.2596
27374,Visselhövede,52.9855,9.5826
27383,Scheeßel,53.1667,9.4833
27386,Hemsbünde,53.0650,9.4760
27389,Vahlde,53.1995,9.5826
27400,Rotenburg (Wümme),53.2799,9.3093
27404,Elsdorf,53.2928,9.2559
27412,Breddorf,53.2323,9.1147
27419,Lengenbostel,53.2973,9.5021
27432,Oerel,53.4952,9.0459
27442,Gnarrenburg,53.3833,9.0000
27446,Farven,53.4014,9.2392
27449,Kutenholz,53.4815,9.3212
27470,Landkreis Cuxhaven,53.8625,8.6975
27472,Cuxhaven,53.8584,8.7090
27474,Cuxhaven,53.8555,8.6773
27476,Cuxhaven,53.8610,8.6483
27478,Cuxhaven,53.8187,8.6640
27498,Helgoland,54.1814,7.8863
27499,Hamburg Neuwerk,53.9167,8.5000
27554,Weser-Elbe Sparkasse,53.5426,8.5803
27568,Bremerhaven,53.5687,8.5741
27570,Bremerhaven,53.5286,8.5907
27572,Bremerhaven,53.5002,8.6047
27574,Bremerhaven,53.5299,8.6098
27576,Bremerhaven,53.5545,8.5933
27578,Bremerhaven,53.5887,8.5977
27580,Bremerhaven,53.5685,8.5968
27607,Langen,53.6055,8.5951
27612,Loxstedt,53.4667,8.6500
27616,Frelsdorf,53.4366,8.8080
27619,Schiffdorf,53.5333,8.6500
27624,Kührstedt,53.5973,8.8196
27628,Bramstedt,53.3490,8.6195
27637,Nordholz,53.7833,8.6000
27638,Wremen,53.6500,8.5167
27639,Cappel,53.6972,8.5590
27709,AOK - Die Gesundheitskasse für Niedersachsen Reg.-Dir. Osterholz,53.2276,8.7801
27711,Osterholz-Scharmbeck,53.2270,8.7953
27721,Ritterhude,53.1829,8.7355
27726,Worpswede,53.2167,8.9333
27729,Vollersode,53.3393,8.8300
27747,Finanzamt Delmenhorst,53.0460,8.6230
27749,Delmenhorst,53.0509,8.6291
27751,Delmenhorst,53.0480,8.6606
27753,Delmenhorst,53.0628,8.6236
27755,Delmenhorst,53.0275,8.6385
27777,Ganderkesee,53.0333,8.5333
27793,Wildeshausen,52.8945,8.4338
27798,Hude (Oldenburg),53.1167,8.4667
27801,Dötlingen,52.9333,8.3833
27804,Berne,53.1814,8.4822
27809,Lemwerder,53.1667,8.6167
28100,Radio Bremen,53.0804,8.7957
28101,Kreisfreie Stadt Bremen,53.0877,8.7846
28102,Gesundheit - Nord gGmbH,53.0829,8.8687
28103,Kreisfreie Stadt Bremen,53.0821,8.7885
28104,Osterholz,53.2316,8.6990
28105,Kreisfreie Stadt Bremen,53.0807,8.8014
28107,Kreisfreie Stadt Bremen,53.0803,8.7320
28111,Kreisfreie Stadt Bremen,53.0738,8.8053
28163,Kreisfreie Stadt Bremen,53.0766,8.8035
28174,Kreisfreie Stadt Bremen,53.0761,8.8032
28177,Klinikum Bremen-Mitte gGmbH,53.0751,8.8374
28178,Daimler Betriebskrankenkasse,53.0601,8.9040
28181,Mondelez Deutschland,53.0692,8.7865
28182,Diepholz,53.0181,8.8779
28183,Kreisfreie Stadt Bremen,53.0543,8.7984
28184,Amtsgericht Bremen,53.0735,8.8116
28185,hkk,53.0761,8.8037
28187,Anwaltskanzlei Ehlers-Godron,53.0730,8.8669
28188,Kreisfreie Stadt Bremen,53.0698,8.8685
28189,GEWOBA Aktiengesellschaft Wohnen und Bauen,53.0795,8.8149
28190,Kreisfreie Stadt Bremen,53.0601,8.9040
28192,BKK firmus,53.1409,8.7038
28195,Bremen,53.0889,8.7906
28197,Bremen,53.0854,8.7463
28199,Bremen,53.0618,8.7900
28201,Bremen,53.0577,8.8036
28203,Bremen,53.0711,8.8317
28205,Bremen,53.0709,8.8460
28207,Bremen,53.0687,8.8697
28209,Bremen,53.0841,8.8271
28211,Bremen,53.0859,8.8549
28213,Bremen,53.1094,8.7814
28215,Bremen,53.0926,8.8073
28217,Bremen,53.0938,8.7830
28219,Bremen,53.1036,8.7875
28237,Bremen,53.1165,8.7595
28239,Bremen,53.1240,8.7464
28259,Bremen,53.0543,8.7457
28275,BGHW Berufsgenossenschaft Handel und Warendistribution,53.0831,8.8067
28277,Bremen,53.1094,8.7814
28279,Bremen,53.0483,8.8383
28305,Kreisfreie Stadt Bremen,53.0503,8.9007
28307,Bremen,53.0441,8.9558
28309,Bremen,53.0515,8.8896
28323,Zentralkrankenhaus Bremen-Ost,53.0759,8.8859
28325,Bremen,53.1094,8.7814
28327,Bremen,53.0810,8.8925
28329,Bremen,53.0815,8.8721
28335,Bremen,53.0540,8.7460
28353,Staats- und Universitätsbibliothek,53.1097,8.8518
28355,Bremen,53.1001,8.9029
28357,Bremen,53.1178,8.8947
28359,Bremen,53.1003,8.8752
28363,Agentur für Arbeit Bremen,53.0851,8.7992
28365,British Airways Executive Club,53.0674,8.7894
28366,HUK-Coburg,53.0791,8.7994
28375,Kreisfreie Stadt Bremen,53.1732,8.6369
28390,Kreisfreie Stadt Bremen,53.1071,8.8655
28700,Kreisfreie Stadt Bremen,53.0518,8.7748
28717,Bremen,53.1735,8.7045
28719,Bremen,53.1728,8.7135
28751,Kreisfreie Stadt Bremen,53.1419,8.7051
28755,Bremen,53.1094,8.7814
28757,Bremen,53.1094,8.7814
28759,Bremen,53.1094,8.7814
28777,Bremen,53.1094,8.7814
28779,Bremen,53.1094,8.7814
28788,Standortverwaltung Schwanewede,53.2248,8.5769
28790,Schwanewede,53.2321,8.5407
28816,Stuhr,53.0333,8.7500
28832,Achim,53.0142,9.0263
28844,Weyhe,52.9890,8.8314
28855,Amtsgericht,52.9142,8.8211
28857,Syke,52.9135,8.8221
28865,Lilienthal,53.1419,8.9034
28869,Verden,53.0627,9.1728
28870,Ottersberg,53.1292,9.1068
28876,Oyten,53.0500,9.0167
28879,Grasberg,53.1833,8.9833
29216,Agentur für Arbeit Celle,52.6343,10.0817
29218,Mobil Krankenkasse,52.6130,10.0662
29219,Celle,52.6381,10.0498
29220,Stadt Celle,52.6195,10.0880
29221,Celle,52.6175,10.0850
29223,Celle,52.6333,10.0842
29225,Celle,52.6122,10.0402
29227,Celle,52.6110,10.0993
29229,Celle,52.6167,10.0833
29270,Celle,52.6416,10.1041
29303,Bergen,52.8084,9.9637
29308,Winsen (Aller),52.6837,9.9095
29313,Hambühren,52.6333,9.9833
29320,Hermannsburg,52.8325,10.0896
29323,Wietze,52.6500,9.8333
29328,Faßberg,52.9000,10.1667
29331,Lachendorf,52.6167,10.2500
29336,Nienhagen,52.5570,10.1021
29339,Wathlingen,52.5369,10.1507
29342,Wienhausen,52.5802,10.1886
29345,Unterlüß,52.8347,10.2969
29348,Scharnhorst,52.7258,10.2594
29351,Eldingen,52.6833,10.3333
29352,Adelheidsdorf,52.5640,10.0604
29353,Ahnsbeck,52.6107,10.2853
29355,Beedenbostel,52.6429,10.2591
29356,Bröckel,52.5163,10.2151
29358,Eicklingen,52.5504,10.1844
29359,Habighorst,52.7086,10.2274
29361,Höfer,52.6833,10.2500
29362,Hohne,52.5872,10.3760
29364,Langlingen,52.5559,10.2829
29365,Sprakensehl,52.7667,10.4918
29367,Steinhorst,52.6833,10.4000
29369,Ummern,52.5911,10.4319
29377,Butting,52.6653,10.6839
29378,Wittingen,52.7281,10.7391
29379,Wittingen,52.7333,10.7167
29386,Hankensbüttel,52.7332,10.5657
29389,Bad Bodenteich,52.8333,10.6833
29392,Wesendorf,52.6000,10.5333
29393,Groß Oesingen,52.6476,10.4637
29394,Lüder,52.8088,10.6661
29396,Schönewörde,52.6333,10.6333
29399,Wahrenholz,52.6167,10.6000
29410,Chüden,52.8522,11.1929
29413,Lagendorf,52.7989,10.9433
29416,Kerkau,52.7982,11.2383
29439,Lüchow,52.9681,11.1540
29451,Dannenberg (Elbe) Sipnitz,53.0917,11.1009
29456,Hitzacker Meudelfitz,53.1498,11.0017
29459,Clenze,52.9514,10.9417
29462,Wustrow,52.9237,11.1285
29465,Schnega Lütenthien,52.8844,10.8717
29468,Bergen (Dumme) Bergen,52.8898,10.9397
29471,Gartow Rondel,53.0186,11.4452
29472,Damnatz Jasebeck,53.1413,11.1692
29473,Göhrde Dübbekold,53.1272,10.9306
29475,Gorleben Meetschow,53.0479,11.3669
29476,Gusborn Zadrau,53.0745,11.2012
29478,Höhbeck Restorf,53.0588,11.4351
29479,Jameln Teichlosen,53.0427,11.0504
29481,Karwitz Lebbien,53.0843,10.9986
29482,Küsten Sallahn,53.0100,11.0352
29484,Langendorf,53.1009,11.2558
29485,Lemgow,52.9167,11.3333
29487,Luckau,52.9275,11.0486
29488,Lübbow,52.9116,11.1810
29490,Neu Darchau,53.2290,10.8853
29491,Prezelle,52.9667,11.4000
29493,Schnackenburg,53.0373,11.5645
29494,Trebel,53.0000,11.3167
29496,Waddeweitz Maddau,52.9970,10.9655
29497,Woltersdorf,52.9500,11.2167
29499,Zernien,53.0685,10.8832
29523,Amtsgericht,52.9689,10.5563
29525,Uelzen,52.9657,10.5611
29549,Bad Bevensen,53.0792,10.5813
29553,Bienenbüttel,53.1416,10.4868
29556,Suderburg,52.8959,10.4514
29559,Wrestedt,52.9043,10.5749
29562,Suhlendorf,52.9333,10.7667
29565,Wriedel,53.0313,10.2985
29568,Wieren,52.8853,10.6587
29571,Rosche,52.9866,10.7518
29574,Ebstorf,53.0278,10.4184
29575,Altenmedingen,53.1305,10.6016
29576,Barum,53.0500,10.5167
29578,Eimke,52.9660,10.3132
29579,Emmendorf,53.0202,10.5646
29581,Gerdau,52.9667,10.4167
29582,Hanstedt I,53.0500,10.3667
29584,Himbergen,53.0942,10.7291
29585,Jelmstorf,53.1013,10.5224
29587,Natendorf,53.0798,10.4703
29588,Oetzen,53.0192,10.6757
29590,Rätzlingen,52.9758,10.6754
29591,Römstedt,53.1000,10.6500
29593,Schwienau,53.0056,10.4454
29594,Soltendieck,52.8737,10.7616
29596,Stadensen,52.8757,10.5562
29597,Stoetze,53.0667,10.7833
29599,Weste,53.0594,10.7028
29611,Heidekreis,52.9651,9.8557
29612,Heidekreis,52.9651,9.8557
29614,Soltau,52.9864,9.8434
29633,Munster,52.9857,10.0876
29640,Schneverdingen,53.1168,9.7952
29643,Neuenkirchen,53.0326,9.7064
29646,Bispingen,53.0831,9.9977
29649,Wietzendorf,52.9167,9.9833
29664,Walsrode,52.8615,9.5926
29683,Fallingbostel,52.8497,9.6880
29690,Gilten,52.6801,9.6282
29693,Ahlden (Aller),52.7516,9.5700
29699,Bomlitz,52.9000,9.6500
30125,KKH Kaufmännische Krankenkasse Hauptverwaltung,52.3713,9.8056
30126,Region Hannover,52.3750,9.7428
30127,H./G./K. Hotel- und Gastronomie-Kauf eG,52.3821,9.7542
30130,Region Hannover,52.3709,9.7652
30131,Familienkasse Niedersachsen-Bremen,52.4162,9.7328
30132,"Berufsgenossenschaft Verkehrswirtschaft Post-Logistik, Telekommunikation",52.3900,9.7549
30133,VHV Allgemeine Kautionsversicherung,52.4015,9.7659
30134,Energie-BKK,52.4191,9.8259
30135,Deutsche Apotheker und Ärztebank e.G Zentrales Service Zentrum,52.4162,9.7328
30138,Region Hannover,52.4015,9.7659
30139,Region Hannover,52.3788,9.7331
30140,Versicherungsgruppe Hannover Landschaft. Brandkasse Provinzial Lebensvers.,52.3702,9.7445
30141,Berufsgenossenschaft der Bauwirtschaft Bezirksverwaltung Hannover (BG Bau),52.3316,9.7746
30142,AOK Die Gesundheitskasse für Niedersachsen Regionaldirektion,52.3711,9.7687
30144,KKH Kaufmännische Krankenkasse Hauptverwaltung,52.3713,9.8056
30145,Region Hannover,52.3343,9.7794
30146,Region Hannover,52.3770,9.7263
30147,Agentur für Arbeit Hannover,52.3753,9.7283
30148,Region Hannover,52.3498,9.8027
30149,Niedersächsisches Landesamt für Bezüge und Versorgung (NLBV),52.3628,9.7216
30151,NORD/LB,52.3679,9.7416
30152,Region Hannover,52.3995,9.7371
30153,Region Hannover,52.3753,9.7415
30154,Region Hannover,52.4210,9.7326
30156,Sozialversicherung für Landwirtschaft Forsten und Gartenbau,52.3551,9.7596
30157,Hildesheim,52.1657,9.9921
30159,Hannover,52.3736,9.7371
30161,Hannover,52.3874,9.7465
30163,Hannover,52.3943,9.7475
30165,Hannover,52.4008,9.7217
30167,Hannover,52.3914,9.7083
30169,Hannover,52.3633,9.7480
30171,Hannover,52.3697,9.7521
30173,Hannover,52.3586,9.7558
30175,Hannover,52.3667,9.7167
30177,Hannover,52.3973,9.7707
30179,Hannover,52.4137,9.7544
30417,Region Hannover,52.4165,9.6387
30419,Hannover,52.4140,9.6603
30449,Hannover,52.3685,9.7082
30451,Hannover,52.3751,9.7094
30453,Hannover,52.3665,9.6815
30455,Hannover,52.3574,9.6710
30457,Hannover,52.3288,9.7001
30459,Hannover,52.3425,9.7153
30517,MDKN Medizinischer Dienst der Krankenversicherung Niedersachsen,52.3279,9.7778
30519,Hannover,52.3398,9.7743
30521,Hannover,52.3667,9.7167
30539,Hannover,52.3390,9.8288
30559,Hannover,52.3613,9.8344
30619,Mecklenburgische Versicherungs- Gesellschaften,52.3783,9.8074
30620,Region Hannover,52.3714,9.8052
30621,Concordia Versicherungsgruppe,52.3713,9.8056
30622,Region Hannover,52.4015,9.7659
30623,Medizinische Hochschule Hannover,52.3841,9.8060
30625,Hannover,52.3795,9.8075
30627,Hannover,52.3667,9.7167
30629,Hannover,52.3895,9.8502
30645,Region Hannover,52.3835,9.8104
30647,Region Hannover,52.4108,9.8183
30655,Hannover,52.4026,9.7939
30657,Hannover,52.4265,9.7921
30659,Hannover,52.4097,9.8080
30669,Hannover,52.3667,9.7167
30684,"Berufsgenossenschaft Rohstoffe u. chemische Industrie, Scanzentrum",52.3316,9.7746
30686,Kreisfreie Stadt Dortmund,51.5161,7.4620
30689,Agentur für Arbeit Hannover,52.3753,9.7283
30690,Region Hannover,52.2592,9.7810
30691,HUK-Coburg,52.3767,9.7290
30692,Region Hannover,52.4215,9.8298
30700,Region Hannover,52.3566,9.8749
30820,Heycom,52.4193,9.5738
30821,Region Hannover,52.4199,9.5750
30823,Garbsen,52.4182,9.6021
30826,Garbsen,52.4759,9.5359
30827,Garbsen,52.4353,9.6110
30851,Langenhagen,52.4378,9.7432
30853,Langenhagen,52.4506,9.7492
30855,Langenhagen,52.4402,9.6655
30875,Deutsche Rentenversicherung Braunschweig-Hannover,52.3001,9.8215
30876,Region Hannover,52.2860,9.8212
30880,Laatzen,52.3151,9.7974
30890,Barsinghausen,52.3000,9.4500
30900,Wedemark,52.5410,9.7429
30916,Isernhagen,52.4333,9.8500
30926,Seelze,52.3964,9.5973
30938,Burgwedel,52.5027,9.8600
30952,Ronnenberg,52.3194,9.6554
30966,Hemmingen,52.3143,9.7236
30974,Wennigsen,52.2740,9.5729
30982,Pattensen,52.2645,9.7644
30988,Robert-Koch-Krankenhaus,52.3042,9.5976
30989,Gehrden,52.3136,9.6003
31007,Stadtverwaltung Stadt Elze,52.1191,9.7364
31008,Elze,52.1226,9.7359
31020,Salzhemmendorf,52.0887,9.6312
31028,Gronau (Leine),52.0833,9.7833
31029,Banteln,52.0667,9.7500
31032,Betheln,52.1143,9.7940
31033,Brüggen,52.0425,9.7745
31036,Eime,52.0745,9.7212
31039,Rheden,52.0578,9.7871
31061,Alfeld (Leine),51.9881,9.8170
31073,Delligsen,51.9412,9.8027
31079,Adenstedt,52.0362,9.9127
31084,Freden (Leine),51.9333,9.9000
31085,Everode,51.9500,9.9167
31088,Winzenburg,51.9333,9.9333
31089,Duingen,52.0045,9.6958
31091,Coppengrave,51.9833,9.7333
31093,Hoyershausen,52.0189,9.7535
31094,Marienhagen,52.0372,9.6869
31096,Weenzen,52.0333,9.6667
31097,Harbarnsen,51.9833,9.9667
31099,Woltershausen,51.9833,9.9500
31120,Niedersächsisches Landesamt für Soziales Jugend und Familie,52.1496,9.9473
31121,Agentur für Arbeit Hildesheim,52.1591,9.9584
31129,Niedersächsisches Landesamt für Soziales Jugend und Familie,52.1496,9.9473
31130,Sparkasse Hildesheim Goslar Peine,52.1525,9.9518
31131,Greenbase e. G. Dokumenten - Management,52.1574,9.9486
31132,Landkreis Hildesheim,52.1316,9.9229
31134,Hildesheim,52.1531,9.9555
31135,Hildesheim,52.1647,9.9768
31137,Hildesheim,52.1603,9.9331
31139,Hildesheim,52.1410,9.9407
31141,Hildesheim,52.1353,9.9713
31157,Sarstedt,52.2350,9.8541
31162,Bad Salzdetfurth,52.0578,10.0058
31167,Bockenem,52.0099,10.1320
31171,Nordstemmen,52.1620,9.7835
31174,Schellerten,52.1853,10.1023
31177,Harsum,52.2104,9.9649
31180,Giesen,52.1972,9.8989
31185,Söhlde,52.1890,10.2324
31188,Holle,52.0872,10.1601
31191,Algermissen,52.2533,9.9691
31195,Lamspringe,51.9720,10.0305
31196,Sehlem,52.0124,9.9759
31199,Diekholzen,52.0962,9.9195
31221,Finanzamt Peine,52.3248,10.2414
31224,Peine,52.3233,10.2307
31226,Peine,52.3143,10.2336
31228,Peine,52.3395,10.2492
31234,Edemissen,52.3870,10.2614
31241,Ilsede,52.2634,10.1992
31246,Lahstedt,52.2500,10.2167
31249,Hohenhameln,52.2575,10.0642
31272,Region Hannover,52.3645,10.0104
31273,BKK exklusiv,52.3885,9.9664
31275,Lehrte,52.3719,9.9792
31300,Finanzamt Burgdorf,52.4478,10.0046
31303,Burgdorf,52.4463,10.0064
31311,Uetze,52.4713,10.1581
31319,Sehnde,52.3139,9.9682
31513,Stadt Wunstorf,52.4201,9.4283
31515,Wunstorf,52.4238,9.4359
31533,Amtsgericht Neustadt am Rübenberge,52.4935,9.4609
31535,Neustadt am Rübenberge,52.5046,9.4587
31542,Bad Nenndorf Waltringhausen,52.3403,9.3710
31547,Rehburg-Loccum,52.4539,9.2065
31552,Apelern Soldorf,52.3043,9.3276
31553,Sachsenhagen Nienbrügge,52.3965,9.2673
31555,Suthfeld Riehe,52.3576,9.3894
31556,Wölpinghausen Bergkirchen,52.4190,9.2512
31558,Hagenburg,52.4338,9.3276
31559,Hohnhorst Rehren A.R.,52.3695,9.3653
31577,Landkreis Nienburg/Weser,52.6402,9.2039
31582,Nienburg (Weser) Erichshagen,52.6521,9.2382
31592,Stolzenau Anemolter-Schinna,52.5114,9.0384
31595,Steyerberg,52.5822,8.9998
31600,Uchte,52.4998,8.9093
31603,Diepenau,52.4187,8.7176
31604,Raddestorf,52.4500,8.9667
31606,Warmsen,52.4570,8.8495
31608,Marklohe,52.6686,9.1422
31609,Balge,52.7167,9.1667
31613,Wietzen,52.7167,9.0833
31618,Liebenau,52.6036,9.0972
31619,Binnen,52.6167,9.1333
31621,Pennigsehl,52.6418,9.0263
31622,Heemsen Gadesbünden,52.7206,9.2856
31623,Drakenburg,52.6869,9.2108
31626,Haßbergen,52.7333,9.2333
31627,Rohrsen,52.7099,9.2323
31628,Landesbergen Hahnenberg,52.5476,9.1452
31629,Estorf,52.5914,9.1454
31632,Husum,52.5667,9.2500
31633,Leese,52.5000,9.1167
31634,Steimbke Steimbke,52.6607,9.4015
31636,Linsburg,52.5935,9.3026
31637,Rodewald,52.6658,9.4821
31638,Stöckse,52.6407,9.3403
31653,Landkreis Schaumburg Hauptamt,52.3227,9.2036
31655,Stadthagen,52.3147,9.2173
31673,Amtsgericht Bückeburg,52.2617,9.0507
31675,Bückeburg Rusbend,52.2826,9.0507
31681,BKK 24,52.2791,9.1473
31682,Schaumburg,52.2739,9.1230
31683,Obernkirchen,52.2656,9.1221
31688,Nienstädt,52.2903,9.1673
31691,Helpsen Kirchhorsten,52.3037,9.1087
31693,Hespe Stemmen,52.3261,9.1096
31698,Lindhorst Ottensen,52.3580,9.2864
31699,Beckedorf,52.3500,9.3167
31700,Heuerßen Kobbensen,52.3324,9.2821
31702,Lüdersfeld Lüdersfeld,52.3531,9.2518
31707,Bad Eilsen,52.2371,9.0973
31708,Ahnsen,52.2547,9.1009
31710,Buchholz,52.2265,9.1278
31711,Luhden Schermbeck,52.2266,9.0874
31712,Niedernwöhren,52.3521,9.1479
31714,Lauenhagen,52.3605,9.2142
31715,Meerbeck Volksdorf,52.3399,9.1380
31717,Nordsehl,52.3500,9.1833
31718,Pollhagen,52.3853,9.1881
31719,Wiedensahl,52.3838,9.1202
31735,IKK classic,52.1886,9.0852
31737,Rinteln Steinbergen,52.1726,9.1191
31749,Auetal Altenhagen,52.2402,9.2343
31774,Kreisfreie Stadt Bonn,50.7191,7.1170
31778,Deutsche Postbank Kreditservice Rate,52.1074,9.3946
31779,Hameln-Pyrmont,52.1074,9.3946
31780,Agentur für Arbeit Hameln,52.1100,9.3586
31781,Hameln-Pyrmont,52.1074,9.3946
31783,Agentur für Arbeit Hameln,52.1069,9.3590
31784,Volksbank Hameln e. G.,52.1029,9.3600
31785,Hameln,52.1037,9.3676
31787,Hameln,52.1150,9.3388
31789,Hameln,52.0988,9.3950
31810,Brunswiek-Klinik der LVA Braunschweig,51.9893,9.2593
31812,Bad Pyrmont,51.9859,9.2525
31829,München,48.1918,11.6485
31830,DRK Blutspendedienst,52.2067,9.5583
31832,Springe,52.2084,9.5542
31840,Hessisch Oldendorf,52.1727,9.2491
31848,Bad Münder am Deister,52.1955,9.4642
31855,Aerzen,52.0495,9.2586
31860,Emmerthal,52.0449,9.4001
31863,Coppenbrügge,52.1185,9.5487
31867,Messenkamp,52.2609,9.3723
31868,Ottenstein,51.9471,9.4070
32042,Agentur für Arbeit Herford,52.1221,8.6749
32044,Agentur für Arbeit Herford,52.1224,8.6681
32045,Klinikum Herford,52.1176,8.6710
32046,Seniorenzentrum Haus Unter den Linden,52.1148,8.6524
32049,Herford,52.1337,8.6963
32051,Herford,52.1270,8.6427
32052,Herford,52.1005,8.6723
32058,Herford,52.0796,8.6195
32061,Herford,52.0796,8.6195
32102,BfA Kurklinik Lipperland,52.0731,8.7479
32105,Bad Salzuflen,52.0808,8.7505
32107,Bad Salzuflen,52.0613,8.7341
32108,Bad Salzuflen,52.0692,8.7598
32120,Hiddenhausen,52.1667,8.6167
32130,Enger,52.1406,8.5577
32139,Spenge,52.1402,8.4847
32255,Kreiskliniken Herford-Bünde AöR,52.1940,8.5767
32257,Bünde,52.1984,8.5864
32278,Kirchlengern,52.2000,8.6333
32289,Rödinghausen,52.2500,8.4833
32310,Amtsgericht Lübbecke,52.3052,8.6319
32312,Lübbecke,52.3070,8.6142
32337,Stadt Espelkamp,52.3747,8.6331
32339,Espelkamp,52.3825,8.6213
32351,Stemwede,52.4167,8.4500
32361,Preußisch Oldendorf,52.3412,8.5253
32369,Rahden,52.4337,8.6126
32419,Minden-Lübbecke,52.3030,8.9520
32420,Amtsgericht,52.2846,8.8993
32421,Finanzamt,52.2884,8.9134
32423,Minden,52.2873,8.9243
32425,Minden,52.2833,8.9167
32427,Minden,52.2946,8.8976
32429,Minden,52.2833,8.9167
32455,Stadtverwaltung,52.2387,8.9212
32457,Porta Westfalica,52.2296,8.9161
32469,Petershagen,52.3751,8.9654
32479,Hille,52.3333,8.7500
32543,Klinik Am Korso,52.2002,8.7972
32545,Bad Oeynhausen,52.1917,8.8093
32547,Bad Oeynhausen,52.2060,8.8107
32549,Bad Oeynhausen,52.2473,8.7858
32582,Stadtverwaltung Löhne,52.1980,8.7201
32584,Löhne,52.1885,8.6922
32602,Vlotho,52.1388,8.7806
32609,Hüllhorst,52.2833,8.6667
32655,Sparkasse Lemgo,52.0327,8.9010
32657,Lemgo,52.0279,8.8990
32676,Lügde,51.9583,9.2471
32683,Barntrup,51.9904,9.1164
32689,Kalletal,52.1222,8.9600
32694,Dörentrup,52.0411,9.0028
32699,Extertal,52.0670,9.1162
32750,Landesamt für Finanzen Scanstelle,51.9331,8.8821
32753,Agentur für Arbeit Detmold,51.9433,8.8627
32754,Kreis Lippe Der Landrat,51.9390,8.8694
32756,Detmold,51.9360,8.8783
32758,Detmold,51.9509,8.8658
32760,Detmold,51.8613,8.8645
32791,Lage,51.9922,8.7930
32805,Horn-Bad Meinberg,51.8855,8.9624
32816,Schieder-Schwalenberg,51.8771,9.1954
32823,Lippe,51.9349,9.1046
32825,Blomberg,51.9678,9.0473
32832,Augustdorf,51.9094,8.7317
32839,Steinheim,51.8707,9.0914
33014,Bad Driburg,51.7330,9.0197
33034,Brakel,51.7175,9.1860
33039,Nieheim,51.8050,9.1130
33093,Stadt Paderborn,51.7183,8.7527
33094,Husemann Assecuranz,51.7227,8.7180
33095,Amtsgericht Paderborn,51.7193,8.7442
33096,Agentur für Arbeit Paderborn,51.7140,8.7411
33098,Paderborn,51.7136,8.7554
33100,Paderborn,51.7273,8.7706
33102,Paderborn,51.7171,8.7417
33104,Paderborn,51.7571,8.7300
33106,Paderborn,51.7327,8.6885
33129,Delbrück,51.7802,8.4840
33142,Büren,51.5511,8.5596
33154,Salzkotten,51.6717,8.6009
33161,Hövelhof,51.8167,8.6500
33165,Lichtenau,51.6171,8.8967
33175,Bad Lippspringe,51.7833,8.8168
33178,Borchen,51.6677,8.7228
33181,Bad Wünnenberg,51.5210,8.6964
33184,Altenbeken,51.7645,8.9420
33189,Schlangen,51.8098,8.8461
33311,Gütersloh,51.9000,8.3840
33324,INFOKOM Gütersloh,51.9050,8.3493
33325,Miele,51.9112,8.3966
33326,LWL - Klinikum Gütersloh,51.9022,8.3900
33330,Gütersloh,51.9074,8.3767
33332,Gütersloh,51.9005,8.3837
33334,Gütersloh,51.9436,8.4283
33335,Gütersloh,51.9316,8.4599
33372,Finanzamt Wiedenbrück,51.8387,8.2993
33373,Garant-Möbel,51.8381,8.3039
33374,Gütersloh,51.8500,8.2782
33375,Westfalia - Werke,51.8469,8.2978
33378,Rheda-Wiedenbrück,51.8497,8.3002
33393,Stadt Rietberg,51.8071,8.4260
33394,Volksbank Rietberg eG,51.8406,8.4376
33395,Gütersloh,51.7360,8.3814
33397,Rietberg,51.8092,8.4284
33411,Anwaltskanzlei Andreas Schneider,51.8772,8.4901
33413,Frau Antjes Feinschmecker-Studio,51.8848,8.4444
33414,Gesundheitsinitiative DAK,51.8848,8.4444
33415,Verl,51.8833,8.5167
33426,Eberhard Warzecha Rechtsanwalt,51.9604,8.2230
33428,Harsewinkel,51.9622,8.2277
33441,Gütersloh,51.8823,8.2263
33442,Herzebrock-Clarholz,51.9000,8.2167
33449,Langenberg,51.7721,8.3181
33519,Bielefeld,52.0330,8.5330
33547,OEDIV,52.0161,8.5372
33583,HUK-Coburg,52.0158,8.5233
33584,Kreisfreie Stadt Bielefeld,52.0807,8.4988
33591,Agentur für Arbeit Bielefeld,52.0248,8.5426
33594,Hauptzollamt,52.0304,8.5302
33595,Universitätsbibliothek Bielefeld,52.0209,8.5346
33596,Polizeipräsidium Fotozentrallabor,52.0203,8.5441
33597,Stadt Bielefeld,52.0217,8.5347
33598,Kreisfreie Stadt Bielefeld,52.0416,8.5852
33600,v. Bodelschwinghsche Anstalten Sarepta Abendfrieden,52.0103,8.5252
33602,Bielefeld,52.0245,8.5326
33604,Bielefeld,52.0106,8.5493
33605,Bielefeld,52.0008,8.5740
33607,Bielefeld,52.0284,8.5759
33609,Bielefeld,52.0342,8.5553
33611,Bielefeld,52.0483,8.5492
33613,Bielefeld,52.0440,8.5225
33615,Bielefeld,52.0307,8.5133
33617,Bielefeld,52.0119,8.5202
33619,Bielefeld,52.0333,8.5333
33644,BKK Gildemeister Seidensticker,51.9795,8.4784
33645,Justizvollzugsanstalt Bielefeld-Brackwede I,51.9932,8.4838
33647,Bielefeld,51.9900,8.5114
33649,Bielefeld,51.9745,8.4686
33659,Bielefeld,51.9692,8.5522
33687,Gildemeister-DEVLIEG,52.2170,8.8285
33689,Bielefeld,51.9501,8.5793
33699,Bielefeld,52.0333,8.5333
33719,Bielefeld,52.0107,8.5926
33729,Bielefeld,52.0707,8.6002
33739,Bielefeld,52.0333,8.5333
33756,Gemeindeverwaltung,51.8973,8.6326
33758,Schloß Holte-Stukenbrock,51.9000,8.6167
33769,Stadt Versmold,52.0418,8.1447
33775,Versmold,52.0401,8.1527
33788,Kreissparkasse Halle-Wiedenbrück,52.0497,8.3686
33790,Halle,52.0601,8.3608
33801,Gemeindeverwaltung Steinhagen,52.0164,8.4230
33803,Steinhagen,52.0000,8.4000
33813,Oerlinghausen,51.9545,8.6622
33818,Leopoldshöhe,52.0125,8.6983
33824,Werther,52.0777,8.4179
33829,Borgholzhausen,52.1034,8.3021
34105,Sozialversicherung für Landwirtschaft Forsten und Gartenbau (SVLFG),51.2999,9.4813
34106,Landesbetrieb Hessisches Landeslabor,51.3046,9.4325
34108,Versicherer im Raum der Kirchen Bruderhilfe Pax Familienfürsorge,51.3183,9.4764
34109,Universität Kassel,51.3230,9.5084
34110,"Regierungspräsidium Kassel Zentrale Bußgeldstelle, Dezernat 44",51.3181,9.4988
34111,Finanzamt Kassel I,51.3113,9.4786
34112,Polizeipräsidium Nordhessen,51.3169,9.4897
34113,Bosch Communication Security & Imaging,51.3017,9.5239
34114,Diplom. Volkswirt Manfred Kilian e.K.,51.3073,9.4417
34115,Kreisfreie Stadt Kassel,51.2745,9.5096
34117,Kassel,51.3166,9.4912
34119,Kassel,51.3152,9.4647
34121,Kassel,51.3056,9.4652
34123,Kassel,51.2988,9.5297
34125,Kassel,51.3195,9.5163
34127,Kassel,51.3355,9.4913
34128,Kassel,51.3360,9.4457
34130,Kassel,51.3247,9.4466
34131,Kassel,51.3173,9.4227
34132,Kassel,51.3167,9.5000
34134,Kassel,51.2878,9.4705
34195,Agentur für Arbeit Kassel,51.3362,9.4808
34196,Familienkasse Hessen,51.3152,9.4931
34197,HUK-Coburg,51.3144,9.4861
34198,Kreisfreie Stadt Kassel,51.2760,9.5074
34209,Schwalm-Eder-Kreis,51.1312,9.5506
34212,Melsungen,51.1303,9.5524
34219,Kassel,51.2609,9.4339
34225,Baunatal,51.2518,9.4075
34233,Fuldatal,51.3484,9.5256
34246,Vellmar,51.3581,9.4797
34253,Lohfelden,51.2667,9.5333
34260,Kaufungen,51.2811,9.6186
34265,Kassel,51.3165,9.5412
34266,Niestetal,51.3083,9.5669
34270,Schauenburg,51.2856,9.2717
34277,Fuldabrück,51.2667,9.4833
34281,Gudensberg,51.1771,9.3675
34286,Spangenberg,51.1164,9.6627
34289,Zierenberg,51.3695,9.3016
34292,Ahnatal,51.3500,9.3833
34295,Edermünde,51.2125,9.4208
34298,Helsa,51.2598,9.6887
34302,Guxhagen,51.2000,9.4833
34305,Niedenstein,51.2334,9.3103
34308,Bad Emstal,51.2333,9.2500
34311,Naumburg,51.2482,9.1657
34314,Espenau,51.3966,9.4702
34317,Habichtswald,51.3285,9.3392
34320,Söhrewald,51.2056,9.5778
34323,Malsfeld,51.0908,9.5389
34326,Morschen,51.0500,9.6000
34327,Körle,51.1667,9.5167
34329,Nieste,51.3167,9.6667
34346,Hannoversch Münden,51.4151,9.6505
34355,Staufenberg,51.3500,9.6333
34359,Reinhardshagen,51.4917,9.6083
34369,Hofgeismar,51.4961,9.3850
34376,Immenhausen,51.4429,9.5231
34379,Calden,51.4094,9.4019
34385,Bad Karlshafen,51.6426,9.4548
34388,Trendelburg,51.5741,9.4209
34393,Grebenstein,51.4465,9.4125
34396,Liebenau,51.4970,9.2821
34399,Oberweser,51.5833,9.5667
34414,Warburg,51.4901,9.1464
34431,Marsberg,51.4617,8.8495
34434,Borgentreich,51.5692,9.2411
34439,Willebadessen,51.6256,9.0369
34454,Bad Arolsen,51.3798,9.0145
34466,Wolfhagen,51.3261,9.1702
34471,Volkmarsen,51.4090,9.1181
34474,Diemelstadt,51.4878,9.0079
34477,Twistetal,51.3214,8.9548
34479,Breuna,51.4157,9.1850
34494,Agentur für Arbeit Korbach,51.2731,8.8626
34495,Amtsgericht,51.2738,8.8668
34497,Korbach,51.2756,8.8730
34508,Willingen (Upland),51.3000,8.6167
34513,Waldeck,51.2062,9.0629
34516,Vöhl,51.1815,8.8878
34519,Diemelsee,51.3667,8.8000
34535,"Der Fürstenhof, Fachklinik",51.1174,9.1188
34537,Bad Wildungen,51.1196,9.1247
34549,Edertal,51.1590,9.0923
34558,Amtsgericht,51.1325,9.2796
34560,Fritzlar,51.1318,9.2756
34574,Schwalm-Eder-Kreis,51.0303,9.4051
34576,Homberg (Efze),51.0333,9.4000
34582,Borken,51.0638,9.2200
34587,Felsberg,51.1376,9.4214
34590,Wabern,51.1000,9.3500
34593,Knüllwald,50.9771,9.4865
34596,Bad Zwesten,51.0500,9.1833
34599,Neuental,51.0000,9.2167
34613,Schwalmstadt,50.9333,9.2167
34621,Frielendorf,50.9707,9.3227
34626,Neukirchen,50.8691,9.3465
34628,Willingshausen,50.8500,9.2000
34630,Gilserberg,50.9500,9.0667
34632,Jesberg,51.0000,9.1500
34633,Ottrau,50.8060,9.3857
34637,Schrecksbach,50.8333,9.2833
34639,Schwarzenborn,50.9098,9.4466
35031,Marburg-Biedenkopf,50.8216,8.7712
35032,Philipps-Universität,50.8102,8.7740
35034,Finanzamt,50.8057,8.7685
35035,Stadtverwaltung,50.8088,8.7706
35036,Agentur für Arbeit Marburg,50.8246,8.7696
35037,Marburg,50.8030,8.7625
35039,Marburg,50.8098,8.7773
35041,Marburg,50.8165,8.7513
35043,Marburg,50.7765,8.7645
35066,Frankenberg (Eder),51.0585,8.7833
35075,Gladenbach,50.7685,8.5808
35080,Bad Endbach,50.7500,8.5000
35083,Wetter,50.9025,8.7237
35085,Ebsdorfergrund,50.7260,8.8570
35088,Battenberg (Eder),51.0136,8.6473
35091,Cölbe,50.8510,8.7809
35094,Lahntal,50.8619,8.6976
35096,Weimar,50.7542,8.6958
35099,Burgwald,51.0000,8.7500
35102,Lohra,50.7333,8.6333
35104,Lichtenfels,51.1583,8.7958
35107,Waldeck-Frankenberg,51.0300,8.6872
35108,Allendorf (Eder) Battenfeld,51.0333,8.6792
35110,Frankenau,51.0927,8.9345
35112,Fronhausen,50.7000,8.7000
35114,Haina (Kloster),51.0278,8.9667
35116,Hatzfeld (Eder),51.0109,8.5866
35117,Münchhausen,50.9608,8.7184
35119,Rosenthal,50.9744,8.8674
35216,Biedenkopf,50.9112,8.5302
35232,Dautphetal,50.8417,8.5542
35236,Breidenbach,50.8873,8.4575
35239,Steffenberg,50.8500,8.4833
35260,Stadtallendorf,50.8226,9.0129
35274,Kirchhain,50.8272,8.9281
35279,Neustadt (Hessen),50.8500,9.1167
35282,Rauschenberg,50.8833,8.9186
35285,Gemünden (Wohra),50.9667,8.9667
35287,Amöneburg,50.7960,8.9233
35288,Wohratal,50.9375,8.9333
35305,Grünberg,50.5940,8.9587
35315,Homberg (Ohm),50.7333,9.0000
35321,Laubach,50.5420,8.9903
35325,Mücke,50.6284,9.0547
35327,Ulrichstein,50.5755,9.1927
35329,Gemünden (Felda),50.7000,9.0500
35383,Gießen,50.5741,8.6860
35384,Agentur für Arbeit Gießen,50.5904,8.6772
35385,Klinikum der JLU,50.5771,8.6654
35386,Universitätsbibliothek,50.5810,8.6696
35387,Staatsanwaltschaft bei dem Landgericht,50.5879,8.6834
35388,HUK-Coburg,50.5863,8.6763
35390,Gießen,50.5849,8.6742
35392,Gießen,50.5669,8.6538
35394,Gießen,50.5746,8.7135
35396,Gießen,50.6165,8.7044
35398,Gießen,50.5833,8.6500
35402,Gießen,50.4923,8.6475
35410,Hungen,50.4737,8.8933
35415,Pohlheim,50.5167,8.7000
35418,Buseck,50.6148,8.7830
35423,Lich,50.5208,8.8157
35428,Langgöns,50.5000,8.6667
35435,Wettenberg,50.6167,8.6500
35440,Linden,50.5374,8.6497
35444,Biebertal,50.6182,8.6017
35447,Reiskirchen,50.6000,8.8333
35452,Heuchelheim,50.5833,8.6333
35457,Lollar,50.6465,8.7049
35460,Staufenberg,50.6620,8.7316
35463,Fernwald,50.5500,8.7833
35466,Rabenau,50.6775,8.8643
35469,Allendorf (Lumda),50.6833,8.8333
35508,Kreisfreie Stadt München,48.1449,11.4850
35509,Wetteraukreis,50.4297,8.6887
35510,Butzbach,50.4339,8.6712
35516,Münzenberg,50.4563,8.7293
35519,Rockenberg,50.4305,8.7369
35573,Deutsche Angestellten Krankenkasse,50.5540,8.4994
35574,DAK-Gesundheit,50.5513,8.4993
35576,Wetzlar,50.5665,8.5247
35578,Wetzlar,50.5455,8.5050
35579,Wetzlar,50.5500,8.5000
35580,Wetzlar,50.5500,8.5000
35581,Wetzlar,50.5500,8.5000
35582,Wetzlar,50.5500,8.5000
35583,Wetzlar,50.5500,8.5000
35584,Wetzlar,50.5500,8.5000
35585,Wetzlar,50.5500,8.5000
35586,Wetzlar,50.5500,8.5000
35606,Solms,50.5362,8.4070
35614,Aßlar,50.5916,8.4627
35619,Braunfels Neukirchen,50.5027,8.3936
35625,Hüttenberg,50.5210,8.5758
35630,Ehringshausen,50.6000,8.3833
35633,Lahnau,50.5833,8.5667
35638,Leun,50.5513,8.3584
35641,Schöffengrund,50.4935,8.4718
35644,Hohenahr,50.6689,8.4896
35647,Waldsolms,50.4167,8.5167
35649,Bischoffen,50.7000,8.4500
35683,Dillenburg,50.7369,8.2873
35684,Dillenburg,50.7333,8.2833
35685,Dillenburg,50.7333,8.2833
35686,Dillenburg,50.7333,8.2833
35687,Dillenburg,50.7333,8.2833
35688,Dillenburg,50.7333,8.2833
35689,Dillenburg,50.7333,8.2833
35690,Dillenburg,50.7333,8.2833
35708,Haiger,50.7416,8.2078
35713,Eschenburg,50.8083,8.3583
35716,Dietzhölztal,50.8333,8.3167
35719,Angelburg,50.8063,8.4164
35745,Herborn,50.6814,8.3037
35753,Greifenstein,50.6167,8.3000
35756,Mittenaar,50.7000,8.3833
35759,Driedorf,50.6333,8.1833
35764,Sinn,50.6500,8.3333
35767,Breitscheid,50.6851,8.1912
35768,Siegbach,50.7390,8.4179
35779,Bundesknappschaft,50.4862,8.2633
35781,Weilburg,50.4844,8.2625
35789,Weilmünster,50.4314,8.3767
35792,Löhnberg,50.5130,8.2720
35794,Mengerskirchen,50.5639,8.1555
35796,Weinbach,50.4384,8.2913
35799,Merenberg,50.5071,8.1919
36028,Agentur für Arbeit Fulda,50.5478,9.6760
36030,Fulda,50.5522,9.6722
36035,Versorgungsamt Fulda,50.5580,9.6863
36036,Schwenninger BKK,50.5458,9.6744
36037,Fulda,50.5518,9.6833
36039,Fulda,50.5732,9.6824
36041,Fulda,50.5569,9.6431
36043,Fulda,50.5345,9.6922
36047,Fulda,50.4834,9.7171
36084,Amtsgericht,50.6746,9.7648
36085,Oberlandesgericht Frankfurt am Main Sozialabteilung Hünfeld,50.6737,9.7660
36086,Regierungspräsidium Kassel Dezernat 13.2 Beihilfen /Hünfeld,50.6698,9.7652
36088,Hünfeld,50.6797,9.7673
36093,Künzell,50.5442,9.7179
36100,Petersberg,50.5619,9.7131
36103,Flieden,50.4239,9.5666
36110,Schlitz,50.6742,9.5610
36115,Hilders,50.5164,9.9964
36119,Neuhof,50.4531,9.6175
36124,Eichenzell,50.4954,9.6967
36129,Gersfeld,50.4514,9.9142
36132,Eiterfeld,50.7667,9.8000
36137,Großenlüder,50.5925,9.5423
36142,Tann,50.6428,10.0238
36145,Hofbieber,50.5863,9.8353
36148,Kalbach,50.4045,9.6826
36151,Burghaun,50.6968,9.7245
36154,Hosenfeld,50.5050,9.4797
36157,Ebersburg,50.4554,9.7863
36160,Dipperz,50.5433,9.7959
36163,Poppenhausen,50.4879,9.8680
36166,Haunetal,50.7667,9.6667
36167,Nüsttal,50.6333,9.8500
36169,Rasdorf,50.7167,9.9000
36179,Bebra,50.9745,9.7956
36199,Rotenburg an der Fulda,50.9956,9.7284
36205,Sontra,51.0717,9.9356
36208,Wildeck,50.9500,9.9833
36211,Alheim,51.0333,9.6667
36214,Nentershausen,51.0167,9.9333
36217,Ronshausen,50.9500,9.8500
36219,Cornberg,51.0416,9.8605
36242,Hersfeld-Rotenburg,50.8461,9.6781
36244,Hersfeld-Rotenburg,50.8552,9.7050
36246,Hersfeld-Rotenburg,50.8743,9.7123
36247,Landrat des Landkreises Hersfeld-Rotenburg,50.8670,9.7091
36248,Hersfeld-Rotenburg,50.8461,9.6781
36249,Hersfeld-Rotenburg,50.8461,9.6781
36251,Bad Hersfeld,50.8860,9.7378
36266,Heringen (Werra),50.8833,9.9873
36269,Philippsthal (Werra),50.8460,9.9795
36272,Niederaula,50.8000,9.6000
36275,Kirchheim,50.8333,9.5667
36277,Schenklengsfeld,50.8167,9.8500
36280,Oberaula,50.8500,9.4667
36282,Hauneck,50.8167,9.7333
36284,Hohenroda,50.8000,9.9000
36286,Neuenstein,50.9333,9.5500
36287,Breitenbach am Herzberg,50.7752,9.5160
36289,Friedewald,50.8833,9.8667
36304,Alsfeld,50.7518,9.2708
36318,Schwalmtal,50.6833,9.3000
36320,Kirtorf,50.7694,9.1039
36323,Grebenau,50.7424,9.4731
36325,Feldatal,50.6500,9.1667
36326,Antrifttal,50.7667,9.1833
36329,Romrod,50.7134,9.2201
36338,Campe & Ohff,50.6425,9.3926
36339,Kreisausschuß des Vogelsbergkreises,50.6374,9.3960
36341,Lauterbach,50.6356,9.3978
36355,Grebenhain,50.4892,9.3386
36358,Herbstein,50.5360,9.3874
36364,Bad Salzschlirf,50.6239,9.5082
36367,Wartenberg,50.6167,9.4500
36369,Lautertal,50.5833,9.2833
36380,Kreisfreie Stadt Darmstadt,49.8869,8.6514
36381,Schlüchtern,50.3655,9.5829
36391,Sinntal,50.3127,9.6234
36396,Steinau an der Straße,50.3140,9.4633
36399,Freiensteinau,50.4251,9.4027
36404,Oechsen,50.7880,10.0503
36414,Unterbreizbach,50.8167,9.9833
36419,Schleid,50.7011,9.9707
36433,Moorgrund,50.8181,10.2494
36448,Steinbach,50.8246,10.3510
36452,Diedorf,50.6601,10.1267
36456,Barchfeld,50.8000,10.3000
36457,Urnshausen,50.7616,10.1510
36460,Frauensee,50.8431,10.1162
36466,Wiesenthal,50.7069,10.1425
36469,Tiefenort,50.8395,10.1660
37069,Gothaer Lebensversicherung a.G.,51.5252,9.9482
37070,Landkreis Göttingen FD 10.1,51.5404,9.9260
37073,Göttingen,51.5364,9.9390
37075,Göttingen,51.5509,9.9328
37077,Göttingen,51.5604,9.9319
37079,Göttingen,51.5333,9.9333
37081,Göttingen,51.5335,9.8993
37083,Göttingen,51.5130,9.9535
37085,Göttingen,51.5333,9.9333
37096,Göttingen,51.5632,9.9232
37097,Agentur für Arbeit Göttingen,51.5376,9.9245
37099,Georg-August-Universität Bereich Humanmedizin Med. Fakultät,51.5505,9.9423
37100,Göttingen,51.5194,9.8909
37115,Duderstadt,51.5131,10.2595
37120,Bovenden,51.5884,9.9222
37124,Rosdorf,51.5000,9.9000
37127,Dransfeld,51.4798,9.7390
37130,Gleichen,51.4667,10.0333
37133,Friedland,51.4192,9.9176
37136,Waake,51.5537,10.1152
37139,Adelebsen,51.5827,9.7546
37154,Northeim,51.7066,10.0000
37170,Uslar,51.6569,9.6350
37176,Nörten-Hardenberg,51.6288,9.9359
37181,Hardegsen,51.6523,9.8305
37186,Moringen,51.6992,9.8711
37191,Katlenburg-Lindau,51.6833,10.1000
37194,Bodenfelde,51.6368,9.5737
37197,Hattorf am Harz,51.6482,10.2386
37199,Wulften,51.6600,10.1744
37213,Witzenhausen,51.3334,9.8580
37214,Witzenhausen,51.3333,9.8667
37215,Witzenhausen,51.3333,9.8667
37216,Witzenhausen,51.3333,9.8667
37217,Witzenhausen,51.3333,9.8667
37218,Witzenhausen,51.3333,9.8667
37235,Hessisch Lichtenau,51.1995,9.7186
37242,Bad Sooden-Allendorf,51.2709,9.9748
37247,Großalmerode,51.2586,9.7845
37249,Neu-Eichenberg,51.3833,9.8833
37267,Sparkasse Werra-Meißner,51.1886,10.0460
37269,Eschwege,51.1839,10.0533
37276,Meinhard,51.2167,10.0667
37281,Wanfried,51.1821,10.1728
37284,Waldkappel,51.1384,9.9432
37287,Wehretal,51.1500,10.0000
37290,Meißner,51.2000,9.9333
37293,Herleshausen,51.0063,10.1673
37296,Ringgau,51.0833,10.0667
37297,Berkatal,51.2333,9.9167
37299,Weißenborn,51.1251,10.1160
37308,Steinbach,51.3306,10.1523
37318,Wahlhausen,51.3439,10.0321
37327,Hausen,51.3815,10.3328
37339,Hundeshagen,51.4494,10.3455
37345,Neustadt,51.5189,10.4346
37351,Dingelstädt,51.3186,10.3081
37355,Vollenborn,51.3656,10.4552
37359,Effelder,51.2650,10.2603
37412,Elbingerode,51.6610,10.3003
37431,Bad Lauterberg im Harz,51.6327,10.4703
37434,Rollshausen,51.5895,10.2058
37441,Bad Sachsa,51.5950,10.5555
37444,Sankt Andreasberg,51.7100,10.5187
37445,Walkenried,51.5833,10.6167
37447,Wieda,51.6340,10.5870
37449,Zorge,51.6333,10.6333
37520,Osterode am Harz,51.7269,10.2509
37534,Gittelde,51.7784,10.1865
37539,Windhausen,51.8011,10.2227
37547,Kreiensen,51.8536,9.9648
37568,Northeim,51.8181,9.8373
37571,Northeim,51.8181,9.8373
37572,Northeim,51.8138,9.8822
37574,Einbeck,51.8202,9.8696
37581,Bad Gandersheim,51.8717,10.0254
37586,Dassel,51.8018,9.6890
37589,Kalefeld,51.8000,10.0333
37601,Amtsgericht,51.8205,9.4517
37603,Holzminden,51.8280,9.4455
37619,Hehlen,51.9727,9.5130
37620,Halle,51.9912,9.5653
37627,Deensen,51.8673,9.6310
37632,Eimen,51.9144,9.6976
37633,Dielmissen,51.9706,9.6067
37635,Lüerdissen,51.9527,9.6245
37639,Bevern,51.8583,9.4941
37640,Golmbach,51.9000,9.5500
37642,Holenberg,51.9167,9.5833
37643,Negenborn,51.8833,9.5667
37647,Brevörde,51.9121,9.3871
37649,Heinsen,51.8833,9.4333
37669,IKK classic,51.7794,9.3835
37671,Höxter,51.7750,9.3816
37688,Beverungen,51.6680,9.3742
37691,Boffzen,51.7223,9.4077
37696,Marienmünster,51.8333,9.2167
37697,Lauenförde,51.6594,9.3871
37699,Fürstenberg,51.7333,9.4000
38023,Braunschweig,52.2550,10.5410
38083,AOK -Die Gesundheitskasse für Niedersachsen Beleglesezentrum,52.2699,10.5312
38084,Agentur für Arbeit Braunschweig,52.2545,10.5066
38089,ADAC Finanzservice,52.2969,10.5168
38090,Alta Dienstleistungsgesellschaft,52.2518,10.5184
38091,Deutsche Rentenversicherung Braunschweig - Hannover,52.2554,10.5347
38092,Techn. Universität,52.2806,10.5359
38093,Kreisfreie Stadt Braunschweig,52.3031,10.5146
38094,Volkswagen Leasing,52.3031,10.5146
38096,Kreisfreie Stadt Braunschweig,52.2497,10.5174
38097,Kreisfreie Stadt Braunschweig,52.2518,10.5184
38098,Kreisfreie Stadt Braunschweig,52.2518,10.5184
38100,Braunschweig,52.2647,10.5233
38102,Braunschweig,52.2575,10.5365
38104,Braunschweig,52.2835,10.5822
38106,Braunschweig,52.2789,10.5427
38108,Braunschweig,52.3015,10.5688
38110,Braunschweig,52.3280,10.4761
38112,Braunschweig,52.3022,10.4979
38114,Braunschweig,52.2764,10.5127
38116,Braunschweig,52.2667,10.5333
38118,Braunschweig,52.2590,10.5002
38120,Braunschweig,52.2546,10.4879
38122,Braunschweig,52.2240,10.4989
38124,Braunschweig,52.2258,10.5271
38126,Braunschweig,52.2443,10.5594
38140,Kreisfreie Stadt Braunschweig,52.3182,10.4775
38142,Kreisfreie Stadt Braunschweig,52.3153,10.5098
38143,Volksbank eG Braunschweig Wolfsburg,52.2577,10.5346
38144,Luftfahrt-Bundesamt,52.3145,10.5486
38154,Königslutter am Elm,52.2512,10.8168
38159,Vechelde,52.2604,10.3649
38162,Cremlingen,52.2500,10.6500
38165,Lehre,52.3333,10.6667
38170,Kneitlingen,52.1250,10.7729
38173,Dettum,52.2007,10.6829
38176,Wendeburg,52.3296,10.3926
38179,Schwülper,52.3481,10.4463
38223,Kreisfreie Stadt Salzgitter,52.1610,10.4312
38226,Salzgitter,52.1401,10.3546
38228,Salzgitter,52.1442,10.3020
38229,Salzgitter Gebhardshagen,52.1269,10.3619
38236,Alstom LHB,52.1431,10.4132
38237,Kreisfreie Stadt Salzgitter,52.1441,10.4182
38239,Salzgitter Bleckenstedt,52.1668,10.4290
38259,Salzgitter,52.0647,10.3891
38268,Lengede,52.2049,10.3078
38271,Baddeckenstedt,52.0833,10.2333
38272,Burgdorf,52.1443,10.2176
38274,Elbe,52.0833,10.2833
38275,Haverlah,52.0541,10.3282
38277,Heere,52.0667,10.2500
38279,Sehlde,52.0389,10.2657
38281,Wolfenbüttel,52.1590,10.5350
38296,Wolfenbüttel,52.1670,10.5467
38299,Städt. Krankenhaus,52.1627,10.5377
38300,Wolfenbüttel,52.1578,10.5579
38302,Wolfenbüttel,52.1661,10.5514
38304,Wolfenbüttel,52.1424,10.5484
38312,Cramme,52.0879,10.5443
38315,Werlaburgdorf,52.0348,10.5439
38319,Remlingen,52.1137,10.6741
38321,Denkte,52.1500,10.6083
38322,Hedeper,52.0667,10.6833
38324,Kissenbrück,52.1096,10.5900
38325,Roklum,52.0666,10.7409
38327,Semmenstedt,52.0937,10.6969
38329,Wittmar,52.1297,10.6400
38346,Agentur für Arbeit Helmstedt,52.2229,11.0190
38350,Helmstedt,52.2279,11.0098
38364,Schöningen,52.1380,10.9674
38367,Fitnesswerk Kundenservice,52.2975,11.0086
38368,Rennau,52.3029,10.9693
38372,Büddenstedt,52.1704,11.0188
38373,Süpplingen,52.2169,10.9096
38375,Räbke,52.1960,10.8787
38376,Süpplingenburg,52.2507,10.9101
38378,Warberg,52.1812,10.9197
38379,Wolsdorf,52.1910,10.9388
38381,Jerxheim,52.0817,10.8984
38382,Beierstedt,52.0741,10.8581
38384,Gevensleben,52.0766,10.8222
38385,Ingeleben,52.1066,10.8734
38387,Söllingen,52.0898,10.9252
38388,Twieflingen,52.1248,10.9168
38432,Kreisfreie Stadt Wolfsburg,52.4280,10.7927
38433,BKK FTE,52.4358,10.8612
38435,Kreisfreie Stadt Wolfsburg,52.4301,10.7917
38436,Kreisfreie Stadt Wolfsburg,52.4259,10.7974
38438,Kreisfreie Stadt Wolfsburg,52.4259,10.7974
38439,BARMER,52.4269,10.7922
38440,Wolfsburg,52.4239,10.7812
38442,Wolfsburg,52.4204,10.7188
38444,Wolfsburg,52.4003,10.7531
38446,Wolfsburg,52.3808,10.8285
38448,Wolfsburg,52.4231,10.8224
38458,Velpke,52.4080,10.9364
38459,Bahrdorf,52.3859,11.0004
38461,Danndorf,52.4247,10.9129
38462,Grafhorst,52.4448,10.9451
38464,Groß Twülpstedt,52.3736,10.9193
38465,Brome,52.6002,10.9375
38467,Bergfeld,52.5440,10.8451
38468,Ehra-Lessien,52.5667,10.8000
38470,Parsau,52.5347,10.8902
38471,Rühen,52.4856,10.8864
38473,Tiddische,52.5167,10.8000
38474,Tülau,52.5758,10.8782
38476,Barwedel,52.5219,10.7749
38477,Jembke,52.5000,10.7667
38479,Tappenbeck,52.4705,10.7407
38486,Immekath,52.6163,11.0882
38489,Jeeben,52.6840,11.0002
38516,Stadt Gifhorn,52.4887,10.5425
38518,Gifhorn,52.4777,10.5511
38524,Sassenburg,52.5167,10.6333
38526,Gifhorn,52.3813,10.5388
38527,Meine,52.3849,10.5393
38528,Adenbüttel,52.3798,10.4508
38530,Didderse,52.3804,10.4029
38531,Rötgesbüttel,52.4167,10.5333
38533,Vordorf,52.3652,10.5204
38536,Meinersen,52.4744,10.3525
38539,Müden (Aller),52.5333,10.3667
38542,Leiferde,52.4395,10.4346
38543,Hillerse,52.4167,10.4000
38547,Calberlah,52.4207,10.6233
38550,Isenbüttel,52.4333,10.5833
38551,Ribbesbüttel,52.4344,10.5100
38553,Wasbüttel,52.4133,10.5936
38554,Weyhausen,52.4621,10.7170
38556,Bokensdorf,52.5000,10.7167
38557,Osloß,52.4693,10.6801
38559,Wagenhoff,52.5523,10.5234
38640,Goslar,51.9153,10.4243
38642,Goslar,51.9113,10.4588
38644,Goslar Jerstedt,51.9226,10.3954
38667,Bad Harzburg Göttingerode,51.8977,10.5579
38678,Clausthal-Zellerfeld,51.8095,10.3382
38685,Langelsheim,51.9238,10.3866
38690,Vienenburg,51.9524,10.5637
38700,Braunlage,51.7265,10.6109
38704,Liebenburg,52.0218,10.4317
38707,Schulenberg im Oberharz,51.8172,10.4374
38709,Wildemann,51.8281,10.2815
38717,DVD-Logistik Center,51.8787,10.1550
38723,Seesen,51.8910,10.1785
38729,Hahausen,51.9854,10.2509
38817,Agentur für Arbeit Sachsen-Anhalt West,51.8953,11.0594
38820,Halberstadt,51.8956,11.0562
38822,Ströbeck,51.9326,10.9819
38828,Wegeleben,51.8838,11.1735
38829,Harsleben,51.8667,11.1000
38832,Harz,51.9660,10.6992
38835,Osterode,51.9868,10.7126
38836,Rohrsheim,52.0041,10.9016
38838,Schlanstedt,51.9999,11.0088
38845,Harz,51.8442,10.7661
38855,Heudeber,51.8819,10.8162
38871,Drübeck,51.8920,10.7123
38875,Königshütte,51.7299,10.7357
38877,Benneckenstein,51.6682,10.7172
38879,Schierke,51.7639,10.6621
38889,Treseburg,51.7654,10.9338
38895,Langenstein,51.8600,10.9700
38899,Trautenstein,51.6809,10.8408
38999,Kreisfreie Stadt Braunschweig,52.2368,10.4916
39014,Magdeburg,52.0820,11.5860
39081,Landeshauptstadt Magdeburg,52.1734,11.6705
39082,HUK-Coburg,52.1200,11.6320
39083,Amtsgericht,52.1273,11.6333
39084,AOK Sachsen-Anhalt,52.1435,11.6402
39085,Agentur für Arbeit Sachsen-Anhalt Nord,52.1375,11.6486
39087,Städtisches Klinikum Magdeburg,52.1569,11.5821
39088,Regierungspräsidium Sachsen-Anhalt,52.1329,11.6213
39091,Landeshauptstadt Magdeburg,52.1155,11.6113
39092,IKK gesund plus,52.1533,11.6324
39093,Industrie- und Handelskammer,52.1318,11.6391
39094,Landtag von Sachsen-Anhalt,52.1262,11.6342
39097,Medizinische Fakultät der Otto-von-Guericke-Universität,52.1012,11.6200
39098,Stadtsparkasse Magdeburg,52.1518,11.6385
39099,Otto-von-Guericke-Universität,52.1391,11.6413
39104,Magdeburg,52.1243,11.6322
39106,Magdeburg,52.1469,11.6498
39108,Magdeburg,52.1333,11.6167
39110,Magdeburg,52.1263,11.6011
39112,Magdeburg,52.1104,11.6011
39114,Magdeburg,52.1333,11.6167
39116,Magdeburg,52.0819,11.5861
39118,Magdeburg,52.1333,11.6167
39120,Magdeburg,52.0816,11.6212
39122,Magdeburg,52.0891,11.6586
39124,Magdeburg,52.1638,11.6333
39126,Magdeburg,52.1805,11.6504
39128,Magdeburg,52.1624,11.6165
39130,Magdeburg,52.1561,11.5789
39148,Börde,52.0519,11.5935
39149,Börde,52.0519,11.5935
39157,Bundesagentur für Arbeit Zentrale Kindergeld-Service (ZKGS),52.1288,11.6304
39164,Klein Wanzleben,52.0633,11.4184
39167,Klein Rodensleben,52.1390,11.4450
39171,Sülzetal,52.0167,11.5500
39175,Gübs,52.1418,11.7565
39178,Börde,52.1969,11.5988
39179,Barleben Ebendorf,52.1926,11.5963
39217,Schönebeck (Elbe),52.0183,11.7240
39218,Schönebeck (Elbe),52.0183,11.7240
39221,Großmühlingen,51.9676,11.7097
39240,Glöthe,51.8947,11.8370
39245,Dannigkow,52.0604,11.8315
39249,Pömmelte,51.9728,11.8374
39258,Unfallkasse Sachsen-Anhalt,51.9613,12.0840
39261,Zerbst,51.9662,12.0852
39264,Polenzko,51.9976,12.0827
39279,Leitzkau,52.0947,12.0538
39288,Burg,52.2667,11.8631
39291,Schermen,52.2135,11.9489
39307,Brettin,52.3834,12.1923
39317,Elbe-Parey,52.3833,12.0167
39319,Redekin,52.4759,12.0755
39326,Klein Ammensleben,52.2513,11.6029
39340,Haldensleben,52.3006,11.4303
39343,Altenhausen,52.2288,11.2721
39345,Born,52.3234,11.3913
39356,Behnsdorf,52.3120,11.0987
39359,Wegenstedt,52.3907,11.1797
39365,Harbke,52.1472,11.2209
39387,Hornhausen,52.0494,11.1943
39393,Ausleben,52.0894,11.0559
39397,Gröningen,51.9494,11.2032
39398,Klein Oschersleben,52.0037,11.3229
39400,Börde,52.0519,11.5935
39418,Staßfurt,51.8343,11.5759
39434,Hecklingen bei Staßfurt,51.8500,11.5333
39435,Groß Börnecke,51.9267,11.4822
39439,Rathmannsdorf,51.7990,11.6133
39443,Hohenerxleben,51.8817,11.6426
39444,Hecklingen,51.8470,11.5342
39446,Löderburg,51.8761,11.5397
39448,Etgersleben,51.9536,11.3902
39517,Mahlwinkel,52.4243,11.8249
39524,Schönhausen (Elbe),52.6721,12.0902
39539,Havelberg,52.8309,12.0755
39576,Stendal,52.6069,11.8587
39579,Hüselitz,52.6009,11.7485
39590,Storkau (Elbe),52.5723,11.9547
39596,Beelitz,52.6992,11.9298
39599,Insel,52.5685,11.6733
39606,Sandauerholz,52.7832,11.6877
39615,Aulosen,52.9145,11.7203
39619,Kläden,52.8769,11.4663
39624,Zethlingen,52.6928,11.4183
39629,Bismark (Altmark),52.6429,11.5630
39638,Gardelegen,52.5198,11.3931
39646,Oebisfelde,52.4342,10.9879
39649,Dannefeld,52.5034,11.1814
40180,Agentur für Arbeit Düsseldorf,51.2362,6.8199
40181,Kassenzahnärztliche Vereinigung Nordrhein,51.2368,6.8053
40182,Kassenärztliche Vereinigung Nordrhein Hauptstelle,51.2515,6.7649
40186,Rhein-Kreis Neuss,51.1941,6.7057
40187,Deutsche Rentenversicherung Rheinland,51.2176,6.7787
40188,Kreisfreie Stadt Düsseldorf,51.2174,6.7705
40189,Kreisfreie Stadt Düsseldorf,51.2217,6.7782
40190,Ministerium f. Arbeit u.Soz. Qualifikation u. Technologie d. Land NRW,51.2183,6.7674
40191,Kreisfreie Stadt Düsseldorf,51.1756,6.8394
40192,Landesamt für Besoldung und Versorgung NRW,51.2533,6.7766
40193,IT. NRW,51.2445,6.7777
40194,Deutsche Rentenversicherung Rheinland,51.2176,6.7787
40195,Kreisfreie Stadt Düsseldorf,51.1960,6.8122
40196,Rheinische Post,51.2338,6.6991
40198,Kreisfreie Stadt Düsseldorf,51.2393,6.7846
40199,Kreisfreie Stadt Düsseldorf,51.2132,6.7625
40202,HUK-Coburg,51.2362,6.8209
40204,Heinrich-Heine-Universität,51.1930,6.7952
40210,Düsseldorf,51.2216,6.7897
40211,Düsseldorf,51.2278,6.7861
40212,Düsseldorf,51.2230,6.7827
40213,Düsseldorf,51.2249,6.7743
40215,Düsseldorf,51.2165,6.7836
40217,Düsseldorf,51.2157,6.7767
40219,Düsseldorf,51.2125,6.7637
40221,Düsseldorf,51.2002,6.7564
40223,Düsseldorf,51.1998,6.7727
40225,Düsseldorf,51.2055,6.7885
40227,Düsseldorf,51.2117,6.8071
40229,Düsseldorf,51.1984,6.8415
40231,Düsseldorf,51.2170,6.8254
40233,Düsseldorf,51.2214,6.8116
40235,Düsseldorf,51.2301,6.8216
40237,Düsseldorf,51.2352,6.8191
40239,Düsseldorf,51.2167,6.7667
40250,Mettmann,51.1238,6.9326
40251,Mettmann,51.1218,6.9349
40252,BARMER,51.2273,6.7076
40260,Mettmann,51.1023,6.8872
40300,Kreisfreie Stadt Düsseldorf,51.2415,6.7389
40302,Landesamt für Besoldung und Versorgung NRW,51.2533,6.7766
40340,Landesamt für Besoldung und Versorgung NRW,51.2533,6.7766
40463,Kreisfreie Stadt Düsseldorf,51.2730,6.7666
40464,ARAG,51.2499,6.8007
40466,AOK Rheinland/Hamburg Die Gesundheitskasse,51.2895,6.7966
40467,Kreisfreie Stadt Düsseldorf,51.2545,6.7864
40468,Düsseldorf,51.2561,6.7808
40470,Düsseldorf,51.2517,6.8143
40472,Düsseldorf,51.2686,6.8100
40474,Düsseldorf,51.2696,6.7480
40476,Düsseldorf,51.2465,6.7855
40477,Düsseldorf,51.2371,6.7795
40479,Düsseldorf,51.2167,6.7667
40489,Düsseldorf,51.2167,6.7667
40541,BKK für Heilberufe,51.2414,6.7213
40542,Kreisfreie Stadt Düsseldorf,51.2281,6.7166
40543,Kreisfreie Stadt Düsseldorf,51.2327,6.7145
40545,Düsseldorf,51.2167,6.7667
40547,Düsseldorf,51.2429,6.7428
40549,Düsseldorf,51.2302,6.7135
40589,Düsseldorf,51.1668,6.8253
40591,Düsseldorf,51.1953,6.8324
40593,Düsseldorf,51.2167,6.7667
40595,Düsseldorf,51.2167,6.7667
40597,Düsseldorf,51.1659,6.8773
40599,Düsseldorf,51.1809,6.8598
40625,Düsseldorf,51.2322,6.8567
40627,Düsseldorf,51.2167,6.7667
40629,Düsseldorf,51.2596,6.8898
40667,Meerbusch,51.2503,6.6899
40668,Meerbusch,51.3042,6.6718
40670,Meerbusch,51.2734,6.6484
40699,Erkrath,51.2223,6.9083
40718,Mettmann,51.1648,6.9307
40721,Hilden,51.1694,6.9253
40723,Hilden,51.1578,6.9390
40724,Hilden,51.1803,6.9472
40764,Langenfeld,51.1082,6.9483
40786,Mettmann,51.0896,6.8941
40789,Monheim am Rhein,51.1027,6.8981
40815,Mettmann,51.2536,6.9514
40816,Agentur für Arbeit Mettmann,51.2561,6.9857
40822,Mettmann,51.2504,6.9754
40832,Ratingen,51.3000,6.8500
40842,Mettmann,51.2902,6.8656
40878,Ratingen,51.2922,6.8485
40880,Ratingen,51.3000,6.8500
40882,Ratingen,51.2984,6.8585
40883,Ratingen,51.3000,6.8500
40885,Ratingen,51.3394,6.8528
41050,Stadt Mönchengladbach Der Oberbürgermeister,51.1905,6.4388
41052,Kreisfreie Stadt Mönchengladbach,51.1953,6.4241
41054,Agentur für Arbeit Mönchengladbach,51.1951,6.4489
41061,Mönchengladbach,51.1958,6.4387
41063,Mönchengladbach,51.2000,6.4333
41065,Mönchengladbach,51.1911,6.4467
41066,Mönchengladbach,51.2249,6.4838
41068,Mönchengladbach,51.1977,6.3911
41069,Mönchengladbach,51.1768,6.4021
41169,Mönchengladbach,51.2000,6.4333
41179,Mönchengladbach,51.1723,6.3414
41189,Mönchengladbach,51.1390,6.4102
41199,Mönchengladbach,51.1290,6.4386
41200,Kreisfreie Stadt Mönchengladbach,51.1125,6.4381
41236,Mönchengladbach,51.1666,6.4427
41238,Mönchengladbach,51.1514,6.4703
41239,Mönchengladbach,51.1604,6.4172
41260,Kreisfreie Stadt Mönchengladbach,51.1178,6.4405
41261,RCI Banque S.A. Niederlassung Deutschland,51.1652,6.7618
41334,Nettetal,51.3246,6.2329
41352,Korschenbroich,51.1914,6.5135
41363,Jüchen,51.1000,6.5000
41366,Schwalmtal,51.2167,6.2667
41372,Niederkrüchten,51.2108,6.1775
41379,Brüggen,51.2405,6.1838
41424,Rhein-Kreis Neuss,51.2033,6.7129
41452,Heinsberg,51.0343,6.2557
41453,Rhein-Kreis Neuss,51.1974,6.7150
41455,Rhein-Kreis Neuss,51.2037,6.7076
41456,Stadt Neuss,51.1916,6.7065
41457,Rhein-Kreis Neuss,51.1516,6.7435
41460,Neuss,51.2014,6.6944
41462,Neuss,51.2154,6.6631
41464,Neuss,51.1843,6.6821
41466,Neuss,51.1682,6.6847
41468,Neuss,51.1646,6.7519
41469,Neuss,51.1576,6.7328
41470,Neuss,51.2000,6.6833
41472,Neuss,51.2000,6.6833
41513,Finanzamt Grevenbroich,51.0814,6.5979
41515,Grevenbroich,51.0904,6.6067
41516,Grevenbroich,51.1292,6.6245
41517,Grevenbroich,51.0833,6.5833
41538,Stadt Dormagen,51.0836,6.8225
41539,Dormagen,51.0964,6.8400
41540,Dormagen,51.0923,6.8114
41541,Dormagen,51.1270,6.8068
41542,Dormagen,51.1130,6.7752
41561,Rhein-Kreis Neuss,51.2220,6.6037
41564,Kaarst,51.2293,6.6188
41569,Rommerskirchen,51.0333,6.6833
41747,Viersen,51.2556,6.3917
41748,Viersen,51.2500,6.3833
41749,Viersen,51.2852,6.3871
41751,Viersen,51.2500,6.3833
41812,Erkelenz,51.0795,6.3153
41833,Heinsberg,51.0343,6.2557
41836,Hückelhoven,51.0555,6.2266
41844,Wegberg,51.1422,6.2844
41849,Wassenberg,51.1001,6.1548
42093,Zentrale Paketermittlung,51.2140,7.0579
42094,Barmenia Krankenversicherung a.G. -Allgemeine Versicherungen-,51.2514,7.1586
42095,Bau-Berufsgenossenschaft Wuppertal,51.2534,7.1284
42096,Kreisfreie Stadt Wuppertal,51.2493,7.1168
42097,AOK Rheinland/Hamburg-Die Gesundheitsk. Regionaldirektion Wuppertal,51.2536,7.1395
42098,Krankenversorgung der Bundesbahnbeamten,51.2493,7.1416
42099,Krankenversorgung der Bundesbahnbeamten,51.2541,7.1543
42101,DEVK Deutsche Eisenbahnversicherung,51.2561,7.1613
42103,Wuppertal,51.2569,7.1505
42105,Wuppertal,51.2649,7.1307
42107,Wuppertal,51.2619,7.1513
42109,Wuppertal,51.2765,7.1559
42111,Wuppertal,51.2667,7.1833
42113,Wuppertal,51.2678,7.1285
42115,Wuppertal,51.2497,7.1030
42117,Wuppertal,51.2498,7.1239
42119,Wuppertal,51.2441,7.1661
42266,BARMER,51.2438,7.1839
42268,Agentur für Arbeit Wuppertal,51.2623,7.1704
42269,Stadtverwaltung Wuppertal,51.2719,7.2001
42270,Kreisfreie Stadt Wuppertal,51.2733,7.1996
42271,Agentur für Arbeit Wuppertal,51.2650,7.1867
42272,Kreisfreie Stadt Wuppertal,51.2694,7.1697
42273,Kreisfreie Stadt Wuppertal,51.2858,7.2253
42275,Wuppertal,51.2718,7.2040
42277,Wuppertal,51.2742,7.2203
42279,Wuppertal,51.3077,7.2522
42281,Wuppertal,51.2878,7.1940
42283,Wuppertal,51.2699,7.1838
42285,Wuppertal,51.2590,7.1695
42287,Wuppertal,51.2432,7.2066
42289,Wuppertal,51.2667,7.1833
42300,Kreisfreie Stadt Düsseldorf,51.2220,6.7930
42327,Wuppertal,51.2424,7.0600
42329,Wuppertal,51.2221,7.0639
42337,Kreisfreie Stadt Wuppertal,51.2105,7.1436
42347,Kreisfreie Stadt Wuppertal,51.2525,7.1338
42349,Wuppertal,51.2160,7.1418
42369,Wuppertal,51.2298,7.2020
42387,Kreisfreie Stadt Wuppertal,51.2824,7.2645
42389,Wuppertal,51.2732,7.2350
42399,Wuppertal,51.2667,7.1833
42409,Kreisfreie Stadt Wuppertal,51.2140,7.0579
42477,Radevormwald,51.2022,7.3603
42489,Wülfrath,51.2820,7.0382
42499,Hückeswagen,51.1498,7.3447
42547,Finanzamt Velbert,51.3376,7.0461
42549,Velbert,51.3336,7.0270
42551,Velbert,51.3434,7.0594
42553,Velbert,51.3005,7.0914
42555,Velbert,51.3515,7.1302
42577,Mettmann,51.3246,6.9561
42579,Heiligenhaus,51.3266,6.9711
42645,Kreisfreie Stadt Solingen,51.1629,7.0863
42648,AOK Rheinland/Hamburg-Die Gesundheitsk. Regionaldirektion Solingen,51.1740,7.0839
42649,Kreisfreie Stadt Solingen,51.1696,7.0456
42651,Solingen,51.1728,7.0940
42653,Solingen,51.1878,7.0785
42655,Solingen,51.1760,7.0653
42657,Solingen,51.1532,7.0595
42659,Solingen,51.1595,7.1036
42697,Solingen,51.1611,7.0016
42699,Solingen,51.1560,7.0152
42715,Die BERGISCHE Krankenkasse,51.1921,7.0625
42717,Kreisfreie Stadt Solingen,51.1945,7.0682
42719,Solingen,51.1825,7.0454
42781,Haan,51.1938,7.0133
42799,Leichlingen,51.1063,7.0187
42849,Stadtsparkasse Remscheid,51.1814,7.1859
42850,Kreisfreie Stadt Remscheid,51.1708,7.2111
42853,Remscheid,51.1802,7.1872
42855,Remscheid,51.1807,7.2066
42857,Remscheid,51.1775,7.1661
42859,Remscheid,51.1833,7.2000
42895,Volksbank Remscheid-Solingen eG,50.8345,8.1785
42897,Remscheid,51.1833,7.2556
42899,Remscheid,51.2201,7.2407
42926,Amtsgericht Wermelskirchen,51.1430,7.2289
42929,Wermelskirchen,51.1397,7.2158
44111,Kreisfreie Stadt Dortmund,51.5195,7.4577
44112,Kreisfreie Stadt Dortmund,51.5195,7.4577
44113,Kreisfreie Stadt Dortmund,51.5195,7.4577
44115,Amtsgericht,51.5157,7.4783
44116,Agentur für Arbeit Dortmund,51.5202,7.4590
44117,Familienkasse Nordrhein-Westfalen-Ost,51.5085,7.4697
44118,Continentale Krankenversicherung,51.5018,7.4676
44119,Continentale Sachversicherung,51.5018,7.4676
44120,JobCenter Dortmund Wendepunkt,51.4988,7.4759
44121,Signal Iduna Gruppe,51.4975,7.4639
44122,Stadtverwaltung,51.5117,7.4675
44123,Städtische Kliniken Dortmund,51.5085,7.4575
44124,Kreisfreie Stadt Dortmund,51.4995,7.4792
44125,Versorgungsamt,51.5122,7.4335
44126,Handwerkskammer Dortmund,51.5061,7.4698
44127,Polizeipräsidium Dortmund,51.5090,7.4825
44128,St.-Johannes-Hospital,51.5101,7.4631
44129,Kreisfreie Stadt Dortmund,51.5108,7.4613
44130,Kreisfreie Stadt Dortmund,51.5101,7.4616
44131,Kreisfreie Stadt Dortmund,51.5101,7.4616
44133,HUK-Coburg,51.5060,7.4701
44135,Dortmund,51.5125,7.4770
44137,Dortmund,51.5097,7.4601
44139,Dortmund,51.4995,7.4717
44141,Dortmund,51.5044,7.4998
44143,Dortmund,51.5208,7.5184
44145,Dortmund,51.5290,7.4802
44147,Dortmund,51.5198,7.4378
44149,Dortmund,51.5005,7.4063
44221,Technische Universität Dortmund,51.4844,7.4140
44222,Universitätsbibliothek,51.4926,7.4164
44225,Dortmund,51.4759,7.4434
44227,Dortmund,51.4440,7.4546
44229,Dortmund,51.4455,7.4642
44261,Maschinenbau- und Metallberufsgenossenschaft,51.4929,7.4980
44263,Dortmund,51.4847,7.4996
44265,Dortmund,51.4610,7.4837
44267,Dortmund,51.4690,7.5154
44269,Dortmund,51.4856,7.5366
44280,RTL Teleshopping,51.5025,7.5694
44285,Materialprüfungsamt Nordrhein-Westfalen,51.5027,7.5606
44287,Dortmund,51.4996,7.5495
44289,Dortmund,51.5161,7.4683
44309,Dortmund,51.5251,7.5475
44319,Dortmund,51.5301,7.5972
44328,Dortmund,51.5530,7.5385
44329,Dortmund,51.5161,7.4683
44339,Dortmund,51.5607,7.4657
44357,Dortmund,51.5161,7.4683
44359,Dortmund,51.5724,7.3892
44369,Dortmund,51.5287,7.4137
44379,Dortmund,51.5250,7.3676
44388,Dortmund,51.5010,7.3371
44401,Kreisfreie Stadt Dortmund,51.5031,7.4966
44402,IKK classic,51.5176,7.4651
44530,Sparkasse an der Lippe,51.6140,7.5233
44532,Lünen,51.6067,7.5241
44534,Lünen,51.6189,7.5222
44536,Lünen,51.5993,7.4681
44573,Stadt Castrop-Rauxel,51.5592,7.3119
44575,Castrop-Rauxel,51.5500,7.3167
44577,Castrop-Rauxel,51.5500,7.3167
44579,Castrop-Rauxel,51.5500,7.3167
44581,Castrop-Rauxel,51.5500,7.3167
44621,Marienhospital-Universitätsklinik I,51.5388,7.2299
44623,Herne,51.5426,7.2190
44625,Herne,51.5324,7.2060
44627,Herne,51.5500,7.2167
44628,Herne,51.5500,7.2167
44629,Herne,51.5493,7.2149
44647,Agentur für Arbeit Herne -Kasse-,51.5386,7.1634
44649,Herne,51.5329,7.1611
44651,Herne,51.5500,7.2167
44652,Herne,51.5312,7.1704
44653,Herne,51.5448,7.1691
44771,Agentur für Arbeit Bochum,51.4727,7.2252
44772,Kreisfreie Stadt Bochum,51.5156,7.2081
44773,Kreisfreie Stadt Bochum,51.4618,7.2338
44774,GLS Gemeinschaftsbank eG,51.4709,7.2195
44775,VIACTIV Krankenkasse,51.4707,7.2706
44776,ARAL Aktiengesellschaft,51.4782,7.2283
44778,Kreisfreie Stadt Bochum,51.4470,7.2278
44779,Kreisfreie Stadt Bochum,51.4470,7.2278
44780,Ruhr-Universität Bochum,51.4459,7.2604
44781,Deutsche Rentenversicherung Knappschaft-Bahn-See,51.4714,7.2149
44782,Polizei,51.4777,7.2253
44784,Kreisfreie Stadt Bochum,51.4694,7.2634
44785,Familienkasse Nordrhein-Westfalen-Nord,51.4727,7.2252
44787,Bochum,51.4803,7.2183
44789,Bochum,51.4661,7.2491
44791,Bochum,51.4900,7.2493
44793,Bochum,51.4822,7.1868
44795,Bochum,51.4501,7.1984
44797,Bochum,51.4285,7.2424
44799,Bochum,51.4509,7.2388
44801,Bochum,51.4833,7.2167
44803,Bochum,51.4637,7.2446
44805,Bochum,51.5180,7.2722
44807,Bochum,51.5156,7.2118
44809,Bochum,51.4997,7.1944
44863,Kreisfreie Stadt Bochum,51.4749,7.1517
44866,Bochum,51.4808,7.1486
44867,Bochum,51.4645,7.1418
44869,Bochum,51.4658,7.1572
44879,Bochum,51.4271,7.1543
44892,Bochum,51.4745,7.3110
44894,Bochum,51.4925,7.3106
45058,RAG Aktiengesellschaft,51.4864,7.0322
45060,Deutsche Rentenversicherung Rentenversicherung,51.4534,7.0183
45061,Kreisfreie Stadt Essen,51.4620,6.9283
45062,Kreisfreie Stadt Essen,51.4536,7.0103
45063,Kreisfreie Stadt Essen,51.4619,6.9942
45064,VIACTIV Krankenkasse,51.4674,7.0238
45091,Deutsche Rentenversicherung Knappschaft-Bahn-See,51.4534,7.0183
45092,Kreisfreie Stadt Essen,51.4585,7.0593
45093,Deutsche Rentenversicherung Sozialmedizinischer Dienst SMD,51.4534,7.0183
45095,Knappschaft Kranken- und Pflegeversicherung,51.4534,7.0183
45097,Kreisfreie Stadt Essen,51.4568,6.9896
45098,Agentur für Arbeit Essen,51.4597,7.0036
45099,DAK DigiZ Essen,51.4589,7.0197
45102,Deutsche Rentenversicherung Knappschaft-Bahn-See,51.4714,7.2149
45113,HUK-Coburg,51.4542,7.0161
45114,Kreisfreie Stadt Essen,51.4169,6.9795
45115,Deutsche Rentenversicherung Knappschaft-Bahn-See,51.4534,7.0183
45116,Berufsgenossenschaft Handel und Warendistribution,51.4462,7.0053
45117,Ruhrverband,51.4440,7.0074
45119,Kreisfreie Stadt Essen,51.4169,6.9795
45120,Kreisfreie Stadt Essen,51.4729,7.0269
45121,Stadtverwaltung,51.4576,7.0175
45122,Universitätsklinikum Essen,51.4362,6.9898
45123,Kreisfreie Stadt Essen,51.4616,7.0036
45124,Novitas BKK,51.4481,7.0231
45125,Kreisfreie Stadt Essen,51.4505,7.0130
45126,Kreisfreie Stadt Essen,51.4520,7.0121
45127,Essen,51.4535,7.0102
45128,Essen,51.4457,7.0103
45130,Essen,51.4340,7.0161
45131,Essen,51.4273,6.9967
45133,Essen,51.4112,6.9931
45134,Essen,51.4232,7.0298
45136,Essen,51.4353,7.0352
45138,Essen,51.4470,7.0381
45139,Essen,51.4602,7.0439
45141,Essen,51.4705,7.0221
45143,Essen,51.4631,6.9741
45144,Essen,51.4500,7.0167
45145,Essen,51.4490,6.9734
45147,Essen,51.4408,6.9863
45149,Essen,51.4209,6.9708
45195,Kreisfreie Stadt Bonn,50.7156,7.1305
45196,Kreisfreie Stadt Bonn,50.7156,7.1305
45219,Essen,51.4500,7.0167
45239,Essen,51.3806,7.0169
45257,Essen,51.3935,7.0825
45259,Essen,51.4500,7.0167
45276,Essen,51.4467,7.0821
45277,Essen,51.4500,7.0167
45279,Essen,51.4500,7.0167
45289,Essen,51.4159,7.1215
45307,Essen,51.4614,7.0785
45309,Essen,51.4804,7.0714
45326,Essen,51.4844,7.0050
45327,Essen,51.4992,7.0488
45329,Essen,51.5032,7.0073
45355,Essen,51.4698,6.9517
45356,Essen,51.4824,6.9748
45357,Essen,51.4918,6.9402
45359,Essen,51.4681,6.9174
45365,Kreisfreie Stadt Essen,51.5002,6.9865
45403,Mülheim an der Ruhr,51.4333,6.8833
45466,Amtsgericht,51.4337,6.8895
45468,Mülheim an der Ruhr,51.4268,6.8806
45470,Mülheim an der Ruhr,51.4194,6.8937
45472,Mülheim an der Ruhr,51.4374,6.9566
45473,Mülheim an der Ruhr,51.4421,6.8982
45475,Mülheim an der Ruhr,51.4587,6.8885
45476,Mülheim an der Ruhr,51.4490,6.8612
45478,Mülheim an der Ruhr,51.4326,6.8216
45479,Mülheim an der Ruhr,51.4220,6.8566
45481,Mülheim an der Ruhr,51.4004,6.8773
45523,Finanzamt Hattingen,51.4010,7.1769
45525,Hattingen,51.3954,7.1779
45527,Hattingen,51.4000,7.1667
45529,Hattingen,51.4000,7.1667
45549,Sprockhövel,51.3467,7.2434
45630,Agentur für Arbeit Recklinghausen,51.6184,7.2035
45655,IKK classic,51.6112,7.1934
45657,Recklinghausen,51.6132,7.1956
45659,Recklinghausen,51.6007,7.1927
45661,Recklinghausen,51.6167,7.2000
45663,Recklinghausen,51.5794,7.2158
45665,Recklinghausen,51.6017,7.2183
45697,Westfälisches Zentrum für Psychiatrie und Psychotherapie Herten,51.5896,7.1303
45699,Herten,51.5964,7.1439
45701,Herten,51.5996,7.0962
45711,Datteln,51.6560,7.3453
45721,Haltern am See,51.7287,7.1666
45729,Recklinghausen,51.6182,7.4196
45731,Waltrop,51.6213,7.4024
45739,Oer-Erkenschwick,51.6420,7.2645
45765,Finanzamt,51.6605,7.0970
45768,Marl,51.6484,7.0845
45770,Marl,51.6566,7.1101
45772,Marl,51.6744,7.1343
45801,Sparkasse,51.5256,7.0831
45833,Kreisfreie Stadt Düsseldorf,51.2171,6.8042
45835,Agentur für Arbeit Gelsenkirchen,51.5109,7.0913
45875,Stadtverwaltung,51.5086,7.1076
45876,Kreisfreie Stadt Gelsenkirchen,51.6076,7.0465
45877,Barmer Ersatzkasse -Buer,51.5729,7.0564
45879,Gelsenkirchen,51.5087,7.0968
45881,Gelsenkirchen,51.5213,7.0747
45883,Gelsenkirchen,51.5221,7.0575
45884,Gelsenkirchen,51.4866,7.0835
45886,Gelsenkirchen,51.4967,7.1136
45888,Gelsenkirchen,51.5185,7.1222
45889,Gelsenkirchen,51.5305,7.1143
45891,Gelsenkirchen,51.5592,7.0841
45892,Gelsenkirchen,51.5748,7.1165
45894,Gelsenkirchen,51.5790,7.0579
45896,Gelsenkirchen,51.6071,7.0488
45897,Gelsenkirchen,51.5717,7.0471
45899,Gelsenkirchen,51.5330,7.0234
45964,Gladbeck,51.5713,6.9827
45966,Gladbeck,51.5842,6.9746
45968,Gladbeck,51.5566,7.0025
46020,Jobcenter Oberhausen,51.4803,6.8641
46040,Agentur für Arbeit Oberhausen,51.4803,6.8641
46042,Stadt Oberhausen,51.4737,6.8603
46045,Oberhausen,51.4706,6.8568
46047,Oberhausen,51.4834,6.8798
46049,Oberhausen,51.4773,6.8413
46117,Oberhausen,51.5005,6.8859
46119,Oberhausen,51.4667,6.8500
46142,Kreisfreie Stadt Oberhausen,51.5154,6.8495
46145,Oberhausen,51.5256,6.8517
46147,Oberhausen,51.5355,6.8116
46149,Oberhausen,51.5175,6.8332
46236,Bottrop,51.5232,6.9253
46238,Bottrop,51.5303,6.9681
46240,Bottrop,51.5167,6.9167
46242,Bottrop,51.5214,6.9071
46244,Bottrop,51.6061,6.9154
46282,Dorsten,51.6566,6.9657
46284,Dorsten,51.6812,6.9630
46286,Dorsten,51.7377,7.0067
46322,Kreissparkasse Borken,51.8464,6.8568
46325,Borken,51.8438,6.8577
46342,Velen,51.8945,6.9881
46348,Raesfeld,51.7667,6.8500
46354,Südlohn,51.9333,6.8667
46359,Heiden,51.8333,6.9333
46393,Stadt Bocholt,51.8317,6.6093
46395,Bocholt,51.8208,6.6063
46397,Bocholt,51.8413,6.6242
46399,Bocholt,51.8453,6.6035
46414,Rhede,51.8354,6.6960
46419,Isselburg,51.8323,6.4643
46444,Volksbank Emmerich-Rees eG,51.8318,6.2467
46446,Emmerich,51.8393,6.2479
46459,Rees,51.8097,6.4004
46480,Agentur für Arbeit Wesel,51.6668,6.6088
46482,Wesel,51.6631,6.6683
46483,Wesel,51.6669,6.6204
46485,Wesel,51.6637,6.6824
46487,Wesel,51.6833,6.5762
46499,Hamminkeln,51.7326,6.5903
46509,Xanten,51.6588,6.4530
46514,Schermbeck,51.6833,6.8667
46519,Alpen,51.5833,6.5167
46535,Dinslaken,51.5590,6.7357
46537,Dinslaken,51.5774,6.7465
46539,Dinslaken,51.5675,6.7625
46562,Voerde,51.6251,6.6525
46569,Hünxe,51.6500,6.7833
47044,Agentur für Arbeit Duisburg,51.4394,6.7844
47048,Universität Duisburg-Essen Campus Duisburg,51.4286,6.7995
47049,Stadtverwaltung Duisburg,51.4310,6.7593
47050,NOVITAS BKK,51.4396,6.7631
47051,Duisburg,51.4294,6.7744
47053,Duisburg,51.4216,6.7553
47055,Duisburg,51.4034,6.7703
47057,Duisburg,51.4216,6.7957
47058,Duisburg,51.4346,6.7858
47059,Duisburg,51.4375,6.7428
47118,Amtsgericht Duisburg-Ruhrort,51.4525,6.7339
47119,Duisburg,51.4632,6.7328
47137,Duisburg,51.4680,6.7715
47138,Duisburg,51.4333,6.7500
47139,Duisburg,51.4784,6.7334
47161,Kreisfreie Stadt Duisburg,51.4915,6.7421
47163,St. Johannes-Hospital,51.5050,6.7631
47166,Duisburg,51.4913,6.7741
47167,Duisburg,51.5070,6.7963
47169,Duisburg,51.5044,6.7538
47178,Duisburg,51.4333,6.7500
47179,Duisburg,51.4333,6.7500
47198,Duisburg,51.4499,6.6901
47199,Duisburg,51.4333,6.7500
47226,Duisburg,51.4076,6.7215
47228,Duisburg,51.4134,6.6963
47229,Duisburg,51.3910,6.7071
47239,Duisburg,51.3926,6.6564
47249,Duisburg,51.3831,6.7521
47259,Duisburg,51.3614,6.7246
47269,Duisburg,51.3601,6.7793
47279,Duisburg,51.3929,6.7981
47299,Kreisfreie Stadt Duisburg,51.4299,6.6924
47300,Kreisfreie Stadt Duisburg,51.4789,6.7942
47303,HUK-Coburg,51.4314,6.7633
47305,Kreisfreie Stadt Duisburg,51.4321,6.7757
47439,Stadt Moers,51.4543,6.6265
47441,Moers,51.4463,6.6396
47443,Moers,51.4542,6.6679
47445,Moers,51.4500,6.6500
47447,Moers,51.4500,6.6500
47475,Kamp-Lintfort,51.5047,6.5459
47493,Sparkasse Rheinberg,51.5466,6.5935
47495,Rheinberg,51.5465,6.5952
47504,Stadt Neukirchen-Vluyn,51.4430,6.5549
47506,Neukirchen-Vluyn,51.4500,6.5500
47509,Rheurdt,51.4667,6.4667
47526,Bau-und Liegenschaftsbetrieb NRW Zentrale,51.2511,6.7961
47533,Kleve,51.7883,6.1386
47546,Kalkar,51.7391,6.2910
47551,Bedburg-Hau,51.7667,6.1667
47559,Kranenburg,51.7833,6.0167
47574,Goch,51.6787,6.1590
47589,Uedem,51.6652,6.2737
47608,Geldern,51.5191,6.3236
47623,Kevelaer,51.5829,6.2414
47624,Kevelaer,51.5833,6.2500
47625,Kevelaer,51.5833,6.2500
47626,Kevelaer,51.5833,6.2500
47627,Kevelaer,51.5833,6.2500
47638,Straelen,51.4419,6.2664
47647,Kerken,51.4500,6.3667
47652,Weeze,51.6268,6.1979
47661,Issum,51.5333,6.4333
47665,Sonsbeck,51.6074,6.3792
47669,Wachtendonk,51.3974,6.2919
47789,Kreisfreie Stadt Flensburg,54.7684,9.4416
47791,Reklame Center,51.2920,6.5199
47792,Amtsgericht Krefeld,51.3344,6.5531
47795,Helios Klinikum Krefeld,51.3209,6.5661
47796,Agentur für Arbeit Krefeld,51.3286,6.5737
47798,Krefeld,51.3311,6.5616
47799,Krefeld,51.3319,6.5717
47800,Krefeld,51.3428,6.5951
47802,Krefeld,51.3333,6.5683
47803,Krefeld,51.3516,6.5496
47804,Krefeld,51.3037,6.5032
47805,Krefeld,51.3251,6.5805
47807,Krefeld,51.3040,6.5899
47809,Krefeld,51.3281,6.6160
47829,Krefeld,51.3553,6.6366
47839,Krefeld,51.3755,6.5091
47875,Stadt Willich,51.2498,6.4778
47877,Willich,51.2637,6.5473
47904,Viersen,51.3629,6.4294
47906,Kempen,51.3643,6.4186
47918,Tönisvorst,51.3209,6.4941
47929,Grefrath,51.3363,6.3407
48079,Münster,51.9600,7.6310
48084,Kreisfreie Stadt Münster,51.9056,7.6518
48108,Landwirtschaftskammer Westfalen-Lippe Institutszentrum,51.9873,7.6339
48119,Kreisfreie Stadt Münster,51.9533,7.6195
48121,Kreisfreie Stadt Münster,51.9312,7.5913
48122,HUK-Coburg,51.9543,7.6312
48123,Bahn-BKK PostCenter,51.9551,7.6308
48124,Oberfinanzdirektion,51.9484,7.6408
48125,Deutsche Rentenversicherung Westfalen,51.9780,7.6375
48126,LVM Versicherungen,51.9491,7.6143
48127,Stadt Münster,51.9611,7.6292
48128,Bezirksregierung Münster,51.9612,7.6250
48129,UKM Universitätsklinikum Münster,51.9612,7.6007
48130,Westdeutsche Landesbausparkasse,51.9592,7.6136
48131,Kreisfreie Stadt Münster,51.9911,7.6207
48132,Kreisfreie Stadt Münster,51.9241,7.5620
48133,Landschaftsverband Westfalen-Lippe,51.9625,7.6359
48134,Kreisfreie Stadt Münster,51.9615,7.6365
48135,Agentur für Arbeit Münster,51.9613,7.6272
48136,Amtsgericht Münster,51.9484,7.6267
48137,Kreisfreie Stadt Münster,51.9391,7.6241
48138,Agentur für Arbeit Münster,51.9347,7.6526
48139,Volksbank im Münsterland eG,51.9644,7.6285
48140,Steinfurt,52.1370,7.5579
48141,Landesbetrieb NRW Straßenbau NL Münster,51.9671,7.6348
48143,Münster,51.9597,7.6314
48145,Münster,51.9667,7.6333
48147,Münster,51.9858,7.6480
48149,Münster,51.9716,7.6068
48151,Münster,51.9510,7.6181
48153,Münster,51.9268,7.6313
48155,Münster,51.9597,7.6349
48157,Münster,52.0003,7.6893
48159,Münster,51.9915,7.6124
48161,Münster,51.9471,7.5446
48163,Münster,51.9176,7.5725
48165,Münster,51.9030,7.6395
48167,Münster,51.9162,7.7108
48172,DB Regionalbahn Westfalen RAN Team Westfalen,51.9592,7.6352
48229,Warendorf,51.9736,7.9915
48231,Warendorf,51.9511,7.9876
48249,Dülmen,51.8315,7.2808
48268,Greven,52.0936,7.5940
48282,Emsdetten,52.1734,7.5278
48291,Telgte,51.9800,7.7829
48301,Nottuln,51.9333,7.3500
48308,Senden,51.8564,7.4833
48317,Drensteinfurt,51.7953,7.7382
48324,Sendenhorst,51.8559,7.7884
48329,Havixbeck,51.9833,7.4167
48336,Sassenberg,51.9922,8.0407
48341,Altenberge,52.0500,7.4667
48346,Ostbevern,52.0402,7.8423
48351,Everswinkel,51.9259,7.8469
48356,Nordwalde,52.0833,7.4833
48361,Beelen,51.9291,8.1112
48366,Laer,52.0556,7.3577
48369,Saerbeck,52.1737,7.6340
48416,Agentur für Arbeit Rheine,52.2694,7.4164
48427,Stadt Rheine,52.2857,7.4469
48429,Rheine,52.2868,7.4437
48431,Rheine,52.2772,7.4320
48432,Rheine,52.2672,7.4443
48455,Bad Bentheim,52.3007,7.1576
48465,Quendorf,52.3246,7.2159
48477,Hörstel,52.2976,7.5838
48480,Lünne,52.3988,7.4866
48485,Neuenkirchen,52.2447,7.3718
48488,Emsbüren,52.4000,7.3000
48493,Wettringen,52.2094,7.3190
48496,Hopsten,52.3817,7.6016
48499,Salzbergen,52.3256,7.4305
48522,Agentur für Arbeit Nordhorn,52.4329,7.0665
48525,Agentur für Arbeit Nordhorn,52.4325,7.0611
48527,Nordhorn,52.4491,7.0518
48529,Nordhorn,52.4149,7.0766
48531,Nordhorn,52.4517,7.1065
48563,Sparkasse,52.1502,7.3329
48565,Steinfurt,52.1504,7.3366
48596,Amtsgericht,52.2080,7.0459
48599,Gronau (Westfalen),52.2012,7.0409
48607,Ochtrup,52.2080,7.1899
48612,Horstmar,52.0810,7.3054
48619,Heek,52.1167,7.1000
48624,Schöppingen,52.1000,7.2333
48629,Metelen,52.1443,7.2127
48649,Agentur für Arbeit Coesfeld,51.9491,7.1677
48651,Agentur für Arbeit Coesfeld,51.9590,7.1829
48653,Coesfeld,51.9435,7.1681
48681,Finanzamt Ahaus,52.0793,7.0033
48683,Ahaus,52.0920,6.9739
48691,Vreden,52.0379,6.8280
48702,Sparkasse Stadtlohn,51.9912,6.9142
48703,Stadtlohn,51.9940,6.9192
48712,Gescher,51.9540,7.0048
48720,Rosendahl,52.0167,7.2167
48727,Billerbeck,51.9783,7.2926
48734,Reken,51.8324,7.0347
48739,Legden,52.0333,7.1000
49068,Agentur für Arbeit Osnabrück,52.2675,8.0464
49070,Kreisfreie Stadt Osnabrück,52.2659,8.0171
49074,Osnabrück,52.2738,8.0521
49076,Osnabrück,52.2832,7.9485
49078,Osnabrück,52.2651,8.0096
49080,Osnabrück,52.2491,8.0367
49082,Osnabrück,52.2440,8.0613
49084,Osnabrück,52.2667,8.0725
49086,Osnabrück,52.2887,8.0892
49088,Osnabrück,52.2667,8.0500
49090,Osnabrück,52.2983,8.0131
49101,Kreisfreie Stadt Osnabrück,52.2649,8.0597
49124,Georgsmarienhütte,52.2030,8.0448
49134,Wallenhorst,52.3500,8.0167
49143,Bissendorf,52.2333,8.1667
49152,Bad Essen,52.3175,8.4130
49163,Bohmte,52.3667,8.3167
49170,Hagen am Teutoburger Wald,52.2094,7.9206
49176,Hilter am Teutoburger Wald,52.1644,8.1468
49179,Ostercappeln,52.3500,8.2333
49186,Bad Iburg,52.1549,8.0422
49191,Belm,52.3000,8.1333
49195,Osnabrück,52.0981,8.0974
49196,Bad Laer,52.1000,8.0833
49201,Dissen am Teutoburger Wald,52.1167,8.2000
49205,Hasbergen,52.2375,7.9611
49213,Ultra Pharm,52.0904,8.1739
49214,Bad Rothenfelde,52.1167,8.1667
49219,Glandorf,52.0847,7.9994
49324,Melle,52.1977,8.3389
49326,Melle,52.2000,8.3500
49328,Melle,52.2000,8.3500
49356,Diepholz,52.6078,8.3701
49374,Agentur für Arbeit Vechta,52.7208,8.2769
49375,Justizvollzugsanstalt Vechta Fachbereich Finanzen,52.7263,8.2857
49377,Vechta,52.7263,8.2860
49393,Lohne (Oldenburg),52.6589,8.2250
49401,Damme,52.5216,8.1979
49406,Barnstorf,52.7155,8.5381
49413,Dinklage,52.6622,8.1244
49419,Wagenfeld,52.5500,8.5833
49424,Goldenstedt,52.7883,8.4320
49429,Visbek,52.8333,8.3167
49434,Neuenkirchen-Vörden,52.5167,8.0667
49439,Steinfeld (Oldenburg),52.5864,8.2157
49447,Minden-Lübbecke,52.4415,8.3363
49448,Marl,52.4693,8.3846
49451,Holdorf,52.5833,8.1167
49453,Dickel,52.6178,8.5006
49456,Bakum,52.7412,8.1955
49457,Drebber,52.6500,8.4333
49459,Lembruch,52.5333,8.3500
49475,Stadtverwaltung,52.2747,7.7174
49477,Ibbenbüren,52.2601,7.7135
49479,Ibbenbüren,52.2667,7.7333
49492,Westerkappeln,52.3167,7.8833
49497,Mettingen,52.3167,7.7833
49504,Lotte,52.2833,7.9167
49509,Recke,52.3689,7.7212
49523,Stadtsparkasse Lengerich,52.1848,7.8573
49525,Lengerich,52.1866,7.8604
49536,Lienen,52.1500,7.9833
49541,Berg-Apotheke Apotheker P.-Christoph Dörr e. K.,52.2627,7.7812
49545,Tecklenburg,52.2196,7.8136
49549,Ladbergen,52.1333,7.7500
49562,Allgemeine Ortskrankenkasse für Niedersachsen Regionaldirektion Bramsche,52.4027,7.9750
49565,Bramsche,52.4088,7.9729
49577,Eggermühlen,52.5667,7.8444
49584,Fürstenau,52.5167,7.6767
49586,Neuenkirchen,52.4502,7.8361
49593,Bersenbrück,52.5516,7.9484
49594,Alfhausen,52.5000,7.9500
49596,Gehrde,52.5768,8.0034
49597,Rieste,52.4833,8.0167
49599,Voltlage,52.4333,7.7500
49609,Stadt,52.6739,7.9528
49610,Quakenbrück,52.6750,7.9498
49624,Löningen,52.7368,7.7581
49626,Berge,52.6033,7.7394
49632,Essen (Oldenburg),52.7000,7.9167
49635,Badbergen,52.6333,7.9833
49637,Menslage,52.6833,7.8167
49638,Nortrup,52.6150,7.8607
49659,Stadt,52.8480,8.0449
49661,Cloppenburg,52.8475,8.0450
49681,Garrel,52.9500,8.0167
49685,Emstek,52.8333,8.1500
49688,Lastrup,52.7947,7.8671
49691,Cloppenburg,52.8026,8.1203
49692,Cappeln (Oldenburg),52.8167,8.1167
49696,Molbergen,52.8512,7.9716
49699,Lindern (Oldenburg),52.8500,7.7833
49716,Meppen,52.6906,7.2910
49733,Haren,52.7886,7.1841
49740,Haselünne,52.6741,7.4846
49744,Geeste,52.6000,7.2667
49751,Spahnharrenstätte,52.8439,7.5362
49757,Werlte,52.8500,7.6889
49762,Lathen,52.8917,7.3208
49767,Twist,52.6561,7.1057
49770,Herzlake,52.6676,7.5914
49774,Lähden,52.7455,7.5704
49777,Stavern,52.7743,7.4574
49779,Niederlangen,52.8535,7.2744
49801,EMP Merchandising Handelsgesellschaft,52.4884,7.3250
49803,Bundeswehr,52.5253,7.3106
49808,Lingen,52.5138,7.3133
49809,Lingen,52.5223,7.3284
49811,Lingen,52.5167,7.3167
49824,Emlichheim,52.6056,6.8389
49828,Georgsdorf,52.5198,6.9966
49832,Thuine,52.4774,7.5153
49835,Wietmarschen,52.5181,7.1341
49838,Handrup,52.5661,7.5383
49843,Wielen,52.4967,6.8567
49844,Bawinkel,52.6000,7.4000
49846,Hoogstede,52.5833,6.9500
49847,Itterbeck,52.5062,6.8035
49849,Wilsum,52.5333,6.8500
50123,Deutsche Rentenversicherung Knappschaft Bahn-See GST Bergheim,50.9497,6.6410
50124,Erftkreis Der Landrat,50.9513,6.6317
50126,Bergheim,50.9562,6.6349
50127,Bergheim,50.9412,6.6631
50129,Bergheim,50.9741,6.6794
50169,Kerpen,50.8748,6.7435
50170,Kerpen,50.8964,6.6829
50171,Kerpen,50.8791,6.6939
50181,Bedburg,50.9926,6.5713
50189,Elsdorf,50.9374,6.5683
50226,Frechen,50.9149,6.8118
50259,Pulheim,50.9996,6.8063
50318,Agentur für Arbeit Brühl,50.8285,6.8954
50319,Amtsgericht,50.8318,6.9030
50321,Brühl,50.8293,6.9050
50351,Stadtverwaltung,50.8806,6.8825
50354,Hürth,50.8708,6.8676
50374,Erftstadt,50.8148,6.7939
50387,Dreifaltigkeits-Krankenhaus,50.8211,6.9852
50389,Wesseling,50.8271,6.9747
50399,Großannahmestelle BZ Köln West,50.9212,6.8361
50411,Kreisfreie Stadt Köln,50.9470,6.9465
50412,Kreisfreie Stadt Köln,50.9470,6.9465
50413,Kreisfreie Stadt Köln,50.9597,6.9052
50414,Kreisfreie Stadt Köln,50.9470,6.9465
50415,Wahl Finance,50.9155,6.8649
50416,Kreisfreie Stadt Köln,50.9228,6.8767
50417,Kreisfreie Stadt Köln,50.9409,6.8899
50418,Kreisfreie Stadt Köln,50.8860,6.9225
50419,Rhein-Erft-Kreis,50.9212,6.8361
50421,HUK-Coburg,50.9424,6.9469
50422,Daihatsu Versicherungsdienst,50.9155,6.8649
50423,AdvoCard Rechtschutzversicherung Aktiengesellschaft,53.6012,10.0265
50424,Regionalverband Saarbrücken,49.2320,7.0073
50425,Kreisfreie Stadt Köln,50.9417,6.9526
50426,Apotheke LUX 99 Abt. Deutsche Internet Apotheke,50.8694,6.8791
50427,Kreisfreie Stadt Köln,50.9354,6.9777
50428,REWE Zentralfinanz eG,50.9459,6.9590
50569,Kreisfreie Stadt Köln,50.9354,6.9777
50574,Familienkasse Nordrhein-Westfalen-Nord,50.9220,6.9346
50575,Agentur für Arbeit Köln,50.9821,6.8964
50576,Generali Schadenservice-Center Köln,50.9345,6.9396
50579,Kreisfreie Stadt Köln,50.9345,6.9396
50580,Kreisfreie Stadt Köln,50.9435,6.9728
50581,Kreisfreie Stadt Köln,50.9470,6.9498
50582,Kreisfreie Stadt Dortmund,51.5195,7.4577
50583,Kreisfreie Stadt Köln,50.9470,6.9498
50585,Atradius Kreditversicherung,50.9390,6.9777
50586,BERLIN-KÖLNISCHE VERSICHERUNGEN,50.9165,6.9385
50587,Kreisfreie Stadt Köln,50.9425,6.9551
50588,Kreisfreie Stadt Köln,50.9440,6.9540
50589,Kreisfreie Stadt Köln,50.9440,6.9540
50590,EXPRESS,50.9665,6.9694
50591,Kreisfreie Stadt Köln,50.9438,6.9420
50592,Kreisfreie Stadt Köln,50.9645,7.0530
50593,Kreisfreie Stadt Köln,50.9470,6.9465
50594,Kreisfreie Stadt Köln,50.9379,6.8723
50595,Kreisfreie Stadt Köln,50.9372,6.9223
50596,Kreisfreie Stadt Köln,50.9410,6.9383
50598,Gothaer Versicherungen,50.9154,6.9398
50600,Westdeutscher Rundfunk Köln,50.9400,6.9513
50602,Kreissparkasse KSK KÃ¶ln,50.9366,6.9470
50603,Kreisfreie Stadt Köln,50.9459,6.9590
50604,Sparkasse Köln Bonn,50.9355,6.9408
50605,Stadt Köln Stadthaus,50.9390,6.9817
50606,Industrie- und Handelskammer zu KÃ¶ln,50.8539,7.0400
50607,Kreisfreie Stadt Köln,50.9438,6.9545
50657,Kreisfreie Stadt Köln,50.9552,6.9680
50658,Finanzamt Köln-Nord,50.9561,6.9531
50661,Kreisfreie Stadt Köln,50.9470,6.9465
50662,Finanzamt Köln-Mitte,50.9328,6.9570
50663,Landschaftsverband Rheinland,50.9265,6.9820
50664,Haftpflichtverband der Deutschen Industrie V.a.G.,50.9308,6.9749
50667,Köln,50.9387,6.9547
50668,Köln,50.9499,6.9628
50670,Köln,50.9504,6.9502
50672,Köln,50.9439,6.9363
50674,Köln,50.9326,6.9342
50676,Köln,50.9314,6.9526
50677,Köln,50.9214,6.9507
50678,Köln,50.9233,6.9635
50679,Köln,50.9365,6.9781
50725,Kreisfreie Stadt Köln,51.0054,6.9596
50726,Milchwerke Köln / Wuppertal eG Campina U.A.,50.9823,6.9434
50727,Kreisfreie Stadt Köln,51.0011,6.9500
50728,Bundesverwaltungsamt,50.9696,6.9707
50729,DEVK Versicherungen,50.9581,6.9753
50730,Versorgungsamt Köln,50.9649,6.9839
50733,Köln,50.9643,6.9537
50735,Köln,50.9896,6.9622
50737,Köln,50.9923,6.9334
50739,Köln,50.9807,6.9212
50765,Köln,51.0198,6.8684
50767,Köln,51.0033,6.8847
50769,Köln,51.0458,6.8760
50819,Bundeszentrale für gesundheitliche Aufklärung,50.9586,6.8872
50820,Kreisfreie Stadt Köln,50.9766,6.8587
50823,Köln,50.9511,6.9264
50825,Köln,50.9541,6.9103
50827,Köln,50.9667,6.9000
50829,Köln,50.9746,6.8713
50855,Deutsches Ärzteblatt,50.9223,6.8591
50858,Köln,50.9243,6.8565
50859,Köln,50.9535,6.8328
50919,Kreisfreie Stadt Köln,50.9409,6.8899
50922,Landgericht KÃ¶ln,50.9225,6.9356
50924,Medizinische Einrichtungen der Universität zu Köln,50.9265,6.9235
50925,Finanzamt Köln-West,50.9387,6.9238
50926,KÃ¶lner Studentenwerk AÃ¶R,50.9280,6.9126
50927,Pfeifer & Langen,50.9420,6.8938
50928,Handelsvertretung der GUS,50.9125,6.9184
50931,Köln,50.9323,6.9183
50933,Köln,50.9427,6.8763
50935,Köln,50.9225,6.8956
50937,Köln,50.9124,6.9108
50939,Köln,50.9078,6.9247
50960,BG Energie Textil Elektro Medienerzeugnisse ( BG ETEM),50.9086,6.9751
50962,BG Energie Textil Elektro Medienerzeugnisse ( BG ETEM),50.9086,6.9751
50963,Deutschlandfunk Gemeinnützige Anstalt des öffentlichen Rechts,50.9057,6.9619
50964,Bundesamt für Familie und zivilgesellschaftliche Aufgaben,50.9419,6.9821
50965,UNICEF Deutschland,50.9158,6.9411
50966,BARMER,50.9362,6.9494
50968,Köln,50.9033,6.9647
50969,Köln,50.9036,6.9385
50996,Köln,50.8834,6.9902
50997,Köln,50.8640,6.9512
50999,Köln,50.8753,7.0202
51057,Kreisfreie Stadt Köln,50.9538,6.9909
51058,Kliniken der Stadt KÃ¶ln Zentralverwaltung,50.9627,7.0238
51059,Kreisfreie Stadt Köln,50.9645,7.0530
51061,Köln,50.9940,7.0030
51063,Köln,50.9685,7.0054
51065,Köln,50.9549,7.0121
51067,Köln,50.9656,7.0420
51069,Köln,50.9925,7.0537
51101,Polizeipräsidium Köln,50.9411,7.0189
51103,Köln,50.9420,7.0166
51105,Köln,50.9188,6.9972
51107,Köln,50.9236,7.0905
51109,Köln,50.9447,7.0699
51139,Finanzamt Köln-Porz,50.8834,7.0615
51140,Bundeswehr Kasernenbereich WAHN-Zentrale Post- und Kurierstelle,50.8974,7.0568
51141,Kreisfreie Stadt Köln,50.9136,7.0675
51143,Köln,50.8598,7.0360
51145,Köln,50.8824,7.0804
51147,Köln,50.8686,7.1073
51149,Köln,50.9055,7.0414
51169,Kreisfreie Stadt Köln,50.9106,7.0472
51170,ITS Reisen,50.9131,7.0484
51171,Kreisfreie Stadt Köln,50.9645,7.0530
51172,Kreisfreie Stadt Köln,50.9645,7.0530
51173,Kreisfreie Stadt Köln,50.9645,7.0530
51174,Kreisfreie Stadt Köln,50.9126,7.0528
51175,Kreisfreie Stadt Köln,50.9165,6.9385
51178,Kreisfreie Stadt Köln,50.9106,7.0472
51221,Kreisfreie Stadt Köln,50.9172,7.0504
51222,Postbank Niederlassung Köln,50.9126,7.0528
51365,Kreisfreie Stadt Leverkusen,51.0141,6.9881
51366,Kreisfreie Stadt Leverkusen,51.0141,6.9881
51367,Amtsgericht Leverkusen,51.0641,7.0275
51369,Kreisfreie Stadt Leverkusen,51.0141,6.9881
51370,Finanzamt Leverkusen,51.0335,7.0172
51371,Leverkusen,51.0645,6.9592
51373,Leverkusen,51.0307,6.9898
51375,Leverkusen,51.0331,7.0520
51377,Leverkusen,51.0509,7.0633
51379,Leverkusen,51.0665,7.0040
51381,Leverkusen,51.0500,7.0167
51399,Burscheid,51.0847,7.1139
51424,Rheinisch-Bergischer Kreis,50.9612,7.1838
51425,Amtsgericht,50.9639,7.1531
51427,Bergisch Gladbach,50.9520,7.1114
51429,Bergisch Gladbach,50.9655,7.1823
51462,Agentur für Arbeit Bergisch Gladbach,50.9825,7.1099
51463,Agentur für Arbeit Bergisch Gladbach,50.9858,7.1338
51465,Bergisch Gladbach,50.9891,7.1290
51467,Bergisch Gladbach,51.0089,7.1052
51469,Bergisch Gladbach,50.9854,7.1141
51489,Soennecken eG,50.9652,7.3284
51491,Overath,50.9327,7.2839
51503,Rösrath,50.8956,7.1818
51515,Kürten,51.0500,7.2667
51519,Odenthal,51.0333,7.1167
51545,Waldbröl,50.8758,7.6169
51570,Windeck,50.7909,7.5676
51578,Kierdorf-Inkasso,50.9292,7.7605
51580,Reichshof,50.9284,7.6432
51588,Nümbrecht,50.9043,7.5406
51597,Morsbach,50.8666,7.7279
51598,Friesenhagen,50.9038,7.8096
51641,Kreisverwaltung Oberbergischer Kreis,51.0237,7.5676
51643,Gummersbach,51.0143,7.5724
51645,Gummersbach,51.0006,7.5693
51647,Gummersbach,51.0333,7.5500
51674,Wiehl,50.9495,7.5506
51688,Wipperfürth,51.1161,7.3986
51700,Stiftung Missionswerk Werner Heukelbach,51.0274,7.6904
51702,Bergneustadt,51.0250,7.6560
51709,Marienheide,51.0832,7.5309
51766,Engelskirchen,50.9885,7.4139
51777,Christkindspostamt,50.9838,7.4098
51789,Lindlar,51.0196,7.3776
52028,Agentur für Arbeit Aachen,50.8116,6.0605
52045,HUK-Coburg,50.7717,6.0851
52046,Städteregion Aachen,50.7846,6.0677
52047,BIG direkt gesund,50.7773,6.1306
52049,Städteregion Aachen,50.7722,6.0887
52053,Städteregion Aachen,50.7808,6.1332
52054,Städteregion Aachen,50.7705,6.0864
52055,Städteregion Aachen,50.7808,6.1332
52056,RWTH Aachen,50.7771,6.0778
52057,Universitätsklinikum der RWTH Aachen,50.7765,6.0424
52058,Stadtverwaltung,50.7757,6.0833
52059,Sparkasse Aachen,50.7744,6.0879
52060,Technische Schule Landsysteme Lützow Kaserne,50.7676,6.1495
52062,Aachen,50.7760,6.0872
52064,Aachen,50.7683,6.0760
52066,Aachen,50.7564,6.0914
52068,Aachen,50.7787,6.1085
52070,Aachen,50.7884,6.1044
52072,Aachen,50.8034,6.0627
52074,Aachen,50.7479,6.0485
52076,Aachen,50.7167,6.1481
52078,Aachen,50.7624,6.1380
52080,Aachen,50.7793,6.1642
52081,Städteregion Aachen,50.7917,6.1067
52084,Städteregion Aachen,50.7711,6.0891
52090,StädteRegion Aachen,50.7685,6.0981
52099,Städteregion Aachen,50.7667,6.1486
52101,Städteregion Aachen,50.7913,6.0624
52115,knpbmedia b.v.,50.8614,6.0814
52134,Herzogenrath,50.8687,6.0932
52146,Würselen,50.8181,6.1347
52152,Simmerath,50.6000,6.3000
52156,Monschau,50.5546,6.2400
52159,Roetgen,50.6500,6.2000
52220,Stadtverwaltung,50.7752,6.2285
52222,Stolberg (Rheinland),50.7775,6.2209
52223,Stolberg (Rheinland),50.7318,6.2104
52224,Stolberg (Rheinland),50.7400,6.2877
52249,Eschweiler,50.8185,6.2718
52348,IKK classic,50.8005,6.4756
52349,Düren,50.8009,6.4788
52351,Düren,50.8086,6.4982
52353,Düren,50.8294,6.4620
52355,Düren,50.7907,6.4659
52372,Kreuzau,50.7470,6.4907
52379,Langerwehe,50.8167,6.3500
52382,Niederzier,50.8833,6.4667
52385,Nideggen,50.6927,6.4844
52388,Nörvenich,50.8060,6.6395
52391,Vettweiß,50.7333,6.6000
52393,Hürtgenwald,50.7167,6.3667
52396,Heimbach,50.6369,6.4690
52399,Merzenich,50.8268,6.5249
52425,Düren,50.9013,6.3974
52426,Medizinische Einrichtungen der Heinrich-Heine-Universität Düsseld.,50.9038,6.3884
52428,Jülich,50.9215,6.3627
52441,Linnich,50.9800,6.2705
52445,Titz,51.0062,6.4248
52457,Aldenhoven,50.9000,6.2833
52459,Inden,50.8431,6.3600
52475,Städteregion Aachen,50.8759,6.1759
52477,Alsdorf,50.8767,6.1640
52499,Baesweiler,50.9096,6.1887
52509,Amtsgericht Geilenkirchen,50.9683,6.1180
52511,Geilenkirchen,50.9675,6.1176
52523,AOK Rheinland Die Gesundheitskasse Regionaldirektion Heinsberg,51.0600,6.1160
52525,Heinsberg,51.0648,6.0440
52531,Übach-Palenberg,50.9177,6.1234
52538,Gangelt,51.0073,5.9639
53094,Bundesamt für Justiz,50.7260,7.1114
53095,Kreisfreie Stadt Bonn,50.6791,7.1600
53096,Zurich Gruppe Deutschland,50.7280,7.0955
53099,Bundesministerium der Verteidigung,50.7053,7.0463
53100,Kreisfreie Stadt Bonn,50.7393,7.0559
53102,Berufsgenossenschaft Handel und Warenlogistik (BGHW),50.7083,7.1129
53103,Stadtverwaltung,50.7366,7.0951
53104,Agentur für Arbeit Bonn,50.7122,7.0601
53105,Rhein. Friedr.-Wilh.-Universität,50.7288,7.1003
53106,Bundesverband der Volks- und Raiffeisenbanken,50.7134,7.1234
53107,"Bundesministerium für Ernährung, Landw. und Forsten",50.7169,7.0596
53108,Bundeskasse Bonn,50.7417,7.0807
53109,Finanzamt für Groß- und Konzernbetriebsprüfung,50.7309,7.0945
53110,Deutsche Welle,50.7160,7.1284
53111,Bonn,50.7362,7.1002
53113,Bonn,50.7231,7.1068
53115,Bonn,50.7272,7.0851
53117,Bonn,50.7610,7.0630
53119,Bonn,50.7431,7.0590
53121,Bonn,50.7317,7.0575
53123,Bonn,50.7110,7.0489
53125,Bonn,50.7333,7.1000
53127,Bonn,50.7112,7.0668
53129,Bonn,50.7207,7.1070
53160,Aktion Mensch,50.7048,7.1409
53168,Bundesanstalt für Landwirtschaft und Ernährung,50.6733,7.1828
53169,Kreisfreie Stadt Bonn,50.7351,7.0717
53170,KFW Banken Gruppe,50.6944,7.1496
53171,Kreisfreie Stadt Bonn,50.7114,7.1264
53173,Bonn,50.6902,7.1666
53175,Bonn,50.6975,7.1417
53177,Bonn,50.6813,7.1546
53179,Bonn,50.6653,7.1822
53221,Bundeszentralamt für Steuern,50.7450,7.1247
53222,Kreiswehrersatzamt,50.7506,7.1305
53223,Kreisfreie Stadt Bonn,50.7191,7.1519
53225,Bonn,50.7462,7.1294
53227,Bonn,50.7248,7.1555
53229,Bonn,50.7323,7.1847
53241,Kreisfreie Stadt Bonn,50.7191,7.1170
53243,Kreisfreie Stadt Bonn,50.7191,7.1170
53245,Kreisfreie Stadt Bonn,50.7191,7.1170
53247,Kreisfreie Stadt Bonn,50.7156,7.1305
53248,Kundenservice Paket,50.7123,7.1346
53249,HUK-Coburg,50.7241,7.0645
53250,Kreisfreie Stadt Bonn,50.7156,7.1305
53251,Kreisfreie Stadt Bonn,50.7156,7.1305
53252,Volksbank Köln Bonn eG,50.7048,7.1409
53253,Rhein-Sieg-Kreis,50.8277,7.0993
53254,Kreisfreie Stadt Bonn,50.7156,7.1305
53255,Kreisfreie Stadt Bonn,50.7565,7.0908
53262,Kreisfreie Stadt Bonn,50.7114,7.1264
53284,Kreisfreie Stadt Bonn,50.7160,7.1284
53285,Kreisfreie Stadt Bonn,50.7280,7.0955
53286,Kreisfreie Stadt Bonn,50.7280,7.0955
53287,Kreisfreie Stadt Bonn,50.7280,7.0955
53288,Kreisfreie Stadt Bonn,50.7280,7.0955
53289,Kreisfreie Stadt München,48.1544,11.5886
53330,Stadtverwaltung,50.7577,7.0046
53332,Bornheim,50.7631,6.9909
53338,Stadtverwaltung Meckenheim,50.6357,7.0314
53340,Meckenheim,50.6239,7.0294
53343,Wachtberg,50.6333,7.1000
53347,Alfter,50.7333,7.0167
53357,Raiffeisenbank eG,50.6271,6.9496
53359,Rheinbach,50.6256,6.9491
53423,Stadtverwaltung Remagen,50.5637,7.2488
53424,Remagen,50.5788,7.2270
53426,Schalkenbach,50.4920,7.1689
53455,Ahrweiler,50.5714,7.0935
53470,Brogsitter Grundstücksgesellschaft Gelsdorf GbR,50.5516,7.0545
53474,Bad Neuenahr-Ahrweiler,50.5432,7.1113
53489,Sinzig,50.5438,7.2464
53498,Waldorf,50.4906,7.2629
53501,Grafschaft,50.5833,7.0667
53505,Kirchsahr,50.5361,6.9602
53506,Heckenbach,50.4860,6.9952
53507,Dernau,50.5333,7.0500
53508,Mayschoß,50.5208,7.0169
53518,Adenau,50.3650,6.9305
53520,Drees,50.3994,6.8877
53533,Antweiler,50.4075,6.8224
53534,Bauler,50.3534,6.8599
53539,Bongard,50.3094,6.9066
53545,Ockenfels,50.5725,7.2799
53547,Dattenberg,50.5657,7.3756
53557,Bad Hönningen,50.5169,7.3120
53560,Vettelschoß,50.6167,7.3500
53562,Sankt Katharinen,50.5833,7.3833
53567,Buchholz (Westerwald),50.6767,7.4059
53572,Unkel,50.5983,7.2344
53577,Neustadt (Wied),50.6209,7.4325
53578,Windhagen,50.6412,7.3535
53579,Erpel,50.5833,7.2333
53602,Rhein-Sieg-Kreis,50.6341,7.2227
53604,Bad Honnef,50.6434,7.2278
53619,Rheinbreitbach,50.6167,7.2333
53637,Dritte Welt-Shop,50.6913,7.2069
53639,Königswinter,50.7026,7.2584
53717,Rhein-Sieg-Kreis,50.7949,7.2041
53718,Ahrens + Sieberz,50.7941,7.2758
53719,Kreisverwaltung,50.7963,7.2076
53721,Siegburg,50.8002,7.2077
53754,Bundeswehr,50.7710,7.1885
53757,Sankt Augustin,50.7754,7.1970
53773,Hennef,50.7756,7.2831
53783,Eitorf,50.7667,7.4500
53797,Lohmar,50.8387,7.2140
53804,Much,50.8747,7.3537
53809,Ruppichteroth,50.8437,7.4841
53819,Neunkirchen-Seelscheid,50.8667,7.3250
53839,Rhein-Sieg-Kreis,50.8147,7.1457
53840,Troisdorf,50.8152,7.1720
53842,Troisdorf,50.8189,7.1189
53844,Troisdorf,50.8015,7.1271
53859,Niederkassel,50.8150,7.0378
53877,AOK Rheinland Die Gesundheitskasse Regionaldirektion Kreis Euskirchen,50.6632,6.8020
53879,Euskirchen,50.6606,6.7872
53881,Euskirchen,50.6272,6.8478
53884,Feldpostleitstelle Mechernich,50.5870,6.6505
53894,Mechernich,50.6399,6.7042
53902,Bad Münstereifel,50.5567,6.7642
53909,Zülpich,50.7000,6.6500
53913,Swisttal,50.7000,6.9167
53919,Weilerswist,50.7529,6.8458
53925,Kall,50.5422,6.5630
53937,Schleiden,50.5290,6.4769
53940,Hellenthal,50.4412,6.4361
53945,Blankenheim,50.4333,6.6500
53947,Nettersheim,50.4937,6.6290
53949,Dahlem,50.3861,6.5477
54187,Agentur für Arbeit Trier,49.7708,6.6704
54189,Kreisfreie Stadt Trier,49.7487,6.6187
54190,Kreisfreie Stadt Trier,49.7986,6.6930
54286,Universität Trier,49.7457,6.6884
54287,Postbeamtenkrankenkasse Bezirksstelle Koblenz,49.7603,6.6504
54290,Trier,49.7537,6.6393
54292,Trier,49.7728,6.6645
54293,Trier,49.7500,6.6333
54294,Trier,49.7440,6.6188
54295,Trier,49.7500,6.6333
54296,Trier,49.7500,6.6333
54298,Igel,49.7888,6.5841
54306,Kordel,49.8333,6.6333
54308,Langsur,49.7244,6.4991
54309,Newel,49.8124,6.5830
54310,Menningen,49.8278,6.4833
54311,Trierweiler,49.7623,6.5599
54313,Zemmer,49.9000,6.7000
54314,Hentern,49.6167,6.6861
54316,Hinzenburg,49.6778,6.7232
54317,Kasel,49.7261,6.7690
54318,Mertesdorf,49.7721,6.7329
54320,Waldrach,49.7462,6.7454
54329,Konz,49.7005,6.5765
54331,Pellingen,49.6925,6.5887
54332,Wasserliesch,49.7074,6.5394
54338,Schweich,49.8110,6.7679
54340,Detzem,49.8275,6.8273
54341,Fell,49.7667,6.7833
54343,Föhren,49.8593,6.7648
54344,Kenn,49.8000,6.7167
54346,Mehring,49.8000,6.8333
54347,Neumagen-Dhron,49.8555,6.8978
54349,Trittenheim,49.8247,6.8993
54411,Rorodt,49.7240,7.0147
54413,Damflos,49.6905,6.9214
54421,Reinsfeld,49.6917,6.8917
54422,Börfink,49.6587,7.0328
54424,Etgert,49.7540,6.9883
54426,Hilscheid,49.7659,6.9550
54427,Kell am See,49.6331,6.8222
54429,Schillingen,49.6250,6.7750
54439,Palzem,49.5933,6.4692
54441,Kastel-Staadt,49.6195,6.5349
54450,Freudenburg,49.5435,6.5329
54451,Irsch,49.6049,6.5955
54453,Nittel,49.6500,6.4500
54455,Serrig,49.5752,6.5745
54456,Tawern,49.6583,6.5000
54457,Wincheringen,49.6090,6.4260
54459,Wiltingen,49.6592,6.5926
54469,Moselland eG,49.9195,7.0636
54470,Bernkastel-Kues,49.9224,7.0522
54472,Veldenz,49.8867,7.0743
54483,Kleinich,49.9000,7.1833
54484,Maring-Noviand,49.9333,7.0000
54486,Mülheim,49.9125,7.0195
54487,Wintrich,49.8833,6.9500
54492,Lösnich,49.9667,7.0222
54497,Horath,49.8093,7.0565
54498,Piesport,49.8864,6.9165
54516,Flußbach,50.0014,6.9132
54518,Minderlittgen,49.9383,6.8312
54523,Dierscheid,49.8916,6.7834
54524,Klausen,49.9000,6.8833
54526,Landscheid,49.9833,6.7667
54528,Salmtal,49.9333,6.8500
54529,Spangdahlem,49.9833,6.6833
54531,Wallscheid,50.0982,6.8266
54533,Oberkail,50.0542,6.8378
54534,Musweiler,50.0320,6.8080
54536,Kröv,49.9833,7.0833
54538,Kinheim,50.0182,7.0123
54539,Ürzig,49.9794,7.0061
54550,Daun,50.1972,6.8294
54552,Dockweiler,50.2050,6.8879
54558,Mückeln,50.1222,6.9174
54567,Vulkaneifel,50.2409,6.6600
54568,Gerolstein,50.2222,6.6598
54570,Kalenborn-Scheuern,50.1832,6.7121
54574,Birresborn,50.1833,6.6083
54576,Dohm-Lammersdorf,50.2793,6.6681
54578,Wiesbaum,50.3048,6.7000
54579,Üxheim,50.3500,6.7500
54584,Gönnersdorf,50.3425,6.5994
54585,Esch,50.3667,6.6167
54586,Schüller,50.3333,6.5833
54587,Lissendorf,50.3167,6.6083
54589,Kerschenbach,50.3500,6.5167
54595,Prüm,50.2013,6.4006
54597,Neuheilenbach,50.1880,6.4334
54608,Oberlascheid,50.2338,6.2927
54610,Büdesheim,50.2167,6.5500
54611,Hallschlag,50.3567,6.4300
54612,Wawern,50.1111,6.4778
54614,Oberlauch,50.1553,6.4377
54616,Winterspelt,50.2167,6.2167
54617,Lützkampen,50.1333,6.1722
54619,Sengerich,50.1314,6.2218
54634,Bitburg,49.9529,6.5233
54636,Hamm,49.9819,6.4825
54646,Halsdorf,49.9469,6.3743
54647,Dudeldorf,49.9778,6.6333
54649,Dackscheid,50.0948,6.3724
54655,Etteldorf,50.0550,6.5999
54657,Neidenbach,50.0389,6.6056
54662,Philippsheim,49.9458,6.6583
54664,Hosten,49.9022,6.6217
54666,Irrel,49.8454,6.4570
54668,Echternacherbrück,49.8721,6.4302
54669,Bollendorf,49.8527,6.3579
54673,Muxerath,50.0113,6.2489
54675,Gentingen,49.9360,6.2962
54687,Arzfeld,50.0896,6.2707
54689,Olmscheid,50.0518,6.1818
55097,HUK-Coburg,49.9818,8.2902
55098,Landesbank Baden-WÃ¼rttemberg / Rheinland-Pfalz,50.0161,8.2541
55099,Johannes-Gutenberg-UniversitÃ¤t,49.9958,8.2464
55100,ZDF Sendezentrum,49.9639,8.2059
55101,Universitätsmedizin der Johannes-Gutenberg-Universität Mainz,49.9930,8.2592
55116,Mainz,50.0010,8.2688
55118,Mainz,50.0000,8.2711
55120,Mainz,50.0196,8.2321
55122,Mainz,49.9950,8.2370
55124,Mainz,50.0025,8.2148
55126,Mainz,49.9836,8.1767
55127,Mainz,50.0000,8.2711
55128,Mainz,49.9808,8.2422
55129,Mainz,49.9661,8.2663
55130,Mainz,49.9873,8.2965
55131,Mainz,49.9823,8.2609
55146,Südwestrundfunk,50.0039,8.2467
55147,Agentur für Arbeit Mainz,49.9970,8.2546
55148,Deutsche Bundesbank Servicezentrum Außenwirtschaftsstatistik,49.9949,8.2280
55149,Familienkasse Rheinland-Pfalz-Saarland,49.9970,8.2546
55150,Kreisfreie Stadt Mainz,49.9609,8.2532
55218,Ingelheim am Rhein,49.9708,8.0588
55232,Alzey,49.7765,8.1153
55234,Freimersheim,49.7354,8.1146
55237,Bornheim,49.7822,8.0590
55239,Gau-Odernheim,49.7847,8.1942
55246,Mainz-Kostheim,50.0051,8.3134
55252,Mainz-Kastel,50.0102,8.2844
55257,Budenheim,50.0167,8.1667
55262,Heidesheim am Rhein,50.0000,8.1261
55263,Wackernheim,49.9744,8.1167
55266,Mainz-Bingen,49.9048,8.2036
55268,Nieder-Olm,49.9117,8.2053
55270,Ober-Olm,49.9146,8.1451
55271,Stadecken-Elsheim,49.9122,8.1253
55276,Oppenheim,49.8460,8.3547
55278,Dexheim,49.8330,8.2725
55283,Nierstein,49.8700,8.3365
55286,Sulzheim,49.8458,8.1079
55288,Schornsheim,49.8371,8.1243
55291,Saulheim,49.8774,8.1363
55294,Bodenheim,49.9353,8.3200
55296,Lörzweiler,49.9065,8.2772
55299,Nackenheim,49.9153,8.3389
55408,Mainz-Bingen,49.9692,7.9362
55409,Edeka,49.9607,7.9137
55411,Bingen am Rhein,49.9667,7.8992
55413,Oberheimbach,50.0140,7.8075
55422,Breitscheid,50.0536,7.7348
55424,Münster-Sarmsheim,49.9434,7.8943
55425,Waldalgesheim,49.9500,7.8333
55430,Oberwesel,50.1026,7.7140
55432,Niederburg,50.1084,7.6917
55435,Gau-Algesheim,49.9567,8.0157
55437,Ober-Hilbersheim,49.9218,8.0189
55442,Roth,49.9485,7.7766
55444,Seibersbach,49.9354,7.7532
55450,Langenlonsheim,49.9000,7.9000
55452,Hergenfeld,49.9093,7.8440
55457,Horrweiler,49.9000,7.9500
55459,Aspisheim,49.9042,7.9497
55469,Belgweiler,49.9950,7.5328
55471,Wüschheim,49.9798,7.4822
55481,Metzenhausen,49.9460,7.3898
55483,Heinzenbach,49.9251,7.3382
55487,Niedersohren,49.9160,7.3310
55490,Woppenroth,49.8852,7.4629
55491,Niederweiler,49.9070,7.2711
55494,Liebshausen,50.0171,7.6431
55496,Argenthal,49.9667,7.6000
55497,Schnorbach,49.9825,7.6303
55499,Riesweiler,49.9590,7.5567
55538,Agentur für Arbeit Bad Kreuznach,49.8412,7.8667
55540,Bad Kreuznach,49.8390,7.8586
55541,AOK Bad Kreuznach,49.8161,8.0707
55543,Bad Kreuznach,49.8368,7.8647
55545,Bad Kreuznach,49.8484,7.8378
55546,Neu-Bamberg,49.8106,7.9165
55559,Bretzenheim,49.8780,7.8965
55566,Kirschroth,49.8160,7.6225
55568,Staudernheim,49.7533,7.6519
55569,Langenthal,49.8161,7.5941
55571,Odernheim am Glan,49.7648,7.7061
55576,Badenheim,49.8567,7.9667
55578,Wallertheim,49.8576,8.0443
55583,Bad Münster am Stein-Ebernburg,49.8116,7.8452
55585,Niederhausen,49.7907,7.7913
55590,Meisenheim,49.7072,7.6677
55592,Raumbach,49.7167,7.6400
55593,Rüdesheim,49.8500,7.8167
55595,Sommerloch,49.8622,7.7337
55596,Waldböckelheim,49.8056,7.7222
55597,Wöllstein,49.8167,7.9750
55599,Gau-Bickelheim,49.7971,7.9775
55606,Heinzenberg,49.7942,7.4903
55608,Hausen,49.8036,7.4149
55618,Simmertal,49.8098,7.5228
55619,Hennweiler,49.8167,7.4333
55621,Hundsbach,49.7167,7.5500
55624,Oberkirn,49.8717,7.3431
55626,Bundenbach,49.8428,7.3783
55627,Merxheim,49.7977,7.5534
55629,Schwarzerden,49.8485,7.5322
55743,Gerach,49.7362,7.3282
55756,Herrstein,49.7833,7.3333
55758,Sonnschied,49.7746,7.3203
55765,Dienstweiler,49.6503,7.1741
55767,Hattgenstein,49.6701,7.1892
55768,Hoppstädten-Weiersbach,49.6167,7.2000
55774,Baumholder,49.6489,7.3975
55776,Berglangenbach,49.6086,7.2608
55777,Eckersweiler,49.5780,7.2939
55779,Heimbach,49.6000,7.2333
56037,Kreisfreie Stadt Koblenz,50.3887,7.5829
56040,AOK Rheinland-Pfalz / Saarland Die Gesundheitskasse,50.3769,7.5836
56048,Debeka BKK,50.3727,7.5551
56053,HUK-Coburg,50.3593,7.5858
56054,Debeka Bausparkasse,50.3372,7.5584
56055,Mayen-Koblenz,50.3477,7.4950
56056,Struktur- und Genehmigungsdirektion Nord,50.3573,7.6026
56057,"Bundesamt für Ausrüstung, Informationst. u. Nutzung d. Bundeswehr (BAAINBw)",50.3615,7.5721
56058,Kreisfreie Stadt Koblenz,50.3372,7.5584
56059,Kreisfreie Stadt Koblenz,50.3416,7.5855
56060,Finanzamt Koblenz,50.3590,7.5682
56062,Landesamt fÃ¼r Finanzen,50.3574,7.5796
56063,Agentur für Arbeit Koblenz,50.3609,7.5857
56064,Bundeswehrzentralkrankenhaus,50.3570,7.5794
56065,Deutscher Gewerkschaftsbund,50.3581,7.5921
56066,Agentur für Arbeit Koblenz,50.3589,7.5718
56068,Koblenz,50.3567,7.5932
56070,Koblenz,50.3849,7.5741
56072,Koblenz,50.3578,7.5251
56073,Koblenz,50.3586,7.5812
56075,Koblenz,50.3201,7.5682
56076,Koblenz,50.3500,7.6000
56077,Koblenz,50.3500,7.6000
56078,Debeka Krankenversicherung Leistungszentrum,50.3805,7.5649
56079,Kreisfreie Stadt Koblenz,50.3874,7.5789
56080,Kreisfreie Stadt Koblenz,50.3887,7.5829
56112,Lahnstein,50.3000,7.6167
56128,Statistisches Landesamt,50.3293,7.7287
56129,Kreisverwaltung des Rhein-Lahn-Kreises,50.3349,7.7206
56130,Bad Ems,50.3354,7.7137
56132,Becheln,50.3266,7.7113
56133,Fachbach,50.3333,7.6833
56154,Boppard,50.2308,7.5899
56170,Bendorf,50.4229,7.5792
56179,Vallendar,50.3979,7.6205
56182,Urbar,50.3833,7.6333
56191,Weitersburg,50.4167,7.6000
56203,Höhr-Grenzhausen,50.4347,7.6690
56204,Hillscheid,50.4064,7.6986
56206,Hilgert,50.4596,7.6816
56218,Mülheim-Kärlich,50.3851,7.4989
56220,Bassenheim,50.4005,7.5110
56235,Ransbach-Baumbach,50.4676,7.7153
56237,Wirscheid,50.4852,7.6700
56242,Marienrachdorf,50.5273,7.7489
56244,Ewighausen,50.5417,7.8048
56249,Herschbach,50.5833,7.7333
56253,Treis-Karden,50.1717,7.3022
56254,Müden,50.1897,7.3552
56269,Marienhausen,50.5552,7.6728
56271,Isenburg,50.5571,7.6628
56276,Großmaischeid,50.5084,7.6417
56281,Hungenroth,50.1476,7.5804
56283,Halsenbach,50.1819,7.4987
56288,Bubach,50.0683,7.4528
56290,Macken,50.1202,7.4020
56291,Bickenbach,50.1050,7.5836
56294,Wierschem,50.2558,7.3607
56295,Lonnig,50.3089,7.3795
56299,Ochtendung,50.3500,7.3833
56305,Puderbach,50.6138,7.5614
56307,Harschbach,50.5741,7.5907
56316,Niederhofen,50.5750,7.6250
56317,Linkenbach,50.5708,7.5667
56321,Rhens,50.2769,7.6220
56322,Spay,50.2588,7.6484
56323,Waldesch,50.2833,7.5500
56329,Sankt Goar,50.1488,7.7072
56330,Kobern-Gondorf,50.3023,7.4561
56332,Kattenes,50.2625,7.4437
56333,Winningen,50.3167,7.5167
56335,Neuhäusel,50.3836,7.7096
56337,Simmern,50.3824,7.7200
56338,Braubach,50.2736,7.6451
56340,Dachsenhausen,50.2439,7.6466
56341,Kamp-Bornhofen,50.2315,7.6043
56346,Lykershausen,50.1806,7.6879
56348,Patersberg,50.1479,7.7325
56349,Kaub,50.0883,7.7607
56355,Winterwerb,50.2108,7.8212
56357,Ruppertshofen,50.2028,7.8047
56368,Niedertiefenbach,50.2677,7.9454
56370,Eisighofen,50.2725,7.9628
56377,Seelbach,50.3053,7.7966
56379,Horhausen,50.3306,7.8521
56407,Agentur für Arbeit Montabaur,50.4378,7.8353
56409,Agentur für Arbeit Montabaur,50.4372,7.8281
56410,Montabaur,50.4359,7.8232
56412,Nomborn,50.4065,7.8687
56414,Herschbach (Oberwesterwald),50.4785,7.9360
56422,Wirges,50.4719,7.7984
56424,Ebernhahn,50.4735,7.8257
56427,Siershahn,50.4864,7.7797
56428,Dernbach (Westerwald),50.4667,7.7833
56456,Amtsgericht,50.5611,7.9764
56457,Halbs,50.5777,7.9714
56459,Brandscheid,50.5604,7.9451
56462,Höhn,50.6167,7.9833
56469,Sparkasse Westerwald-Sieg,50.6514,7.9474
56470,Bad Marienberg,50.6495,7.9496
56472,Hardt,50.6498,7.9696
56476,Hersfeld-Rotenburg,50.8461,9.6781
56477,Rennerod,50.6417,8.0738
56479,Bretthausen,50.6187,8.0757
56560,Agentur für Arbeit Neuwied,50.4280,7.4664
56562,AOK-Die Gesundheitskasse Regionaldirektion Neuwied,50.4333,7.4675
56564,Neuwied,50.4326,7.4630
56566,Neuwied,50.4369,7.5452
56567,Neuwied,50.4565,7.4693
56575,Weißenthurm,50.4172,7.4507
56578,Neuwied,50.5053,7.4870
56579,Hardert,50.5135,7.5020
56581,Melsbach,50.5104,7.4722
56584,Rüscheid,50.5083,7.5667
56587,Oberraden,50.5464,7.5241
56588,Waldbreitbach,50.5500,7.4167
56589,Niederbreitbach,50.5236,7.4188
56593,Krunkel,50.5931,7.5154
56594,Willroth,50.5691,7.5275
56598,Rheinbrohl,50.4916,7.3416
56599,Leutesdorf,50.4500,7.3833
56624,Landesversicherungsanstalt Rheinland-Pfalz ZwSt. Andernach,50.4316,7.4095
56626,Andernach,50.4311,7.4042
56630,Kretz,50.3957,7.3625
56637,Plaidt,50.3926,7.3925
56642,Kruft,50.3833,7.3333
56645,Nickenich,50.4142,7.3273
56647,Mayen-Koblenz,50.3880,7.4040
56648,Saffig,50.3833,7.4167
56651,Niederdürenbach,50.4487,7.1919
56653,Wassenach,50.4278,7.2500
56656,Brohl-Lützing,50.4830,7.3291
56659,Burgbrohl,50.4546,7.2772
56723,Mahnstelle Amtsgericht Mayen,50.3287,7.2311
56724,Amtsgericht,50.3259,7.2402
56725,Mayen-Koblenz,50.3266,7.2249
56727,Reudelsterz,50.3316,7.1909
56729,Münk,50.3365,7.0872
56736,Kottenheim,50.3500,7.2500
56743,Mendig,50.3618,7.2801
56745,Weibern,50.3983,7.1660
56746,Hohenleimbach,50.4256,7.0980
56751,Kollig,50.2832,7.2866
56753,Mertloch,50.2817,7.3106
56754,Brohl,50.2205,7.2611
56759,Laubach,50.2395,7.0890
56761,Masburg,50.2387,7.1628
56766,Horperath,50.2085,6.9725
56767,Kötterichen,50.2556,6.9921
56769,Mannebach,50.2792,7.0042
56812,Dohr,50.1415,7.1673
56814,Landkern,50.1538,7.1773
56818,Klotten,50.1667,7.2000
56820,Mesenich,50.0917,7.2021
56821,Ellenz-Poltersdorf,50.1000,7.2333
56823,Büchel,50.1729,7.0832
56825,Gevenich,50.1365,7.0574
56826,Lutzerath,50.1423,6.9913
56828,Alflen,50.1768,7.0395
56829,Pommern,50.1778,7.2611
56841,Traben-Trarbach,49.9508,7.1156
56843,Starkenburg,49.9602,7.1639
56850,Enkirch,49.9670,7.2100
56856,Zell,50.0292,7.1823
56858,Altstrimmig,50.0469,7.2737
56859,Alf,50.0545,7.1303
56861,Reil,50.0167,7.1167
56862,Pünderich,50.0400,7.1280
56864,Bad Bertrich,50.0667,7.0333
56865,Moritzheim,50.0365,7.2884
56867,Briedel,50.0167,7.1500
56869,Mastershausen,50.0667,7.3500
57068,Universität,50.9063,8.0277
57069,Sparkasse Siegen,50.8748,8.0286
57070,Agentur für Arbeit Siegen,50.8778,8.0278
57072,Siegen,50.8734,8.0104
57074,Siegen,50.8625,8.0338
57076,Siegen,50.8994,8.0310
57078,Siegen,50.9116,8.0080
57080,Siegen,50.8340,8.0219
57110,Siegen-Wittgenstein,50.9122,7.9109
57223,Kreuztal,50.9678,7.9885
57234,Wilnsdorf,50.8167,8.1000
57250,Netphen,50.8998,8.1513
57258,Freudenberg,50.8974,7.8741
57271,Hilchenbach,50.9969,8.1106
57289,Volksbank in Südwestfalen eG,50.7867,8.0014
57290,Neunkirchen,50.8000,8.0000
57299,Burbach,50.7511,8.0794
57319,Bad Berleburg Wingeshausen,51.0388,8.4157
57334,Bad Laasphe,50.9409,8.3302
57339,Erndtebrück,50.9893,8.2529
57368,Lennestadt,51.1172,8.0671
57392,Schmallenberg,51.1547,8.2850
57399,Kirchhundem,51.0856,8.0889
57413,Finnentrop,51.1680,7.9730
57437,Olpe,51.1293,7.9006
57439,Attendorn,51.1264,7.9033
57462,Olpe,51.0290,7.8514
57482,Wenden,50.9667,7.8667
57489,Drolshagen,51.0236,7.7736
57517,Amtsgericht,50.7941,7.8550
57518,Alsdorf,50.7762,7.8706
57520,Rosenheim,50.7316,7.9140
57537,Forst,50.7848,7.7409
57539,Etzbach,50.7692,7.7052
57548,Kirchen,50.8085,7.8863
57555,Brachbach,50.8209,7.9384
57562,Herdorf,50.7770,7.9537
57567,Daaden,50.7333,7.9667
57572,Harbach,50.8500,7.8500
57577,Hamm,50.7598,7.6820
57578,Elkenroth,50.7333,7.8833
57580,Gebhardshain,50.7444,7.8056
57581,Katzwinkel,50.8147,7.8224
57583,Mörlen,50.6987,7.8799
57584,Wallmenroth,50.7937,7.8373
57586,Weitefeld,50.7254,7.9281
57587,Birken-Honigsessen,50.8167,7.7333
57589,Niederirsen,50.7479,7.6218
57609,Amtsgericht,50.6883,7.6444
57610,Altenkirchen,50.6865,7.6637
57612,Giesenhausen,50.7161,7.6627
57614,Mudenbach,50.6468,7.6588
57626,Nassauische Sparkasse,50.6602,7.8139
57627,Gehlert,50.6774,7.7892
57629,Lochum,50.6719,7.8115
57632,Orfgen,50.6495,7.5299
57635,Weyerbusch,50.7058,7.5238
57636,Mammelzen,50.7000,7.6750
57638,Neitersen,50.6673,7.5839
57639,Oberdreis,50.6319,7.6578
57641,Oberlahr,50.6230,7.5169
57642,Alpenrod,50.6333,7.8667
57644,Welkenbach,50.6499,7.7421
57645,Nister,50.6758,7.8383
57647,Enspel,50.6250,7.8917
57648,Unnau,50.6578,7.9125
58079,AOK NordWest,51.3624,7.4690
58080,Agentur für Arbeit Hagen,51.3508,7.4415
58081,Amtsgericht Hagen -Mahnabteilung-,51.3848,7.4793
58082,Kreisfreie Stadt Hagen,51.3810,7.5132
58083,Kreisfreie Stadt Hagen,51.3824,7.5183
58084,FernUniversität in Hagen,51.3775,7.4909
58085,DAK Hagen,51.3665,7.4795
58086,Amtsgericht Hagen,51.3627,7.4774
58089,Hagen,51.3801,7.4394
58091,Hagen,51.3201,7.5080
58093,Hagen,51.3657,7.5207
58095,Hagen,51.3606,7.4785
58097,Hagen,51.3668,7.4776
58099,Hagen,51.3987,7.4901
58117,Hugo Vogelsang Bandstahl,51.3546,7.5648
58119,Hagen,51.3529,7.5630
58133,Kreisfreie Stadt Hagen,51.3447,7.4185
58135,Hagen,51.3474,7.4274
58147,bol.de,51.3927,7.4944
58237,Stadtverwaltung,51.4443,7.5700
58239,Schwerte,51.4439,7.5675
58256,Ennepetal,51.2985,7.3629
58283,AVU Aktiengesellschaft für Versorgungs- Unternehmen,51.3268,7.3540
58285,Gevelsberg,51.3197,7.3392
58292,Evangelische Stiftung Volmarstein,51.3792,7.3648
58298,Stadtverwaltung Wetter (Ruhr),51.3870,7.3914
58300,Wetter (Ruhr),51.3875,7.3928
58311,Stadtverwaltung Herdecke,51.4170,7.4300
58313,Herdecke,51.4000,7.4358
58330,HELIOS Klinikum Schwelm,51.2890,7.2984
58332,Schwelm,51.2863,7.2939
58339,Breckerfeld,51.2593,7.4681
58448,Private Universität Witten/Herdecke,51.4524,7.3572
58449,Sparkasse Witten,51.4421,7.3421
58452,Witten,51.4315,7.3340
58453,Witten,51.4434,7.3633
58454,Witten,51.4644,7.3739
58455,Witten,51.4452,7.3303
58456,Witten,51.4046,7.2583
58505,Stadtverwaltung Lüdenscheid,51.2252,7.6292
58507,Lüdenscheid,51.2258,7.6342
58509,Lüdenscheid,51.2269,7.6130
58511,Lüdenscheid,51.2169,7.6457
58513,Lüdenscheid,51.2462,7.6201
58515,Lüdenscheid,51.2012,7.6258
58540,Meinerzhagen,51.1074,7.6484
58553,Halver,51.1861,7.4982
58566,Kierspe,51.1340,7.5908
58579,Schalksmühle,51.2412,7.5279
58603,Agentur für Arbeit Iserlohn,51.3728,7.7057
58634,Sparkasse Iserlohn,51.3842,7.6984
58636,Iserlohn,51.3800,7.7032
58638,Iserlohn,51.3743,7.6961
58640,Iserlohn,51.3667,7.7000
58642,Iserlohn,51.3708,7.6109
58644,Iserlohn,51.3246,7.6968
58675,Hemer,51.3871,7.7702
58706,Menden,51.4408,7.7887
58708,Menden,51.4553,7.7764
58710,Menden,51.4187,7.8259
58730,Fröndenberg,51.4756,7.7695
58739,Wickede,51.4964,7.8659
58762,Altena,51.2947,7.6734
58769,Nachrodt-Wiblingwerde,51.3167,7.6167
58791,Werdohl,51.2601,7.7661
58802,Balve,51.3315,7.8642
58809,Neuenrade,51.2828,7.7825
58840,Plettenberg,51.2095,7.8726
58849,Herscheid,51.1923,7.8063
59056,Agentur für Arbeit Hamm,51.6775,7.8202
59057,Kreisfreie Stadt Hamm,51.6767,7.8059
59059,Kreisfreie Stadt Hamm,51.6767,7.8059
59060,Kreisfreie Stadt Hamm,51.6785,7.8152
59061,Oberlandesgericht,51.6776,7.8144
59062,HUK-Coburg,51.6788,7.8139
59063,Hamm,51.6747,7.8407
59065,Hamm,51.6802,7.8134
59067,Hamm,51.6742,7.7799
59069,Hamm,51.6450,7.8608
59071,Hamm,51.6910,7.8704
59073,Hamm,51.6833,7.8000
59075,Hamm,51.6866,7.7359
59077,Hamm,51.6425,7.7343
59089,Sparkasse SoestWerl,51.5657,8.0067
59090,Soest,51.5602,7.8936
59172,Amtsgericht,51.5853,7.6659
59174,Kamen,51.5923,7.6638
59192,Bergkamen,51.6163,7.6445
59199,Bönen,51.6000,7.7667
59215,Warendorf,51.7730,7.9453
59225,Stadtverwaltung Ahlen,51.7630,7.8934
59227,Ahlen,51.7602,7.8845
59229,Ahlen,51.7502,7.8968
59267,Amtsgericht,51.7625,8.0489
59269,Beckum,51.7557,8.0407
59299,Miele & Cie Werk Oelde,51.8350,8.1393
59302,Oelde,51.8289,8.1472
59320,Ennigerloh,51.8384,8.0309
59329,Wadersloh,51.7333,8.2500
59348,Lüdinghausen,51.7683,7.4438
59366,Volksbank Kamen-Werne eG,51.6666,7.6340
59368,Werne,51.6645,7.6342
59379,Selm,51.6969,7.4681
59385,Coesfeld,51.7907,7.6088
59387,Ascheberg,51.7833,7.6167
59394,Nordkirchen,51.7383,7.5220
59399,Olfen,51.7079,7.3789
59423,Unna,51.5302,7.6760
59425,Unna,51.5485,7.6849
59427,Unna,51.5393,7.7283
59438,V.W. WERKE WIEDERHOLT,51.5060,7.6005
59439,Holzwickede,51.5000,7.6333
59455,Mariannenhospital,51.5550,7.9088
59457,Werl,51.5549,7.9140
59469,Ense,51.5133,7.9494
59490,Agentur für Arbeit Soest,51.5730,8.0986
59491,Agentur für Arbeit Soest,51.5624,8.1061
59494,Soest,51.5756,8.1062
59495,Kreis Soest,51.5728,8.1141
59505,Bad Sassendorf,51.5833,8.1667
59510,Lippetal,51.6766,8.1224
59514,Welver,51.6167,7.9667
59519,Möhnesee,51.5000,8.1333
59552,Soest,51.6722,8.3595
59553,Amtsgericht,51.6742,8.3545
59555,Lippstadt,51.6767,8.3411
59556,Lippstadt,51.6667,8.3500
59557,Lippstadt,51.6574,8.3435
59558,Lippstadt,51.6667,8.3500
59578,Westf. Klinik für Psychiatrie und Psychotherapie,51.4517,8.3548
59581,Warstein,51.4662,8.3108
59590,Geseke,51.6409,8.5109
59597,Erwitte,51.6034,8.2908
59602,Rüthen,51.4909,8.4360
59609,Anröchte,51.5667,8.3333
59753,Stadt Arnsberg,51.4376,7.9805
59755,Arnsberg,51.3833,8.0833
59757,Arnsberg,51.3833,8.0833
59759,Arnsberg,51.4263,7.9913
59817,Bezirksregierung Arnsberg,51.3996,8.0740
59818,Finanzamt Arnsberg Geschäftsstelle,51.3948,8.0657
59821,Arnsberg,51.3997,8.0627
59823,Arnsberg,51.3833,8.0833
59844,Schulte-Ufer,51.3268,8.0048
59846,Sundern,51.3281,8.0037
59870,Hochsauerlandkreis Der Landrat in Meschede,51.3536,8.2487
59872,Meschede,51.3502,8.2833
59889,Eslohe,51.2673,8.2351
59909,Bestwig,51.3608,8.4008
59929,Brilon,51.3946,8.5715
59939,Olsberg,51.3561,8.4890
59955,Winterberg,51.1925,8.5347
59964,Medebach,51.1971,8.7063
59969,Bromskirchen,51.1024,8.6233
60060,Frankfurt am Main,50.1125,8.6535
60185,Frankfurt am Main,50.1125,8.6535
60222,Hessischer Rundfunk,50.1361,8.6755
60223,Frankfurt am Main,50.1118,8.6597
60252,Frankfurt am Main,50.1111,8.6551
60254,Frankfurt am Main,50.1124,8.6758
60255,Frankfurter Sparkasse,50.1074,8.7400
60256,Amtsgericht Frankfurt am Main,50.1164,8.6896
60257,Allianz Versicherungen,50.0992,8.6670
60259,Agentur für Arbeit Frankfurt am Main,50.1105,8.6908
60261,Frankfurt am Main,50.1109,8.6829
60262,Frankfurt am Main,50.1138,8.6684
60263,Deutsche Bundesbank,50.1362,8.6496
60264,Frankfurt am Main,50.1036,8.6465
60265,Frankfurt am Main,50.1097,8.6607
60267,Frankfurt am Main,50.1086,8.6297
60270,Agentur für Arbeit Frankfurt am Main,50.1105,8.6908
60274,Frankfurt am Main,50.1100,8.6608
60275,Stadt Frankfurt am Main -Der Magistrat-,50.1105,8.6826
60276,Frankfurt am Main,50.1109,8.6883
60277,Frankfurt am Main,50.1162,8.6298
60278,Frankfurt am Main,50.1109,8.6829
60279,Frankfurt am Main,50.1109,8.6829
60280,Frankfurt am Main,50.1109,8.6829
60281,Frankfurt am Main,50.1109,8.6829
60282,Frankfurt am Main,50.1109,8.6829
60284,Helvetia Schweizerische Versicherungsgesellschaft,50.1091,8.6758
60285,Frankfurt am Main,50.1139,8.6532
60286,American Express Reisescheck,50.1162,8.6298
60287,Frankfurt am Main,50.1109,8.6829
60289,Frankfurt am Main,50.1109,8.6829
60290,Postbank Frankfurt,50.1338,8.5733
60291,DAK -Sozialversicherungswahlen-,50.1045,8.6822
60296,American Express Europe S.A (Germany branch),50.1162,8.6298
60297,Landesbank Hessen-Thüringen,50.1119,8.6725
60298,Hochtaunuskreis,50.2219,8.6212
60300,Stadt Frankfurt am Main -Ordnungsamt-,50.0990,8.6337
60301,Frankfurt am Main,50.1087,8.6720
60304,Hochtaunuskreis,50.2219,8.6212
60305,Finanzamt Frankfurt am Main I,50.1028,8.6592
60306,Frankfurt am Main,50.1159,8.6702
60307,Stadt- und Universitätsbibliothek,50.1201,8.6552
60308,Frankfurt am Main,50.1125,8.6529
60309,Volksfürsorge Schadenzentrum,50.1291,8.6834
60310,Frankfurt am Main,50.1107,8.6730
60311,Frankfurt am Main,50.1112,8.6831
60313,Frankfurt am Main,50.1153,8.6823
60314,Frankfurt am Main,50.1137,8.7119
60316,Frankfurt am Main,50.1209,8.6966
60318,Frankfurt am Main,50.1252,8.6865
60320,Frankfurt am Main,50.1390,8.6725
60322,Frankfurt am Main,50.1250,8.6762
60323,Frankfurt am Main,50.1219,8.6655
60325,Frankfurt am Main,50.1155,8.6596
60326,Frankfurt am Main,50.1025,8.6299
60327,Frankfurt am Main,50.1038,8.6522
60329,Frankfurt am Main,50.1074,8.6663
60377,Generali Schadenbüro,50.1291,8.6834
60379,DAK-Gesundheit,50.1280,8.7677
60380,Bau-Berufsgenossenschaft,50.1332,8.7131
60382,Frankfurt am Main,50.1280,8.7677
60385,Frankfurt am Main,50.1253,8.7108
60386,Frankfurt am Main,50.1268,8.7554
60388,Frankfurt am Main,50.1506,8.7537
60389,Frankfurt am Main,50.1383,8.7116
60422,Frankfurt am Main,50.1171,8.6724
60423,Industriegewerkschaft Bauen-Agrar-Umwelt,50.1611,8.6593
60424,Frankfurt am Main,50.1681,8.6351
60428,Frankfurt am Main,50.1880,8.6600
60429,Frankfurt am Main,50.1901,8.6544
60431,Frankfurt am Main,50.1457,8.6549
60433,Frankfurt am Main,50.1605,8.6684
60435,Frankfurt am Main,50.1544,8.6912
60437,Frankfurt am Main,50.1924,8.6753
60438,Frankfurt am Main,50.1787,8.6320
60439,Frankfurt am Main,50.1605,8.6337
60482,Frankfurt am Main,50.1172,8.6295
60484,Informationsdienst Zentrum für alternative Medien,50.1257,8.6363
60485,Main-Taunus-Kreis,50.1357,8.5695
60486,Frankfurt am Main,50.1162,8.6365
60487,Frankfurt am Main,50.1257,8.6414
60488,Frankfurt am Main,50.1416,8.6155
60489,Frankfurt am Main,50.1252,8.6088
60490,Frankfurt am Main,50.1175,8.6284
60519,IG Metall Vorstand,50.1037,8.6665
60521,Frankfurt am Main,50.0851,8.6294
60523,Frankfurt am Main,50.0851,8.6294
60524,HUK-Coburg Geschäfts- und Schadenaußenstelle,50.0851,8.6294
60525,Techniker Krankenkasse,50.0792,8.6334
60528,Frankfurt am Main,50.0837,8.6440
60529,Frankfurt am Main,50.0841,8.5916
60544,Frankfurt am Main,50.0302,8.5683
60546,Frankfurt am Main,50.0302,8.5683
60547,Frankfurt am Main,50.0302,8.5683
60549,Frankfurt am Main,50.0413,8.5702
60589,Frankfurt am Main,50.0986,8.6565
60590,Universitätsklinikum Frankfurt,50.0964,8.6611
60591,Deutsche Angestellten-Krankenkasse,50.1015,8.6849
60594,Frankfurt am Main,50.1039,8.6886
60596,Frankfurt am Main,50.0974,8.6735
60598,Frankfurt am Main,50.0900,8.6816
60599,Frankfurt am Main,50.0960,8.7111
60600,PATRIZIA THE SQUAIRE 18,50.0462,8.5793
60607,Frankfurt am Main,50.1422,8.6573
60608,Frankfurt am Main,50.1367,8.7430
60609,Frankfurt am Main,50.1264,8.5857
60610,Frankfurt am Main,50.0920,8.6314
60611,Frankfurt am Main,50.1139,8.6532
60612,Frankfurt am Main,50.1087,8.6589
60613,Frankfurt am Main,50.1087,8.6720
60614,Frankfurt am Main,50.1013,8.6404
60615,Frankfurt am Main,50.1161,8.6346
60620,Frankfurt am Main,50.1361,8.6755
60621,Frankfurt am Main,50.1094,8.6772
60622,Frankfurt am Main,50.1106,8.6728
60623,Frankfurt am Main,50.1189,8.6340
60624,Frankfurt am Main,50.0958,8.6952
60625,"DekaBank, Deutsche Girozentrale",50.1125,8.6670
60626,Frankfurt am Main,50.1109,8.6829
60627,Frankfurt am Main,50.1058,8.6698
60628,Frankfurt am Main,50.1140,8.6485
60629,Johann Wolfgang Goethe-Universität,50.1235,8.6627
60630,Frankfurt am Main,50.1264,8.5857
60631,Bundesanstalt für Landwirtschaft und Ernährung,50.1325,8.6774
60632,FIFA Fußballweltmeisterschaft 2006 Organisationskomitee Deutschland,50.0672,8.6396
60633,Frankfurt am Main,50.1147,8.6416
60634,Deutsche Vermögensberatung Aktiengesellschaft,50.1036,8.6663
60637,Frankfurt am Main,50.1109,8.6829
60638,Frankfurt am Main,50.0302,8.5683
60639,Frankfurt am Main,50.1138,8.6684
60640,Europäische Zentralbank,50.1098,8.7028
60643,Frankfurt am Main,50.1069,8.6399
60644,Frankfurt am Main,50.1069,8.6399
60645,Frankfurt am Main,50.1069,8.6399
60647,Servicecenter Fahrgastrechte,52.5159,13.3280
60651,Kreisfreie Stadt Bonn,50.7156,7.1305
60652,Kreisfreie Stadt Bonn,50.7156,7.1305
60699,Frankfurt am Main,50.1139,8.6532
61116,harmony.fm,50.1929,8.7423
61118,Bad Vilbel,50.1787,8.7376
61130,Nidderau,50.2381,8.8670
61137,Schöneck,50.2056,8.8333
61138,Niederdorfelden,50.1942,8.8000
61167,Kreisausschuß des Wetteraukreises und Landrat des Wetteraukreises,50.3300,8.7496
61169,Friedberg,50.3374,8.7559
61182,Wetteraukreis,50.2287,8.7609
61184,Karben,50.2302,8.7716
61191,Rosbach vor der Höhe,50.2931,8.6965
61194,Niddatal,50.2833,8.8333
61197,Florstadt,50.3287,8.9167
61200,Wölfersheim,50.4000,8.8167
61203,Reichelsheim,50.3564,8.8745
61206,Wöllstadt,50.2833,8.7667
61209,Echzell,50.3889,8.8861
61229,Deutsche Rentenversicherung Bund Rehazentrum Bad Nauheim,50.3612,8.7425
61231,Bad Nauheim,50.3646,8.7386
61239,Ober-Mörlen,50.3735,8.6909
61250,Usingen,50.3355,8.5369
61267,Neu-Anspach,50.3167,8.5000
61273,Wehrheim,50.3000,8.5667
61276,Weilrod,50.3333,8.4167
61279,Grävenwiesbach,50.3902,8.4569
61300,Bundesverwaltungsamt,50.2387,8.5884
61341,Hochtaunuskreis,50.2188,8.6167
61342,Agentur für Arbeit Bad Homburg,50.2128,8.6550
61343,Amtsgericht,50.2215,8.6238
61344,Hochtaunuskreis,50.2175,8.6171
61345,Hochtaunuskreis,50.2211,8.6242
61346,Fresenius Netcare,50.2153,8.6235
61348,Bad Homburg vor der Höhe,50.2265,8.6120
61350,Bad Homburg vor der Höhe,50.2377,8.6024
61352,Bad Homburg vor der Höhe,50.2167,8.6167
61378,Frankfurt am Main,50.0805,8.6323
61381,Friedrichsdorf,50.2496,8.6428
61389,Schmitten,50.2667,8.4500
61434,Frankfurt am Main,50.1111,8.6551
61435,Alte Leipziger,50.2120,8.5742
61437,Hochtaunuskreis,50.2033,8.5817
61440,Oberursel,50.2073,8.5775
61449,Steinbach (Taunus),50.1648,8.5706
61462,Königstein im Taunus,50.1770,8.4662
61474,Magistrat der Stadt Kronberg,50.1785,8.5079
61476,Kronberg im Taunus,50.1789,8.5134
61479,Glashütten,50.2167,8.4000
63057,Agentur für Arbeit Offenbach,50.1066,8.7538
63059,Kreisfreie Stadt Offenbach am Main,50.1053,8.7418
63060,AOK - Die Gesundheitskasse in Hessen,50.1348,8.9215
63061,Stadtverwaltung,50.1057,8.7611
63063,Städt. Sparkasse,50.0973,8.7655
63064,Kreisfreie Stadt Offenbach am Main,50.0833,8.7451
63065,Offenbach,50.1054,8.7620
63067,Offenbach,50.1069,8.7344
63069,Offenbach,50.0894,8.7494
63071,Offenbach,50.0993,8.7852
63073,Offenbach,50.1000,8.7667
63075,Offenbach,50.1230,8.7921
63106,Stadtverwaltung,50.0246,8.8945
63110,Rodgau,50.0263,8.8859
63126,Stadtverwaltung,50.0146,8.7889
63128,Dietzenbach,50.0098,8.7778
63147,Herth & Buss,50.0525,8.8100
63150,Heusenstamm,50.0555,8.8008
63165,Mühlheim,50.1078,8.8318
63177,Offenbach,50.0722,8.8563
63179,Obertshausen,50.0714,8.8512
63222,Amtsgericht,49.9842,8.6627
63223,Offenbach,49.9970,8.6533
63225,Langen,49.9896,8.6685
63256,Offenbach,50.0530,8.6563
63257,Banque PSA Finance S.A.,50.0474,8.6995
63258,Offenbach,50.0452,8.6860
63259,Mobil Krankenkasse,50.0483,8.7126
63263,Neu-Isenburg,50.0583,8.6918
63299,Stadtverwaltung,50.0255,8.6996
63303,Dreieich,50.0200,8.6961
63317,"The Bradford Exchange, Ltd.",49.9644,8.8231
63318,Der Magistrat der Stadt Rödermark,49.9776,8.8279
63322,Rödermark,49.9740,8.8282
63328,Offenbach,49.9653,8.6603
63329,Egelsbach,49.9679,8.6634
63405,Hanau,50.1333,8.9167
63438,Frankfurt am Main,50.1147,8.6416
63441,Frankfurt am Main,50.1147,8.6416
63442,Agentur für Arbeit Hanau,50.1221,8.9313
63443,Main-Kinzig-Kreis,50.1227,8.9200
63446,Sparkasse Hanau,50.1301,8.9244
63447,Main-Kinzig-Kreis,50.0964,8.9004
63450,Hanau,50.1316,8.9208
63452,Hanau,50.1442,8.9169
63454,Hanau,50.1391,8.8864
63456,Hanau,50.1139,8.9107
63457,Hanau,50.1063,8.9495
63475,Stadtverwaltung Maintal,49.9210,8.7328
63477,Maintal,50.1500,8.8333
63486,Bruchköbel,50.1785,8.9232
63499,Sparkasse Langen-Seligenstadt,50.0466,8.9689
63500,Seligenstadt,50.0432,8.9739
63505,Langenselbold,50.1766,9.0400
63512,Hainburg,50.0833,8.9333
63517,Rodenbach,50.1500,9.0333
63526,Erlensee,50.1630,8.9782
63532,anwr Ariston-Nord-West-Ring eG,50.0160,9.0016
63533,Mainhausen,50.0127,8.9901
63538,Großkrotzenburg,50.0833,8.9833
63543,Neuberg,50.2000,8.9833
63546,Hammersbach,50.2167,8.9833
63549,Ronneburg,50.2278,9.0556
63569,Amtsgericht,50.2023,9.1883
63571,Gelnhausen,50.2016,9.1874
63579,Freigericht,50.1323,9.1346
63584,Gründau,50.2064,9.1388
63589,Linsengericht,50.1667,9.2167
63594,Hasselroth,50.1667,9.1000
63599,Biebergemünd,50.1806,9.2861
63607,Wächtersbach,50.2551,9.2956
63619,Bad Orb,50.2279,9.3478
63628,Bad Soden-Salmünster,50.2757,9.3670
63633,Birstein,50.3500,9.3000
63636,Brachttal,50.3167,9.2833
63637,Jossgrund,50.1792,9.4583
63639,Flörsbachtal,50.1208,9.4375
63652,Amtsgericht,50.2861,9.1139
63654,Büdingen,50.2901,9.1114
63667,Nidda,50.4133,9.0064
63674,Altenstadt,50.2875,8.9437
63679,Schotten,50.5035,9.1252
63683,Ortenberg,50.3558,9.0560
63688,Gedern,50.4248,9.1984
63691,Ranstadt,50.3574,8.9837
63694,Limeshain,50.2591,8.9776
63695,Glauburg,50.3167,9.0000
63697,Hirzenhain,50.4000,9.1333
63699,Kefenrod,50.3448,9.2114
63715,Agentur für Arbeit Aschaffenburg,49.9787,9.1579
63735,Aschaffenburg,49.9815,9.2761
63736,Stadt Aschaffenburg,49.9795,9.1520
63739,Aschaffenburg,49.9757,9.1478
63741,Aschaffenburg,49.9751,9.1314
63743,Aschaffenburg,49.9648,9.1647
63754,Wellpappe Alzenau,50.0902,9.0531
63755,Alzenau in Unterfranken,50.0888,9.0646
63762,Großostheim,49.9199,9.0760
63768,Hösbach,50.0065,9.2076
63773,Goldbach,49.9995,9.1844
63776,Mömbris,50.0692,9.1637
63784,Miltenberg,49.8290,9.1536
63785,Obernburg am Main,49.8358,9.1310
63791,Karlstein am Main,50.0487,9.0287
63796,Kahl am Main,50.0698,9.0055
63801,Kleinostheim,50.0000,9.0667
63806,Aschaffenburg,49.9636,9.1900
63808,Haibach,49.9644,9.2072
63811,Stockstadt am Main,49.9700,9.0715
63814,Mainaschaff,49.9817,9.0900
63820,Elsenfeld,49.8429,9.1636
63825,Sommerkahl,50.0804,9.2468
63826,Geiselbach,50.1233,9.1966
63828,Kleinkahl,50.1167,9.2667
63829,Krombach,50.0832,9.2061
63831,Wiesen,50.1167,9.3667
63834,Sulzbach am Main,49.9115,9.1532
63839,Kleinwallstadt,49.8746,9.1693
63840,Hausen,49.8697,9.2103
63843,Niedernberg,49.9122,9.1369
63846,Laufach,50.0167,9.3000
63849,Leidersbach,49.9014,9.2217
63853,Mömlingen,49.8597,9.0833
63856,Bessenbach,49.9694,9.2686
63857,Waldaschaff,49.9753,9.3019
63860,Rothenbuch,49.9653,9.3939
63863,Eschau,49.8189,9.2592
63864,Glattbach,50.0000,9.1500
63867,Johannesberg,50.0316,9.1425
63868,Großwallstadt,49.8794,9.1534
63869,Heigenbrücken,50.0282,9.3712
63871,Heinrichsthal,50.0711,9.3430
63872,Heimbuchenthal,49.8892,9.2956
63874,Dammbach,49.8577,9.3276
63875,Mespelbrunn,49.9144,9.2919
63877,Sailauf,50.0246,9.2593
63879,Weibersbrunn,49.9308,9.3661
63897,Miltenberg,49.7045,9.2673
63906,Erlenbach am Main,49.8034,9.1631
63911,Klingenberg am Main,49.7851,9.1803
63916,Amorbach,49.6444,9.2218
63920,Großheubach,49.7283,9.2228
63924,Kleinheubach,49.7163,9.1963
63925,Laudenbach,49.7458,9.1761
63927,Bürgstadt,49.7148,9.2692
63928,Eichenbühl,49.7056,9.3292
63930,Neunkirchen,49.7072,9.4025
63931,Kirchzell,49.6180,9.1779
63933,Mönchberg,49.7933,9.2686
63934,Röllbach,49.7731,9.2461
63936,Schneeberg,49.6402,9.2506
63937,Weilbach,49.6681,9.2164
63939,Wörth am Main,49.7972,9.1539
64271,Merck KGaA,49.8981,8.6544
64272,Agentur für Arbeit Darmstadt,49.8627,8.6398
64273,Kreisfreie Stadt Darmstadt,49.8788,8.6399
64275,Kreisfreie Stadt Darmstadt,49.8785,8.6356
64276,ESOC-ESA European Space Operations Centre,49.8702,8.6365
64277,Technische Universität Darmstadt Der Präsident,49.8754,8.6559
64278,Staatskasse Darmstadt,49.8813,8.6521
64279,Darmstadt-Dieburg,49.8914,8.6110
64280,Kreisfreie Stadt Darmstadt,49.8162,8.6316
64283,Darmstadt,49.8719,8.6484
64285,Darmstadt,49.8591,8.6486
64287,Darmstadt,49.8676,8.6644
64289,Darmstadt,49.8972,8.6809
64291,Darmstadt,49.9111,8.6573
64293,Darmstadt,49.8875,8.6446
64295,Darmstadt,49.8611,8.6373
64297,Darmstadt,49.8192,8.6449
64304,Agentur für Arbeit Darmstadt,49.8627,8.6398
64305,Kreisfreie Stadt Darmstadt,49.8588,8.6220
64306,Groß-Gerau,49.8550,8.4872
64307,Kreisfreie Stadt Darmstadt,49.8702,8.6317
64308,Kreisfreie Stadt Darmstadt,49.8162,8.6316
64319,Pfungstadt,49.8056,8.6031
64331,Weiterstadt,49.9039,8.5887
64342,Seeheim-Jugenheim,49.7650,8.6519
64346,Darmstadt-Dieburg,49.8613,8.5898
64347,Griesheim,49.8609,8.5725
64354,Reinheim,49.8292,8.8357
64367,Mühltal,49.8156,8.7081
64372,Ober-Ramstadt,49.8308,8.7489
64380,Roßdorf,49.8597,8.7617
64385,Reichelsheim,49.7121,8.8390
64390,Erzhausen,49.9553,8.6475
64395,Brensbach,49.7739,8.8844
64397,Modautal,49.7606,8.7208
64401,Groß-Bieberau,49.8006,8.8243
64404,Bickenbach,49.7592,8.6175
64405,Fischbachtal,49.7647,8.7850
64407,Fränkisch-Crumbach,49.7461,8.8586
64409,Messel,49.9383,8.7406
64517,Groß-Gerau,49.9301,8.4968
64518,Finanzamt Groß-Gerau,49.8588,8.4882
64520,AOK Die Gesundheitskasse in Hessen,49.9134,8.4855
64521,Groß-Gerau,49.9214,8.4825
64542,Groß-Gerau,49.9818,8.5815
64543,Der Magistrat der Stadt Mörfelden-Walldorf,49.9792,8.5744
64545,Groß-Gerau,50.0146,8.5805
64546,Mörfelden-Walldorf,49.9947,8.5836
64560,Riedstadt,49.8341,8.4962
64569,Nauheim,49.9508,8.4633
64572,Büttelborn,49.9033,8.5233
64579,Gernsheim,49.7531,8.4886
64584,Biebesheim am Rhein,49.7836,8.4744
64589,Stockstadt am Rhein,49.8094,8.4728
64623,Magistrat der Stadt Bensheim,49.6782,8.6157
64624,Bergstraße,49.6694,8.6183
64625,Bensheim,49.6837,8.6184
64646,Heppenheim (Bergstraße),49.6407,8.6367
64653,Lorsch,49.6500,8.5667
64658,Fürth,49.6508,8.7847
64665,Alsbach-Hähnlein,49.7386,8.5958
64668,Rimbach,49.6250,8.7631
64673,Zwingenberg,49.7239,8.6108
64678,Lindenfels,49.6837,8.7815
64683,Einhausen,49.6767,8.5483
64686,Lautertal,49.7258,8.7033
64689,Grasellenbach,49.6300,8.8822
64711,Erbach,49.6615,8.9940
64720,Michelstadt,49.6757,9.0037
64732,Bad König,49.7432,9.0075
64738,Gemeindeverwaltung,49.8049,9.0032
64739,Höchst im Odenwald,49.7997,8.9994
64743,Beerfelden,49.5686,8.9744
64747,Breuberg,49.8000,9.0667
64750,Lützelbach,49.7883,9.0753
64753,Brombachtal,49.7325,8.9622
64754,Hesseneck,49.5699,9.0629
64756,Mossautal,49.6533,8.9289
64757,Rothenberg,49.4992,8.9192
64807,Dieburg,49.8974,8.8461
64823,Groß-Umstadt,49.8690,8.9321
64832,Babenhausen,49.9652,8.9513
64839,Münster,49.9228,8.8678
64846,Groß-Zimmern,49.8758,8.8344
64850,Schaafheim,49.9242,9.0094
64853,Otzberg,49.8261,8.9225
64859,Eppertshausen,49.9506,8.8539
65164,Kreisfreie Stadt Köln,50.9645,7.0530
65166,Agentur für Arbeit Wiesbaden,50.0810,8.2194
65169,Kreisfreie Stadt Wiesbaden,50.0741,8.2553
65170,DBV-Winterthur Lebensversicherung Aktiengesellschaft,50.0632,8.2721
65171,Kreisfreie Stadt Wiesbaden,50.0741,8.2553
65172,Kreisfreie Stadt Wiesbaden,50.0741,8.2553
65173,Agentur für Arbeit Wiesbaden,50.0698,8.2399
65174,Landeswohlfahrtsverband Hess. Zweigverwaltung Wiesbaden,50.0683,8.2426
65175,Landeshauptstadt Wiesbaden Der Magistrat,50.0737,8.2441
65176,Kreisfreie Stadt Wiesbaden,50.0444,8.2161
65177,Harald Reif Dipl.-Betriebswirt,50.0468,8.2036
65178,DBV-Winterthur Holding Aktiengesellschaft,50.0632,8.2721
65179,Zusatzversorgungskasse des Baugewerbes,50.0700,8.2534
65180,Statistisches Bundesamt,50.0714,8.2523
65181,Kreisfreie Stadt Wiesbaden,50.0863,8.2439
65182,HUK-Coburg,50.0679,8.2500
65183,Wiesbaden,50.0817,8.2389
65185,Wiesbaden,50.0773,8.2424
65187,Wiesbaden,50.0691,8.2254
65189,Wiesbaden,50.0710,8.2565
65191,Wiesbaden,50.0876,8.2797
65193,Wiesbaden,50.0896,8.2428
65195,Wiesbaden,50.1095,8.1967
65197,Wiesbaden,50.0794,8.2157
65199,Wiesbaden,50.0734,8.1960
65201,Wiesbaden,50.0441,8.2036
65203,Wiesbaden,50.0450,8.2453
65205,Wiesbaden,50.0613,8.3442
65207,Wiesbaden,50.1230,8.3018
65209,Main-Taunus-Kreis,50.1456,8.5583
65212,Kreisfreie Stadt Wiesbaden,50.0291,8.2754
65215,R+V Betriebskrankenkasse,50.0557,8.2905
65216,PS-Team,50.0445,8.1617
65218,Main-Taunus-Kreis,50.0072,8.4136
65219,Taunusstein,50.1500,8.1500
65220,Taunusstein,50.1500,8.1500
65221,Taunusstein,50.1500,8.1500
65222,Taunusstein,50.1500,8.1500
65223,Taunusstein,50.1500,8.1500
65224,Taunusstein,50.1500,8.1500
65232,Taunusstein,50.1377,8.1337
65239,Hochheim am Main,50.0144,8.3522
65307,Bad Schwalbach,50.1420,8.0696
65321,Heidenrod,50.1649,7.9535
65326,Aarbergen,50.2500,8.0667
65329,Hohenstein,50.2000,8.0667
65341,Rheingau-Taunus-Kreis,50.0463,8.1248
65343,Eltville am Rhein,50.0333,8.1167
65344,Eltville am Rhein,50.0333,8.1167
65345,Eltville am Rhein,50.0333,8.1167
65346,Eltville am Rhein,50.0333,8.1167
65347,Eltville am Rhein,50.0132,8.0615
65366,Geisenheim,49.9847,7.9684
65375,Oestrich-Winkel,50.0000,8.0000
65385,Rüdesheim am Rhein,49.9821,7.9296
65388,Schlangenbad,50.0932,8.1031
65391,Lorch,50.0658,7.8126
65396,Walluf,50.0400,8.1554
65399,Kiedrich,50.0396,8.0853
65423,Groß-Gerau,49.9918,8.4129
65424,EDS Electronic Data Systems,49.9880,8.4132
65428,Rüsselsheim,49.9896,8.4225
65438,Deutsche Shell,50.0096,8.4209
65439,Flörsheim,50.0131,8.4278
65450,Groß-Gerau,50.0523,8.5356
65451,Kelsterbach,50.0613,8.5292
65462,Ginsheim-Gustavsburg,49.9711,8.3453
65468,Trebur,49.9264,8.4073
65473,Groß-Gerau,49.9868,8.3590
65474,Bischofsheim,49.9939,8.3672
65479,Raunheim,50.0132,8.4525
65509,Rheingau-Taunus-Kreis,50.2098,8.2574
65510,Idstein,50.2255,8.2250
65520,Bad Camberg,50.2970,8.2690
65527,Niedernhausen,50.1631,8.3134
65529,Waldems,50.2500,8.3333
65546,Agentur für Arbeit Limburg an der Lahn,50.3904,8.0534
65547,Bischöfliches Ordinariat,50.3895,8.0631
65549,Limburg an der Lahn,50.3830,8.0611
65550,Limburg an der Lahn,50.3833,8.0500
65551,Limburg an der Lahn,50.3833,8.0500
65552,Limburg an der Lahn,50.3833,8.0500
65553,Limburg an der Lahn,50.3833,8.0500
65554,Limburg an der Lahn,50.3833,8.0500
65555,Limburg an der Lahn,50.3833,8.0500
65556,Limburg an der Lahn,50.3833,8.0500
65558,Gückingen,50.3519,8.0013
65580,Straßenbauamt Diez,50.3712,8.0226
65582,Hambach,50.3866,7.9975
65589,Hadamar,50.4459,8.0425
65594,Runkel,50.4057,8.1546
65597,Hünfelden,50.3286,8.1476
65599,Dornburg,50.5167,8.0167
65604,Elz,50.4167,8.0333
65606,Villmar,50.3929,8.1931
65611,Brechen,50.3556,8.1778
65614,Beselich,50.4583,8.1458
65617,Limburg-Weilburg,50.3364,8.2437
65618,Selters (Taunus),50.3500,8.2667
65620,Waldbrunn (Westerwald),50.5167,8.1167
65623,Hahnstätten,50.2943,8.0638
65624,Altendiez,50.3667,7.9833
65626,Birlenbach,50.3581,8.0027
65627,Elbtal,50.5000,8.0500
65629,Niederneisen,50.3333,8.0500
65717,Main-Taunus-Kreis Kreisausschuß,50.0845,8.4452
65719,Hofheim am Taunus,50.0902,8.4493
65754,Bundesamt für Wirtschaft und Ausfuhrkontrolle (BAFA),50.1346,8.5699
65755,Main-Taunus-Kreis,50.1338,8.5733
65756,Bundesamt für Wirtschaft und Ausfuhrkontrolle (BAFA),50.1379,8.5697
65757,Main-Taunus-Kreis,50.1605,8.5347
65758,Eurohypo Aktiengesellschaft,50.1382,8.5816
65760,Eschborn,50.1433,8.5711
65779,Kelkheim (Taunus),50.1370,8.4502
65784,TASSO,50.0706,8.4911
65795,Hattersheim,50.0785,8.4755
65810,Barmer Ersatzkasse,50.1479,8.4998
65812,Bad Soden am Taunus,50.1408,8.5045
65817,Eppstein,50.1428,8.3923
65823,Main-Taunus-Kreis,50.1440,8.5313
65824,Schwalbach am Taunus,50.1500,8.5333
65830,Kriftel,50.0841,8.4698
65835,Liederbach am Taunus,50.1185,8.4885
65840,Main-Taunus-Kreis,50.1288,8.5212
65842,Gemeinde Sulzbach (Taunus),50.1311,8.5212
65843,Sulzbach,50.1340,8.5280
65844,Main-Taunus-Kreis,50.1288,8.5212
65925,Abele-Optik,50.1083,8.5528
65927,Frankfurt am Main,50.0961,8.5380
65929,Frankfurt am Main,50.1045,8.5389
65931,Frankfurt am Main,50.0910,8.5044
65933,Frankfurt am Main,50.0979,8.5999
65934,Frankfurt am Main,50.1027,8.5749
65936,Frankfurt am Main,50.1207,8.5663
66087,Regionalverband Saarbrücken,49.2320,7.0312
66088,Agentur für Arbeit Saarbrücken,49.2392,6.9858
66090,Regionalverband Saarbrücken,49.2275,7.0251
66094,Regionalverband Saarbrücken,49.2251,7.0421
66097,Regionalverband Saarbrücken,49.2397,6.9558
66098,Innungskrankenkasse Südwest,49.2359,6.9923
66099,Regionalverband Saarbrücken,49.2320,7.0312
66100,Saarländischer Rundfunk Funkhaus Halberg,49.2205,7.0351
66101,Regionalverband Saarbrücken,49.2320,7.0073
66102,Regionalverband Saarbrücken,49.2397,6.9798
66103,Saarbrücker Media Verkaufsgesellschaft,49.2350,6.9898
66104,Sparkasse Saarbrücken,49.2355,6.9996
66106,Regionalverband Saarbrücken,49.2398,6.9993
66108,Deutsche Rentenversicherung Saarland,49.2407,7.0064
66109,HUK Coburg,49.2330,7.0020
66111,Saarbrücken,49.2461,7.0022
66113,Saarbrücken,49.2431,6.9757
66115,Saarbrücken,49.2399,6.9696
66117,Saarbrücken,49.2146,6.9682
66119,Saarbrücken,49.2087,7.0202
66121,Saarbrücken,49.2290,7.0124
66123,Saarbrücken,49.2333,7.0000
66125,Saarbrücken,49.2718,7.0325
66126,Saarbrücken,49.2333,7.0000
66127,Saarbrücken,49.2333,7.0000
66128,Saarbrücken,49.2333,7.0000
66129,Saarbrücken,49.2333,7.0000
66130,Saarbrücken,49.2470,6.9105
66131,Saarbrücken,49.2333,7.0000
66132,Saarbrücken,49.2333,7.0000
66133,Saarbrücken,49.2333,7.0000
66150,Regionalverband Saarbrücken,49.2136,6.9681
66265,Heusweiler,49.3363,6.9304
66271,Kleinblittersdorf,49.1578,7.0373
66280,Sulzbach/Saar,49.3000,7.0667
66287,Quierschied,49.3167,7.0500
66292,Riegelsberg,49.3000,6.9333
66299,Friedrichsthal,49.3279,7.0962
66330,Regionalverband Saarbrücken,49.2525,6.8511
66333,Völklingen,49.2516,6.8587
66346,Püttlingen,49.2855,6.8872
66352,Großrosseln,49.2030,6.8415
66359,Bous,49.2773,6.8013
66386,Sankt Ingbert,49.2770,7.1167
66399,Mandelbachtal,49.1833,7.1667
66421,Universität des Saarlandes Medizinische Fakultät,49.3153,7.3428
66424,Homburg,49.3264,7.3387
66440,Blieskastel,49.2372,7.2562
66450,Bexbach,49.3462,7.2553
66453,Gersheim,49.1500,7.2000
66458,Praktiker,49.2867,7.2161
66459,Kirkel,49.2833,7.2333
66482,Zweibrücken,49.2469,7.3698
66484,Walshausen,49.2276,7.4541
66497,Contwig,49.2500,7.4333
66500,Mauschbach,49.1856,7.3844
66501,Kleinbundenbach,49.3083,7.4250
66503,Dellfeld,49.2340,7.4740
66504,Bottenbach,49.1833,7.5000
66506,Maßweiler,49.2667,7.5333
66507,Reifenberg,49.2828,7.5096
66509,Rieschweiler-Mühlbach,49.2333,7.5000
66538,Neunkirchen/Saar,49.3448,7.1799
66539,Neunkirchen/Saar,49.3366,7.2191
66540,Neunkirchen/Saar,49.3670,7.1841
66557,Illingen,49.3736,7.0476
66564,Ottweiler,49.4013,7.1642
66571,Eppelborn,49.4000,6.9667
66578,Schiffweiler,49.3667,7.1333
66583,Spiesen-Elversberg,49.3167,7.1333
66589,Merchweiler,49.3500,7.0500
66606,Sankt Wendel,49.4663,7.1681
66620,Nonnweiler,49.6076,6.9699
66625,Nohfelden,49.5759,7.0808
66629,Freisen,49.5500,7.2500
66636,Tholey,49.4837,7.0369
66640,Namborn,49.5217,7.1407
66646,Marpingen,49.4523,7.0582
66649,Oberthal,49.5126,7.0838
66661,Merzig-Wadern,49.4651,6.6151
66663,Merzig,49.4433,6.6387
66679,Losheim am See,49.5181,6.7350
66687,Wadern,49.5412,6.8877
66693,Mettlach,49.4936,6.5969
66701,Beckingen,49.4000,6.7000
66706,Perl,49.4717,6.3813
66709,Weiskirchen,49.5500,6.8167
66738,Bundeszentralamt für Steuern Dienstsitz Saarlouis,49.3257,6.7483
66740,Saarlouis,49.3137,6.7515
66763,Dillingen,49.3556,6.7278
66773,Schwalbach,49.3000,6.8167
66780,Rehlingen-Siersburg,49.3756,6.6844
66787,Wadgassen,49.2667,6.7833
66793,Saarwellingen,49.3543,6.8049
66798,Wallerfangen,49.3275,6.7110
66802,Überherrn,49.2419,6.6984
66806,Ensdorf,49.3000,6.7833
66809,Nalbach,49.3833,6.7833
66822,Lebach,49.4112,6.9099
66839,Schmelz,49.4333,6.8500
66849,Landstuhl,49.4131,7.5702
66851,Steinalben,49.3625,7.6021
66862,Kindsbach,49.4167,7.6167
66869,Blaubach,49.5421,7.3908
66871,Oberalben,49.5351,7.3542
66877,Ramstein-Miesenbach,49.4445,7.5553
66879,Reichenbach-Steegen,49.4951,7.5272
66882,Hütschenhausen,49.4167,7.4833
66885,Bedesbach,49.5592,7.4623
66887,Glanbrücken,49.5683,7.4916
66892,Bruchmühlbach-Miesau,49.3833,7.4333
66894,Bechhofen,49.3518,7.4556
66901,Schönenberg-Kübelberg,49.4074,7.3723
66903,Frohnhofen,49.4388,7.3412
66904,Brücken,49.4325,7.3800
66907,Glan-Münchweiler,49.4789,7.4421
66909,Nanzdietschweiler,49.4770,7.3891
66914,Waldmohr,49.3833,7.3333
66916,Dunzweiler,49.4246,7.2861
66917,Knopp-Labach,49.3224,7.5016
66919,Herschberg,49.3250,7.5794
66950,Finanzamt Pirmasens,49.1943,7.6080
66951,Kreisverwaltung Südwestpfalz,49.2045,7.5958
66953,Pirmasens,49.2149,7.6290
66954,Pirmasens,49.2071,7.5911
66955,Pirmasens,49.1839,7.6134
66957,Schweix,49.1491,7.5648
66969,Lemberg,49.1731,7.6511
66976,Rodalben,49.2394,7.6396
66978,Merzalben,49.2611,7.7046
66981,Münchweiler an der Rodalb,49.2167,7.7000
66986,Südwestpfalz,49.2612,7.5624
66987,Thaleischweiler-Fröschen,49.2667,7.5833
66989,Petersberg,49.2460,7.5595
66994,Dahn,49.1510,7.7784
66996,Schönau,49.0938,7.7533
66999,Hinterweidenthal,49.2000,7.7500
67055,Agentur für Arbeit Ludwigshafen am Rhein,49.4800,8.4441
67056,Kreisfreie Stadt Ludwigshafen am Rhein,49.4949,8.4340
67057,Postbank Niederlassung Ludwigshafen,49.4740,8.4251
67059,Ludwigshafen am Rhein,49.4828,8.4376
67061,Ludwigshafen am Rhein,49.4705,8.4454
67063,Ludwigshafen am Rhein,49.4990,8.4109
67065,Ludwigshafen am Rhein,49.4603,8.4162
67067,Ludwigshafen am Rhein,49.4811,8.4353
67069,Ludwigshafen am Rhein,49.5235,8.4022
67071,Ludwigshafen am Rhein,49.4890,8.3791
67075,Kreisfreie Stadt Ludwigshafen am Rhein,49.4436,8.4034
67076,Kreisfreie Stadt Ludwigshafen am Rhein,49.4740,8.4251
67077,Kreisfreie Stadt Ludwigshafen am Rhein,49.4748,8.4265
67078,Kreisfreie Stadt Ludwigshafen am Rhein,49.4748,8.4265
67082,pronova BKK,49.4760,8.4556
67098,Bad Dürkheim,49.4563,8.0814
67105,Schifferstadt,49.3842,8.3775
67112,Mutterstadt,49.4414,8.3561
67117,Limburgerhof,49.4244,8.3919
67122,Altrip,49.4356,8.4947
67125,Dannstadt-Schauernheim,49.4403,8.3086
67126,Hochdorf-Assenheim,49.4194,8.2817
67127,Rödersheim-Gronau,49.4300,8.2614
67133,Maxdorf,49.4881,8.2917
67134,Birkenheide,49.4814,8.2619
67136,Fußgönheim,49.4611,8.2922
67141,Neuhofen,49.4278,8.4247
67146,Deidesheim,49.4078,8.1844
67147,Forst an der Weinstraße,49.4258,8.1911
67149,Meckenheim,49.4044,8.2392
67150,Niederkirchen bei Deidesheim,49.4150,8.2100
67152,Ruppertsberg,49.4003,8.1961
67157,Wachenheim an der Weinstraße,49.4480,8.1712
67158,Ellerstadt,49.4617,8.2594
67159,Friedelsheim,49.4469,8.2231
67161,Gönnheim,49.4481,8.2386
67165,Waldsee,49.3953,8.4403
67166,Otterstadt,49.3722,8.4478
67167,Erpolzheim,49.4892,8.2247
67169,Kallstadt,49.4908,8.1761
67225,Justizvollzugsanstalt,49.5375,8.3546
67227,Frankenthal (Pfalz),49.5386,8.3540
67229,Großkarlbach,49.5467,8.2413
67240,Bobenheim-Roxheim,49.5875,8.3578
67245,Lambsheim,49.5136,8.2878
67246,Dirmstein,49.5633,8.2447
67251,Freinsheim,49.5065,8.2119
67256,Weisenheim am Sand,49.5181,8.2478
67258,Heßheim,49.5458,8.3078
67259,Beindersheim,49.5715,8.3112
67269,Grünstadt,49.5630,8.1628
67271,Mertesheim,49.5605,8.1564
67273,Herxheim am Berg,49.5169,8.1678
67278,Bockenheim,49.6067,8.1849
67280,Quirnheim,49.5764,8.1175
67281,Bissersheim,49.5365,8.1925
67283,Obrigheim,49.5442,8.2044
67292,Kirchheimbolanden,49.6625,8.0151
67294,Morschheim,49.6854,8.0410
67295,Bolanden,49.6392,8.0119
67297,Marnheim,49.6328,8.0400
67304,Kerzenheim,49.5695,8.0430
67305,Ramsen,49.5369,8.0133
67307,Göllheim,49.5950,8.0508
67308,Albisheim (Pfrimm),49.6304,8.1154
67310,Hettenleidelheim,49.5356,8.0736
67311,Tiefenthal,49.5386,8.1039
67316,Carlsberg,49.5039,8.0417
67317,Altleiningen,49.5075,8.0733
67319,Wattenheim,49.5217,8.0617
67340,Deutsche Rentenversicherung Rheinland-Pfalz,49.3199,8.4208
67342,Deutsche Rentenversicherung Rheinland-Pfalz,49.3199,8.4208
67343,Evangelische Kirche der Pfalz Landeskirchenrat,49.3190,8.4345
67346,Speyer,49.3208,8.4311
67354,Römerberg,49.2954,8.4070
67360,Lingenfeld,49.2539,8.3386
67361,Freisbach,49.2717,8.2719
67363,Lustadt,49.2448,8.2741
67365,Schwegenheim,49.2700,8.3286
67366,Weingarten,49.2595,8.2862
67368,Westheim,49.2464,8.3236
67373,Dudenhofen,49.3186,8.3886
67374,Hanhofen,49.3167,8.3408
67376,Harthausen,49.2942,8.3450
67377,Gommersheim,49.2911,8.2658
67378,Zeiskam,49.2328,8.2472
67429,Stadtverwaltung,49.3538,8.1435
67433,Neustadt an der Weinstraße,49.3465,8.1491
67434,Neustadt an der Weinstraße,49.3505,8.1363
67435,Neustadt an der Weinstraße,49.3567,8.1378
67454,Haßloch,49.3628,8.2581
67459,Böhl-Iggelheim,49.3806,8.3039
67466,Lambrecht,49.3705,8.0726
67468,Frankenstein,49.4018,8.0241
67471,Elmstein,49.3667,7.9333
67472,Esthal,49.3833,7.9833
67473,Lindenberg,49.3803,8.0986
67475,Weidenthal,49.4167,8.0000
67480,Edenkoben,49.2839,8.1271
67482,Böbingen,49.2808,8.2125
67483,Edesheim,49.2652,8.1661
67487,Maikammer,49.3028,8.1185
67489,Kirrweiler (Pfalz),49.3019,8.1656
67545,Stadtverwaltung Worms,49.6372,8.3561
67547,Worms,49.6326,8.3619
67549,Worms,49.6356,8.3338
67550,Worms,49.6356,8.3597
67551,Worms,49.6163,8.2753
67574,Osthofen,49.7038,8.3242
67575,Eich,49.7500,8.3989
67577,Alsheim,49.7681,8.3403
67578,Gimbsheim,49.7778,8.3750
67580,Hamm,49.7323,8.4327
67582,Mettenheim,49.7400,8.3258
67583,Guntersblum,49.7975,8.3456
67585,Dorn-Dürkheim,49.7686,8.2697
67586,Hillesheim,49.7764,8.2561
67587,Wintersheim,49.7786,8.2803
67590,Monsheim,49.6372,8.2119
67591,Offstein,49.6283,8.2232
67592,Flörsheim-Dalsheim,49.6755,8.2089
67593,Bermersheim,49.6932,8.2358
67595,Bechtheim,49.7278,8.2922
67596,Dittelsheim-Heßloch,49.7518,8.2408
67598,Gundersheim,49.6961,8.2025
67599,Gundheim,49.6758,8.2378
67650,Agentur für Arbeit Kaiserslautern,49.4390,7.7743
67653,ARGE Landkreis Kaiserslautern,49.4417,7.7641
67655,Kaiserslautern,49.4425,7.7659
67657,Kaiserslautern,49.4495,7.7948
67659,Kaiserslautern,49.4467,7.7609
67661,Kaiserslautern,49.4126,7.7107
67663,Kaiserslautern,49.4360,7.7503
67677,Enkenbach-Alsenborn,49.4833,7.9000
67678,Mehlingen,49.4914,7.8547
67680,Neuhemsbach,49.5167,7.9167
67681,Wartenberg-Rohrbach,49.5197,7.8596
67685,Weilerbach,49.4947,7.6193
67686,Mackenbach,49.4667,7.5833
67688,Rodenbach,49.4728,7.6579
67691,Hochspeyer,49.4421,7.8950
67693,Fischbach,49.4250,7.9000
67697,Otterberg,49.5030,7.7699
67699,Heiligenmoschel,49.5440,7.7559
67700,Niederkirchen,49.5833,7.7000
67701,Schallodenbach,49.5500,7.7167
67705,Trippstadt,49.3684,7.7565
67706,Krickenbach,49.3667,7.6667
67707,Schopp,49.3500,7.6833
67714,Waldfischbach-Burgalben,49.2833,7.6667
67715,Geiselberg,49.3261,7.6971
67716,Heltersberg,49.3167,7.7167
67718,Schmalenberg,49.3333,7.7333
67722,Potzbach,49.5625,7.8497
67724,Gehrweiler,49.5722,7.8115
67725,Breunigweiler,49.5722,7.9546
67727,Lohnsfeld,49.5500,7.8500
67728,Münchweiler an der Alsenz,49.5500,7.8833
67729,Sippersfeld,49.5500,7.9333
67731,Otterbach,49.4855,7.7345
67732,Hirschhorn,49.5197,7.6788
67734,Katzweiler,49.5084,7.6833
67735,Mehlbach,49.5167,7.7167
67737,Olsbrücken,49.5361,7.6460
67742,Hausweiler,49.6458,7.5824
67744,Löllbach,49.6513,7.5949
67745,Grumbach,49.6500,7.5667
67746,Unterjeckenbach,49.6667,7.5111
67748,Odenbach,49.6833,7.6500
67749,Offenbach-Hundheim,49.6086,7.5506
67752,Wolfstein,49.5836,7.6128
67753,Rothselberg,49.6000,7.6333
67754,Eßweiler,49.5582,7.5642
67756,Hinzweiler,49.5889,7.5889
67757,Kreimbach-Kaulbach,49.5500,7.6333
67759,Reichsthal,49.6166,7.7166
67806,Katzenbach,49.6321,7.7918
67808,Weitersweiler,49.6397,7.8641
67811,Dielkirchen,49.6667,7.8167
67813,Sankt Alban,49.6750,7.8667
67814,Jakobsweiler,49.6227,7.9468
67816,Dreisen,49.6016,7.9970
67817,Imsbach,49.5833,7.8833
67819,Kriegsfeld,49.7099,7.9169
67821,Alsenz,49.7167,7.8167
67822,Niedermoschel,49.7150,7.8283
67823,Schiersfeld,49.7189,7.7612
67824,Feilbingert,49.7667,7.8000
67826,Hallgarten,49.7593,7.7888
67827,Becherbach,49.6500,7.6833
67829,Reiffelbach,49.6889,7.6944
68051,Mannheim,49.4526,8.5191
68112,Mannheim,49.4875,8.4688
68122,HUK-Coburg,49.4799,8.4730
68123,Mannheim,49.4490,8.5051
68124,"Stadtverwaltung, Verkehrsüberwachung u. Ordnungswidrigkeiten",49.4941,8.4566
68126,Mannheim,49.4808,8.4831
68127,Mannheim,49.4776,8.4910
68128,ALSTOM Power Generation Aktiengesellschaft,49.5057,8.5069
68130,Mannheim,49.5043,8.4732
68131,Universität,49.4822,8.4666
68132,Bauhaus,49.4971,8.4985
68133,Stadt Mannheim -Technischer Bereich-,49.4756,8.4712
68134,Mannheim,49.4784,8.4679
68135,Mannheim,49.4912,8.4870
68136,Berufsgenossenschaft Nahrungsmittel und Gastgewerbe,49.4744,8.4934
68138,Mannheim,49.5117,8.4989
68139,AOK - Die Gesundheitskasse Rhein-Neckar-Odenwald,49.4720,8.5401
68140,Mannheim,49.4881,8.4816
68141,Mannheim,49.4783,8.4758
68142,Mannheim,49.4846,8.4813
68143,Mannheim,49.4539,8.5127
68144,Diako Mannheim gGmbH,49.4809,8.4914
68145,Berufsgenossenschaft Handel und Warenlogistik (BGHW),49.5010,8.4747
68146,Mannheim,49.4905,8.4859
68147,Mannheim,49.4756,8.4712
68148,Südwestrundfunk,49.4932,8.4812
68149,Staatsanwaltschaft,49.4852,8.4647
68150,Finanzamt Mannheim Stadt,49.4683,8.4855
68151,Stadtbücherei,49.4887,8.4750
68156,Agentur für Arbeit Mannheim,49.4853,8.4664
68159,Mannheim,49.4934,8.4653
68161,Mannheim,49.4873,8.4695
68163,Mannheim,49.4883,8.4647
68165,Mannheim,49.4772,8.4818
68167,Mannheim,49.4996,8.4939
68169,Mannheim,49.5030,8.4693
68197,Flamme,49.4567,8.4976
68199,Mannheim,49.4598,8.4881
68219,Mannheim,49.4883,8.4647
68229,Mannheim,49.4883,8.4647
68239,Mannheim,49.4883,8.4647
68259,Mannheim,49.4903,8.5339
68298,Mannheim,49.5287,8.4692
68299,Mannheim,49.5167,8.4780
68300,Asea Brown Boveri (ABB),49.5057,8.5069
68301,Mannheim,49.5334,8.4746
68302,IKK classic Regionaldirektion Mannheim,49.5044,8.5091
68305,Mannheim,49.5257,8.4965
68307,Mannheim,49.5461,8.4488
68309,Mannheim,49.5121,8.5316
68517,Viernheimer Tageblatt,49.5405,8.5851
68519,Viernheim,49.5403,8.5782
68526,Ladenburg,49.4731,8.6090
68535,Edingen-Neckarhausen,49.4572,8.6064
68542,Heddesheim,49.5056,8.6036
68549,Ilvesheim,49.4740,8.5674
68619,Stadtverwaltung,49.5991,8.4680
68623,Lampertheim,49.5979,8.4725
68642,Bürstadt,49.6427,8.4594
68647,Biblis,49.6917,8.4586
68649,Groß-Rohrheim,49.7211,8.4828
68721,Amtsgericht Schwetzingen,49.3844,8.5772
68723,Oftersheim,49.3806,8.5872
68753,Waghäusel,49.2499,8.5126
68764,Rhein-Neckar-Kreis,49.3330,8.5364
68766,Hockenheim,49.3233,8.5519
68775,Ketsch,49.3678,8.5311
68782,Brühl,49.3972,8.5336
68789,Sankt Leon-Rot,49.2659,8.6180
68794,Oberhausen-Rheinhausen,49.2739,8.4717
68799,Reilingen,49.2983,8.5642
68804,Altlußheim,49.3017,8.4992
68809,Neulußheim,49.2981,8.5183
69108,Agentur für Arbeit Heidelberg,49.4034,8.6835
69110,Heidelberg,49.4010,8.6724
69111,Europäisches Laboratorium für Molekularbiologie EMBL,49.4018,8.6788
69112,"Schindler, Staatliche Lotterie-Einnahme",49.4034,8.6787
69113,Heidelberg,49.4052,8.6762
69115,Heidelberg,49.4062,8.6868
69117,Heidelberg,49.4095,8.6935
69118,Heidelberg,49.4194,8.7345
69120,Heidelberg,49.4169,8.6764
69121,Heidelberg,49.4322,8.6824
69123,Heidelberg,49.4167,8.7000
69124,Heidelberg,49.3829,8.6656
69126,Heidelberg,49.3757,8.6911
69151,Neckargemünd,49.3890,8.7959
69159,Rhein-Neckar-Kreis,49.2882,8.6601
69168,Wiesloch,49.2950,8.6985
69181,Leimen,49.3474,8.6873
69189,Rhein-Neckar-Kreis,49.2934,8.6417
69190,Walldorf,49.3064,8.6424
69198,Schriesheim,49.4737,8.6636
69207,Sandhausen,49.3428,8.6592
69214,Eppelheim,49.4019,8.6364
69221,Dossenheim,49.4503,8.6747
69226,Nußloch,49.3239,8.6956
69231,Rauenberg,49.2694,8.7034
69234,Dielheim,49.2842,8.7381
69239,Neckarsteinach,49.4074,8.8434
69242,Mühlhausen,49.2486,8.7267
69245,Bammental,49.3561,8.7794
69250,Schönau,49.4366,8.8088
69251,Gaiberg,49.3664,8.7497
69253,Heiligkreuzsteinach,49.4833,8.7950
69254,Malsch,49.2472,8.6828
69256,Mauer,49.3408,8.8003
69257,Wiesenbach,49.3614,8.8036
69259,Wilhelmsfeld,49.4706,8.7536
69412,Eberbach,49.4668,8.9902
69427,Mudau,49.5344,9.2044
69429,Waldbrunn,49.4592,9.0919
69434,Heddesbach,49.4630,8.8620
69436,Schönbrunn,49.4111,8.9278
69437,Neckargerach,49.4000,9.0667
69439,Zwingenberg,49.4192,9.0406
69465,Freudenberg & Co.,49.5541,8.6637
69469,Weinheim,49.5489,8.6670
69483,Wald-Michelbach,49.5700,8.8317
69488,Birkenau,49.5625,8.7069
69493,Hirschberg an der Bergstraße,49.5062,8.6657
69502,Hemsbach,49.5907,8.6478
69509,Mörlenbach,49.5992,8.7347
69514,Laudenbach,49.6133,8.6539
69517,Gorxheimertal,49.5325,8.7295
69518,Abtsteinach,49.5367,8.7875
70131,LBS Süd Landesbausparkasse Süd,48.7855,9.1760
70134,Stuttgart,48.7720,9.1642
70135,Stuttgarter Lebensversicherung a.G,48.7702,9.1559
70136,Stuttgart,48.7761,9.1746
70137,HUK-Coburg,48.7781,9.1667
70138,Stuttgart,48.7780,9.1692
70139,Stuttgart,48.7863,9.1808
70140,Stuttgart,48.7816,9.1767
70141,Finanzamt Stuttgart 2,48.7734,9.1679
70143,Rems-Murr-Kreis,48.8246,9.2739
70144,Landesbank Baden-Württemberg,48.7860,9.1809
70145,Agentur für Arbeit Stuttgart,48.7936,9.1902
70146,Familienkasse Baden-Württemberg-Ost,48.7915,9.1993
70148,Postbank Niederlassung Stuttgart,48.7784,9.1774
70149,Stuttgart,48.7882,9.1836
70150,SWR,48.7936,9.2036
70151,Stuttgart,48.7708,9.1681
70152,Stuttgart,48.7755,9.1854
70153,AOK - Die Gesundheitskasse Stuttgart,48.8016,9.1848
70154,Amtsgericht -Mahnabteilung-,48.7871,9.1904
70155,Stuttgart,48.7882,9.1836
70158,Statistisches Landesamt,48.7636,9.1611
70161,Landeshauptstadt Stuttgart,48.7749,9.1780
70162,Stuttgart,48.7786,9.1709
70166,HALLESCHE Krankenversicherung a.G.,48.7485,9.1661
70167,Stuttgart,48.7815,9.1780
70168,Stuttgart,48.7801,9.1782
70171,Hauptzollamt Stuttgart Zentralstellen,48.7893,9.2085
70173,Stuttgart,48.7726,9.1800
70174,Stuttgart,48.7824,9.1825
70176,Stuttgart Stuttgart-West,48.7718,9.1686
70178,Stuttgart,48.7694,9.1721
70180,Stuttgart Stuttgart-Süd,48.7653,9.1758
70182,Stuttgart,48.7706,9.1827
70184,Stuttgart Stuttgart-Mitte,48.7699,9.1921
70186,Stuttgart Stuttgart-Ost,48.7692,9.1937
70188,Stuttgart,48.7774,9.2008
70190,Stuttgart Stuttgart-Ost,48.7791,9.1977
70191,Stuttgart,48.7899,9.1932
70192,Stuttgart Stuttgart-Nord,48.7919,9.1781
70193,Stuttgart,48.7729,9.1677
70195,Stuttgart Botnang,48.7715,9.1568
70197,Stuttgart,48.7669,9.1659
70199,Stuttgart Stuttgart-Süd,48.7631,9.1673
70320,Stuttgart,48.8103,9.1807
70322,Stuttgart,48.7854,9.2411
70323,Stuttgart,48.7673,9.2476
70324,Unfallkasse Baden-Württemberg,48.7665,9.2569
70327,Stuttgart,48.7747,9.2445
70329,Stuttgart Obertürkheim,48.7673,9.2481
70345,Stuttgart,48.8233,9.2239
70363,Stuttgart,48.8000,9.2201
70365,Stuttgart,48.8096,9.1914
70366,Staatliche Lotterie-Einnahme Glöckle,48.8000,9.2201
70367,Glöckle Staatliche Lotterie-Einnahme,48.8000,9.2201
70369,Stuttgart,48.8077,9.2241
70372,Stuttgart,48.8041,9.2159
70374,Stuttgart Bad Cannstatt,48.7943,9.2114
70376,Stuttgart Bad Cannstatt,48.8018,9.2075
70378,Stuttgart,48.8370,9.2270
70429,Deutsche Rentenversicherung Baden-Württemberg,48.8425,9.2123
70431,Stuttgart,48.8383,9.1889
70432,Volksbank Zuffenhausen eG,48.8308,9.1591
70435,Stuttgart Zuffenhausen,48.8000,9.1745
70437,Stuttgart,48.8259,9.1978
70439,Stuttgart Neuwirtshaus,48.8233,9.1585
70464,Stuttgart,48.8172,9.1656
70465,Böblingen,48.7755,8.9045
70466,Bosch - Betriebskrankenkasse,48.8148,9.1737
70467,Postbeamtenkrankenkasse,48.8023,9.2236
70469,Stuttgart,48.7969,9.1707
70494,Stuttgart,48.8215,9.0958
70496,Stuttgart,48.8237,9.0986
70499,Stuttgart Giebel,48.8070,9.1197
70537,Stuttgart,48.7119,9.1679
70538,Esslingen,48.6972,9.1435
70539,Stuttgart,48.7202,9.1298
70545,Stuttgart,48.7387,9.1115
70546,Stuttgart,48.7239,9.1699
70547,Stuttgart,48.7250,9.1234
70549,Stuttgart,48.7225,9.1193
70550,Universität Stuttgart,48.7451,9.1044
70551,Süddeutsche Metall-Berufsgenossenschaft,48.7320,9.1085
70552,Volksfürsorge Schadenzentrum,48.7764,9.1629
70556,Generali Schadenbüro,48.7764,9.1629
70560,Deutsche Bibelgesellschaft,48.7305,9.1490
70563,Stuttgart Vaihingen,48.7406,9.1442
70565,Stuttgart Möhringen,48.7277,9.1382
70567,Stuttgart,48.7387,9.1610
70569,Stuttgart,48.7464,9.1255
70593,Universität Hohenheim,48.7119,9.2141
70594,Stuttgart,48.7100,9.1993
70597,Stuttgart Hoffeld,48.7446,9.1597
70599,Stuttgart,48.7158,9.2046
70619,Stuttgart Sillenbuch,48.7499,9.2169
70627,Stuttgart,48.6940,9.1924
70628,Stuttgart,48.6940,9.1924
70629,Stuttgart,48.7251,9.1977
70637,Stuttgart,48.8148,9.1639
70640,Rems-Murr-Kreis,48.8240,9.2983
70644,Postbeamtenkrankenkasse,48.8023,9.2236
70730,Landesamt für Besoldung und Versorgung Baden-Württemberg,48.8212,9.2681
70731,Stadtverwaltung,48.8182,9.2701
70732,Statistisches Landesamt,48.7636,9.1611
70734,Fellbach,48.8086,9.2792
70736,Fellbach,48.8239,9.2720
70764,Esslingen,48.6972,9.1435
70765,Esslingen,48.6964,9.1454
70766,Esslingen,48.6957,9.1613
70767,"RTS Rieger Team, Werbeagentur",48.6988,9.1415
70768,Esslingen,48.6729,9.1777
70769,Esslingen,48.6944,9.1659
70771,Leinfelden-Echterdingen,48.6941,9.1681
70788,Esslingen,48.6598,9.2258
70790,Bettenring eG,48.5359,9.7910
70791,Esslingen,48.6581,9.2231
70792,Filderklinik,48.6544,9.2134
70794,Filderstadt,48.6570,9.2205
70801,Ludwigsburg,48.8623,9.1879
70803,Stadtverwaltung,48.8569,9.1781
70804,Ludwigsburg,48.8618,9.1790
70806,Kornwestheim,48.8616,9.1857
70821,Ludwigsburg,48.8504,9.1099
70822,Stadtverwaltung,48.8436,9.1194
70825,Korntal-Münchingen,48.8167,9.1167
70836,Stadtverwaltung,48.8035,9.0714
70839,Gerlingen,48.7995,9.0632
71028,Böblingen,48.6848,8.9842
71029,Finanzamt,48.9412,9.0219
71032,Böblingen,48.6821,9.0117
71034,Böblingen,48.6902,8.9705
71058,AOK - Die Gesundheitskasse,48.7067,8.9981
71060,Zweigart & Sawitzki,48.7066,9.0114
71063,Sindelfingen,48.7094,8.9988
71065,Sindelfingen,48.7023,9.0219
71067,Sindelfingen,48.7233,9.0077
71069,Sindelfingen,48.7172,8.9684
71083,Herrenberg,48.5952,8.8665
71087,Böblingen,48.6313,9.0309
71088,Holzgerlingen,48.6397,9.0115
71093,Weil im Schönbuch,48.6227,9.0635
71101,Schönaich,48.6587,9.0601
71106,Magstadt,48.7447,8.9668
71111,Waldenbuch,48.6383,9.1326
71116,Gärtringen,48.6418,8.9007
71120,Grafenau,48.7083,8.9183
71125,Böblingen,48.5244,8.8431
71126,Gäufelden,48.5500,8.8167
71131,Jettingen,48.5750,8.7865
71134,Aidlingen,48.6785,8.8952
71137,Böblingen,48.6518,8.9465
71139,Ehningen,48.6588,8.9412
71144,Steinenbronn,48.6667,9.1167
71148,Böblingen,48.5244,8.8431
71149,Bondorf,48.5206,8.8370
71154,Nufringen,48.6225,8.8901
71155,Altdorf,48.6311,8.9963
71157,Hildrizhausen,48.6242,8.9660
71159,Mötzingen,48.5332,8.7745
71226,Amtsgericht Leonberg,48.7973,9.0121
71229,Leonberg,48.8000,9.0167
71252,Stadtverwaltung,48.8215,9.0668
71254,Ditzingen,48.8267,9.0670
71261,Stadtverwaltung,48.7562,8.8645
71263,Weil der Stadt,48.7495,8.8718
71272,Renningen,48.7697,8.9387
71277,Rutesheim,48.8081,8.9454
71282,Hemmingen,48.8667,9.0333
71287,Weissach,48.8469,8.9283
71292,Friolzheim,48.8333,8.8333
71296,Heimsheim,48.8066,8.8674
71297,Mönsheim,48.8667,8.8667
71299,Wimsheim,48.8500,8.8333
71327,Agentur für Arbeit Waiblingen,48.8257,9.3103
71328,AOK Rems-Murr,48.8290,9.3106
71332,Waiblingen,48.8285,9.3131
71334,Waiblingen,48.8430,9.3100
71336,Waiblingen,48.8333,9.3000
71361,Krankenhaus für Psychiatrie und Neurologie Winnenden,48.8728,9.3911
71364,Winnenden,48.8756,9.3982
71384,Weinstadt,48.8092,9.3774
71394,Kernen im Remstal,48.8075,9.3224
71397,Leutenbach,48.8879,9.3927
71404,Korb,48.8430,9.3626
71409,Schwaikheim,48.8773,9.3496
71520,Südbund,48.9509,9.4345
71522,Backnang,48.9474,9.4372
71540,Murrhardt,48.9819,9.5705
71543,Wüstenrot,49.0601,9.3878
71546,Aspach,48.9667,9.4000
71549,Auenwald,48.9333,9.5000
71554,Weissach im Tal,48.9301,9.4769
71560,Sulzbach an der Murr,49.0030,9.5003
71563,Affalterbach,48.9227,9.3236
71566,Althütte,48.9156,9.5698
71570,Oppenweiler,48.9827,9.4585
71573,Allmersbach im Tal,48.9066,9.4682
71576,Burgstetten,48.9281,9.3724
71577,Großerlach,49.0537,9.5136
71579,Spiegelberg,49.0408,9.4444
71629,Agentur für Arbeit Ludwigsburg,48.8904,9.1950
71630,Ludwigsburg,48.8832,9.1897
71631,Amtsgericht Ludwigsburg,48.8938,9.1980
71632,mhplus Betriebskrankenkasse,48.8903,9.1855
71634,Ludwigsburg,48.9076,9.1776
71636,Ludwigsburg,48.8901,9.1746
71638,Ludwigsburg,48.8909,9.1898
71640,Ludwigsburg,48.8924,9.2180
71642,Ludwigsburg,48.9070,9.2174
71665,Vaihingen an der Enz,48.9356,8.9604
71672,Marbach am Neckar,48.9700,9.3286
71679,Asperg,48.9053,9.1350
71686,Remseck am Neckar,48.8783,9.2673
71691,Freiberg am Neckar,48.9320,9.2024
71696,Möglingen,48.8874,9.1269
71701,Schwieberdingen,48.8764,9.0744
71706,Markgröningen,48.9049,9.0806
71711,Murr,48.9630,9.2711
71717,Beilstein,49.0394,9.3150
71718,Billensbach,49.0621,9.3670
71720,Oberstenfeld,49.0261,9.3208
71723,Großbottwar,49.0015,9.2935
71726,Benningen am Neckar,48.9467,9.2421
71729,Erdmannhausen,48.9426,9.2962
71732,Tamm,48.9199,9.1156
71735,Eberdingen,48.8794,8.9650
71737,Kirchberg an der Murr,48.9430,9.3408
71739,Oberriexingen,48.9265,9.0270
72070,Tübingen,48.5241,9.0177
72072,Tübingen,48.5166,9.0581
72074,Tübingen,48.5311,9.0705
72076,Tübingen,48.5369,9.0536
72105,Tübingen,48.4728,8.9468
72108,Rottenburg am Neckar,48.4796,8.9500
72116,Mössingen,48.4057,9.0542
72119,Ammerbuch,48.5534,8.9722
72124,Pliezhausen,48.5593,9.2075
72127,Kusterdingen,48.5229,9.1198
72131,Ofterdingen,48.4167,9.0333
72135,Dettenhausen,48.6076,9.1004
72138,Kirchentellinsfurt,48.5331,9.1473
72141,Walddorfhäslach,48.5870,9.1814
72144,Dußlingen,48.4536,9.0555
72145,Hirrlingen,48.4125,8.8874
72147,Nehren,48.4310,9.0699
72149,Neustetten,48.4833,8.8833
72160,Horb am Neckar,48.4889,8.6734
72172,Sulz am Neckar,48.3624,8.6331
72175,Dornhan,48.3501,8.5090
72178,Waldachtal,48.5000,8.5667
72181,Starzach,48.4333,8.8167
72184,Eutingen im Gäu,48.4833,8.7500
72186,Empfingen,48.3926,8.7104
72189,Vöhringen,48.3345,8.6639
72200,Agentur für Arbeit Nagold,48.5534,8.7259
72202,Nagold,48.5498,8.7237
72213,Altensteig,48.5865,8.6040
72218,Wildberg,48.6234,8.7452
72221,Haiterbach,48.5207,8.6443
72224,Ebhausen,48.5833,8.6833
72226,Simmersfeld,48.6167,8.5167
72227,Egenhausen,48.5667,8.6167
72229,Rohrdorf,48.5667,8.7000
72250,Freudenstadt,48.4670,8.4137
72270,Baiersbronn,48.5032,8.3770
72275,Alpirsbach,48.3451,8.4020
72280,Dornstetten,48.4720,8.4982
72285,Pfalzgrafenweiler,48.5265,8.5658
72290,Loßburg,48.4000,8.4500
72291,Betzweiler-Wälde,48.3667,8.4833
72293,Glatten,48.4425,8.5112
72294,Grömbach,48.5729,8.5454
72296,Schopfloch,48.4548,8.5513
72297,Seewald,48.5919,8.4178
72299,Wörnersberg,48.5667,8.5667
72332,Agentur für Arbeit Balingen,48.2723,8.8545
72334,Agentur für Arbeit Balingen,48.2749,8.8563
72336,Balingen,48.2753,8.8546
72348,Rosenfeld,48.2864,8.7236
72351,Geislingen,48.2877,8.8124
72355,Schömberg,48.2100,8.7595
72356,Dautmergen,48.2420,8.7414
72358,Dormettingen,48.2369,8.7733
72359,Dotternhausen,48.2285,8.7923
72361,Hausen am Tann,48.1983,8.8363
72362,Nusplingen,48.1326,8.8915
72364,Obernheim,48.1630,8.8611
72365,Ratshausen,48.1937,8.7952
72367,Weilen unter den Rinnen,48.1898,8.7649
72369,Zimmern unter der Burg,48.2205,8.7193
72379,Hechingen,48.3515,8.9632
72393,Burladingen,48.2911,9.1129
72401,Haigerloch,48.3661,8.8036
72406,Bisingen,48.3101,8.9174
72411,Bodelshausen,48.3889,8.9770
72414,Rangendingen,48.3817,8.8894
72415,Grosselfingen,48.3323,8.8870
72417,Jungingen,48.3279,9.0410
72419,Neufra,48.2477,9.1831
72458,Albstadt,48.2135,9.0263
72459,Albstadt,48.2167,9.0167
72461,Albstadt,48.2510,9.0182
72469,Meßstetten,48.1832,8.9657
72474,Winterlingen,48.1833,9.1167
72475,Bitz,48.2440,9.0914
72477,Schwenningen,48.1000,9.0000
72479,Straßberg,48.1780,9.0906
72488,Sigmaringen,48.0883,9.2303
72501,Gammertingen,48.2524,9.2235
72505,Krauchenwies,48.0165,9.2476
72510,Stetten am kalten Markt,48.1167,9.0833
72511,Bingen,48.1113,9.2724
72513,Hettingen,48.2160,9.2317
72514,Inzigkofen,48.0703,9.1800
72516,Scheer,48.0729,9.2949
72517,Sigmaringendorf,48.0659,9.2621
72519,Veringenstadt,48.1851,9.2108
72525,Münsingen,48.4113,9.4970
72531,Hohenstein Bernloch,48.3448,9.3511
72532,Gomadingen,48.3998,9.3906
72534,Hayingen,48.2753,9.4776
72535,Heroldstatt,48.4456,9.6642
72537,Mehrstetten,48.3761,9.5660
72539,Pfronstetten,48.2764,9.3600
72555,Metzingen,48.5370,9.2833
72574,Bad Urach,48.4911,9.4001
72581,Dettingen an der Erms,48.5308,9.3446
72582,Grabenstetten,48.5240,9.4615
72584,Hülben,48.5198,9.4079
72585,Riederich,48.5603,9.2688
72587,Römerstein Donnstetten,48.4984,9.5426
72589,Westerheim,48.5151,9.6242
72622,Nürtingen,48.6256,9.3420
72631,Aichtal,48.6333,9.2667
72636,Frickenhausen,48.5935,9.3601
72639,Neuffen,48.5546,9.3755
72644,Oberboihingen,48.6500,9.3667
72649,Wolfschlugen,48.6500,9.2833
72654,Neckartenzlingen,48.5898,9.2348
72655,Altdorf,48.5942,9.2716
72657,Altenriet,48.5914,9.2219
72658,Bempflingen,48.5718,9.2683
72660,Beuren,48.5693,9.4041
72661,Grafenberg,48.5650,9.3019
72663,Großbettlingen,48.5905,9.3078
72664,Kohlberg,48.5584,9.3358
72666,Neckartailfingen,48.6117,9.2637
72667,Schlaitdorf,48.6043,9.2227
72669,Unterensingen,48.6545,9.3580
72757,AOK - Die Gesundheitskasse Reutlingen,48.4935,9.2098
72758,Agentur für Arbeit Reutlingen,48.4867,9.2227
72760,Reutlingen,48.5094,9.2040
72762,Reutlingen,48.4845,9.1939
72764,Reutlingen,48.4931,9.2125
72766,Reutlingen,48.5110,9.2232
72768,Reutlingen,48.4833,9.2167
72770,Reutlingen,48.4942,9.1666
72780,Tübingen,48.4965,9.1479
72781,Stuttgart,48.7885,9.1800
72793,Pfullingen,48.4646,9.2280
72800,Eningen unter Achalm,48.4869,9.2595
72805,Lichtenstein,48.4396,9.2528
72810,Gomaringen,48.4535,9.0958
72813,Sankt Johann,48.4833,9.3167
72818,Trochtelfingen,48.3084,9.2449
72820,Sonnenbühl,48.3833,9.1833
72827,Wannweil,48.5167,9.1500
72829,Engstingen,48.3925,9.3008
73025,Agentur für Arbeit Göppingen,48.7030,9.6592
73027,Innungskrankenkasse Göppingen,48.7000,9.6583
73033,Göppingen,48.7075,9.6514
73035,Göppingen,48.7000,9.6667
73037,Göppingen,48.6959,9.6647
73047,Göppingen,48.6899,9.7281
73054,Eislingen/Fils,48.6944,9.7009
73061,Ebersbach an der Fils,48.7160,9.5236
73066,Uhingen,48.7048,9.5857
73072,Donzdorf,48.6854,9.8105
73079,Süßen,48.6793,9.7553
73084,Salach,48.6920,9.7371
73087,Boll,48.6436,9.6130
73092,Heiningen,48.6618,9.6498
73095,Albershausen,48.6914,9.5649
73098,Rechberghausen,48.7308,9.6442
73099,Adelberg,48.7623,9.5999
73101,Aichelberg,48.6356,9.5637
73102,Birenbach,48.7473,9.6611
73104,Börtlingen,48.7538,9.6318
73105,Dürnau,48.6408,9.6354
73107,Eschenbach,48.6526,9.6704
73108,Gammelshausen,48.6402,9.6507
73110,Hattenhofen,48.6665,9.5746
73111,Lauterstein,48.7101,9.8651
73113,Ottenbach,48.7365,9.7484
73114,Schlat,48.6532,9.7062
73116,Wäschenbeuren,48.7599,9.6873
73117,Wangen,48.7293,9.6117
73119,Zell unter Aichelberg,48.6488,9.5714
73207,Plochingen,48.7107,9.4195
73227,Esslingen,48.6242,9.4507
73228,BKK Scheufelen,48.6456,9.4413
73230,Kirchheim unter Teck,48.6468,9.4538
73235,Weilheim an der Teck,48.6157,9.5375
73240,Wendlingen am Neckar,48.6712,9.3763
73249,Wernau,48.6931,9.4153
73252,Lenningen,48.5581,9.4663
73257,Köngen,48.6833,9.3667
73262,Reichenbach an der Fils,48.7101,9.4643
73265,Dettingen unter Teck,48.6167,9.4500
73266,Bissingen an der Teck,48.5991,9.4915
73268,Erkenbrechtsweiler,48.5566,9.4321
73269,Hochdorf,48.6928,9.4649
73271,Holzmaden,48.6333,9.5167
73272,Neidlingen,48.5787,9.5645
73274,Notzingen,48.6708,9.4572
73275,Ohmden,48.6460,9.5270
73277,Owen,48.5874,9.4498
73278,Schlierbach,48.6736,9.5181
73309,Göppingen,48.6211,9.8312
73312,Geislingen an der Steige,48.6089,9.8123
73326,Deggingen,48.5971,9.7189
73329,Kuchen,48.6358,9.7999
73333,Gingen an der Fils,48.6598,9.7809
73337,Bad Überkingen,48.5999,9.7959
73340,Amstetten,48.5788,9.8739
73342,Bad Ditzenbach,48.5883,9.7039
73344,Gruibingen,48.5948,9.6439
73345,Hohenstadt,48.5472,9.6736
73347,Mühlhausen im Täle,48.5667,9.6500
73349,Wiesensteig,48.5613,9.6254
73425,Agentur für Arbeit Aalen,48.8341,10.0930
73427,Kreissparkasse Ostalb,48.7946,9.8019
73428,Triumph International,48.8347,10.0961
73430,Aalen,48.8409,10.0931
73431,Aalen,48.8220,10.0654
73432,Aalen,48.8333,10.1000
73433,Aalen,48.8641,10.1044
73434,Aalen,48.8333,10.1000
73441,Bopfingen,48.8585,10.3542
73446,Owema,48.7823,10.1050
73447,Oberkochen,48.7838,10.1052
73450,Neresheim,48.7551,10.3304
73453,Abtsgmünd,48.8950,10.0017
73457,Essingen,48.8086,10.0277
73460,Hüttlingen,48.8927,10.1006
73463,Westhausen,48.8833,10.1833
73466,Lauchheim,48.8713,10.2422
73467,Kirchheim am Ries,48.8792,10.4003
73469,Riesbürg,48.8500,10.4333
73477,Bundeswehr Rheinhardt-Kaserne,48.9599,10.1284
73479,Ellwangen (Jagst),48.9623,10.1545
73485,Unterschneidheim,48.9333,10.3667
73486,Adelmannsfelden,48.9548,10.0047
73488,Ellenberg,49.0167,10.2167
73489,Jagstzell,49.0306,10.0975
73491,Neuler,48.9280,10.0689
73492,Rainau,48.9333,10.1500
73494,Rosenberg,49.0189,10.0296
73495,Stödtlen,49.0000,10.3000
73497,Tannhausen,48.9787,10.3613
73499,Wört,49.0305,10.2724
73520,BARMER,48.7821,9.8513
73521,BARMER,48.7821,9.8513
73522,Finanzamt,48.8038,9.8071
73524,BARMER,48.7821,9.8513
73525,Schwäbisch Gmünd,48.7989,9.7989
73527,Schwäbisch Gmünd,48.8333,9.8087
73529,Schwäbisch Gmünd,48.7852,9.8176
73538,Ostalbkreis,48.7866,9.9372
73540,Heubach,48.7927,9.9337
73547,Lorch,48.7983,9.6914
73550,Waldstetten,48.7661,9.8213
73553,Alfdorf,48.8438,9.7186
73557,Mutlangen,48.8259,9.7971
73560,Böbingen an der Rems,48.8196,9.9213
73563,Mögglingen,48.8232,9.9625
73565,Spraitbach,48.8806,9.7622
73566,Bartholomä,48.7535,9.9875
73568,Durlangen,48.8563,9.7965
73569,Obergröningen,48.8914,9.8897
73571,Göggingen,48.8612,9.8840
73572,Heuchlingen,48.8522,9.9439
73574,Iggingen,48.8317,9.8789
73575,Leinzell,48.8494,9.8775
73577,Ruppertshofen,48.8828,9.8151
73579,Schechingen,48.8734,9.9174
73614,Schorndorf,48.8054,9.5272
73630,Remshalden,48.8151,9.4239
73635,Rudersberg,48.8852,9.5293
73642,Welzheim,48.8768,9.6343
73650,Winterbach,48.7992,9.4791
73655,Plüderhausen,48.7988,9.5959
73660,Urbach,48.8168,9.5769
73663,Berglen,48.8667,9.4667
73666,Baltmannsweiler,48.7422,9.4494
73667,Kaisersbach,48.9302,9.6390
73669,Lichtenwald,48.7500,9.4833
73726,AOK - Die Gesundheitskasse Bezirksdirektion Neckar-Fils,48.7343,9.3138
73728,Esslingen am Neckar,48.7394,9.3061
73730,Esslingen am Neckar,48.7323,9.3255
73732,Esslingen am Neckar,48.7690,9.3122
73733,Esslingen am Neckar,48.7500,9.3000
73734,Esslingen am Neckar,48.7361,9.2977
73760,Ostfildern,48.7270,9.2495
73765,Neuhausen auf den Fildern,48.6833,9.2833
73770,Denkendorf,48.6955,9.3167
73773,Aichwald,48.7503,9.3870
73776,Altbach,48.7227,9.3808
73779,Deizisau,48.7122,9.3861
74064,Industrie- und Handelskammer Heilbronn,49.1676,9.2386
74065,Heilbronn,49.1643,9.2162
74066,Heilbronn,49.1624,9.2156
74067,Heilbronn,49.1320,9.2170
74068,Agentur für Arbeit Heilbronn,49.1346,9.2133
74071,Kreisfreie Stadt Köln,50.9235,6.8714
74072,Heilbronn,49.1423,9.2234
74074,Heilbronn,49.1286,9.2214
74076,Heilbronn,49.1618,9.2193
74078,Heilbronn,49.1566,9.1746
74080,Heilbronn,49.1386,9.1954
74081,Heilbronn,49.1236,9.1970
74099,Heilbronn,49.1815,9.1552
74166,Heilbronn,49.1718,9.2231
74167,Heilbronn,49.1830,9.2363
74168,Heilbronn,49.1817,9.2327
74169,Heilbronn,49.1831,9.2175
74170,Heilbronn,49.1942,9.2326
74172,Neckarsulm,49.1891,9.2253
74177,Bad Friedrichshall,49.2344,9.2145
74182,Obersulm,49.1361,9.3774
74189,Weinsberg,49.1513,9.2876
74193,Schwaigern,49.1449,9.0553
74196,Neuenstadt am Kocher,49.2350,9.3322
74199,Untergruppenbach,49.0894,9.2752
74206,Bad Wimpfen,49.2297,9.1565
74211,Leingarten,49.1464,9.1169
74214,Schöntal,49.3524,9.5088
74219,Möckmühl,49.3249,9.3584
74223,Flein,49.1031,9.2108
74226,Nordheim,49.1086,9.1278
74229,Oedheim,49.2403,9.2533
74232,Abstatt,49.0682,9.2907
74235,Erlenbach,49.1725,9.2683
74238,Krautheim,49.3879,9.6355
74239,Hardthausen am Kocher,49.2586,9.3894
74243,Langenbrettach,49.2169,9.4049
74245,Löwenstein,49.0956,9.3800
74246,Eberstadt,49.1803,9.3211
74248,Ellhofen,49.1467,9.3219
74249,Jagsthausen,49.3106,9.4683
74251,Lehrensteinsfeld,49.1311,9.3272
74252,Massenbachhausen,49.1778,9.0433
74254,Offenau,49.2458,9.1606
74255,Roigheim,49.3647,9.3400
74257,Untereisesheim,49.2111,9.2019
74259,Widdern,49.3183,9.4221
74319,Stadtverwaltung Bietigheim-Bissingen,48.9538,9.1347
74321,Bietigheim-Bissingen,48.9441,9.1175
74336,Brackenheim,49.0779,9.0660
74337,Botenheim,49.0651,9.0640
74343,Sachsenheim,48.9584,9.0708
74348,Lauffen am Neckar,49.0734,9.1457
74354,Besigheim,48.9980,9.1427
74357,Bönnigheim,49.0402,9.0939
74360,Ilsfeld,49.0555,9.2460
74363,Güglingen,49.0664,9.0017
74366,Kirchheim am Neckar,49.0450,9.1422
74369,Löchgau,49.0036,9.1064
74372,Sersheim,48.9667,9.0167
74374,Zaberfeld,49.0561,8.9269
74376,Gemmrigheim,49.0283,9.1556
74379,Ingersheim,48.9611,9.1761
74382,Neckarwestheim,49.0469,9.1900
74385,Pleidelsheim,48.9592,9.2031
74388,Talheim,49.0833,9.1931
74389,Cleebronn,49.0450,9.0369
74391,Erligheim,49.0225,9.0972
74392,Freudental,49.0097,9.0592
74394,Hessigheim,48.9941,9.1863
74395,Mundelsheim,49.0008,9.2078
74397,Pfaffenhofen,49.0644,8.9764
74399,Walheim,49.0142,9.1511
74405,Gaildorf,49.0003,9.7695
74417,Gschwend,48.9333,9.7444
74420,Oberrot,49.0144,9.6672
74423,Obersontheim,49.0567,9.8992
74424,Bühlertann,49.0417,9.9086
74426,Bühlerzell,49.0033,9.9206
74427,Fichtenberg,48.9860,9.7120
74429,Sulzbach-Laufen,48.9667,9.8500
74509,Agentur für Arbeit Schwäbisch Hall,49.1093,9.7350
74520,Schwäbisch Hall,49.1129,9.7465
74523,Schwäbisch Hall,49.1113,9.7391
74532,Ilshofen,49.1702,9.9183
74535,Mainhardt,49.0761,9.5564
74538,Rosengarten,49.0833,9.7000
74541,Vellberg,49.0843,9.8791
74542,Braunsbach,49.1992,9.7906
74544,Michelbach an der Bilz,49.0703,9.7625
74545,Michelfeld,49.1180,9.6433
74547,Untermünkheim,49.1525,9.7338
74549,Wolpertshausen,49.1675,9.8447
74564,Crailsheim,49.1344,10.0719
74569,Sigloch Distribution,49.2996,9.9601
74571,Schwäbisch Hall,49.2996,9.9601
74572,Blaufelden,49.2978,9.9739
74575,Schrozberg,49.3453,9.9794
74579,Fichtenau,49.0667,10.2167
74582,Gerabronn,49.2517,9.9219
74585,Rot am See,49.2500,10.0167
74586,Frankenhardt,49.0833,9.9833
74587,Schwäbisch Hall,49.1707,10.0801
74588,Schwäbisch Hall,49.1707,10.0801
74589,Satteldorf,49.1695,10.0796
74592,Kirchberg an der Jagst,49.2006,9.9823
74594,Kreßberg,49.1333,10.1833
74595,Langenburg,49.2540,9.8567
74597,Stimpfach,49.0614,10.0927
74599,Wallhausen,49.2104,10.0622
74611,Volksbank Hohenlohe eG,49.2004,9.5022
74613,Öhringen,49.1988,9.5072
74626,Bretzfeld,49.1794,9.4383
74629,Pfedelbach,49.1781,9.5050
74632,Neuenstein,49.2049,9.5800
74635,Kupferzell,49.2278,9.6900
74638,Waldenburg,49.1847,9.6399
74639,Zweiflingen,49.2564,9.5181
74650,Hohenlohekreis,49.2593,9.6826
74651,Bürkert Steuer- u. Regeltechnik,49.2866,9.6835
74653,Künzelsau,49.2910,9.6683
74670,Forchtenberg,49.2887,9.5603
74673,Mulfingen,49.3403,9.8008
74676,Niedernhall,49.2952,9.6160
74677,Dörzbach,49.3835,9.7073
74679,Weißbach,49.2972,9.5953
74706,Osterburken,49.4300,9.4225
74722,Buchen (Odenwald),49.5200,9.3240
74731,Walldürn,49.5836,9.3664
74736,Hardheim,49.6119,9.4719
74740,Adelsheim,49.4015,9.3925
74743,Seckach,49.4422,9.3342
74744,Ahorn,49.5083,9.5269
74746,Höpfingen,49.6025,9.4286
74747,Ravenstein,49.3939,9.5325
74749,Rosenberg,49.4558,9.4731
74819,Stadtverwaltung Mosbach,49.3524,9.1442
74821,Mosbach,49.3536,9.1511
74831,Gundelsheim,49.2833,9.1604
74832,Bachenau,49.2784,9.1944
74834,Elztal,49.3897,9.2106
74838,Limbach,49.4619,9.2111
74842,Billigheim,49.3486,9.2539
74847,Obrigheim,49.3519,9.0908
74850,Schefflenz,49.3956,9.2728
74855,Haßmersheim,49.3000,9.1500
74858,Aglasterhausen,49.3569,8.9869
74861,Neudenau,49.2918,9.2698
74862,Binau,49.3683,9.0581
74864,Fahrenbach,49.4314,9.1506
74865,Neckarzimmern,49.3192,9.1328
74867,Neunkirchen,49.3869,9.0106
74869,Schwarzach,49.3711,8.9832
74887,Stadtverwaltung Sinsheim,49.2527,8.8774
74889,Sinsheim,49.2529,8.8787
74903,Heilbronn,49.2126,9.0644
74904,Stadtverwaltung Bad Rappenau,49.2391,9.1049
74906,Bad Rappenau,49.2385,9.1018
74909,Meckesheim,49.3217,8.8194
74912,Kirchardt,49.2050,8.9917
74915,Waibstadt,49.2951,8.9177
74918,Angelbachtal,49.2331,8.7705
74921,Helmstadt-Bargen,49.3100,9.0000
74924,Neckarbischofsheim,49.2963,8.9638
74925,Epfenbach,49.3392,8.9078
74927,Eschelbronn,49.3194,8.8653
74928,Hüffenhardt,49.2919,9.0817
74930,Ittlingen,49.1908,8.9308
74931,Lobbach,49.3664,8.8917
74933,Neidenstein,49.3167,8.8847
74934,Reichartshausen,49.3550,8.9453
74936,Siegelsbach,49.2697,9.0897
74937,Spechbach,49.3464,8.8833
74939,Zuzenhausen,49.2964,8.8225
75013,Rechbergklinik,49.1090,8.6625
75015,Bretten,49.0369,8.7075
75031,Eppingen,49.1364,8.9123
75038,Oberderdingen,49.0656,8.8031
75045,Walzbachtal,49.0257,8.5861
75050,Gemmingen,49.1564,8.9819
75053,Gondelsheim,49.0592,8.6583
75056,Sulzfeld,49.1047,8.8558
75057,Kürnbach,49.0775,8.8456
75059,Zaisenhausen,49.1067,8.8128
75093,Pforzheim,48.9123,8.7163
75158,Stadtverwaltung,48.8908,8.7028
75159,AOK-Die Gesundheitskasse Enzkreis und Stadt Pforzheim,48.8908,8.6924
75162,Sparkasse Pforzheim Calw,48.8924,8.6990
75166,Pforzheim,48.9012,8.6692
75169,Pforzheim,48.8763,8.6761
75170,Pforzheim,48.8931,8.6831
75172,Pforzheim,48.8919,8.6985
75173,Pforzheim,48.8833,8.7000
75175,Pforzheim,48.8915,8.7156
75177,Pforzheim,48.8833,8.7000
75179,Pforzheim,48.9006,8.6697
75180,Pforzheim,48.8696,8.6704
75181,Pforzheim,48.8851,8.7307
75194,Enzkreis,48.9527,8.5714
75196,Remchingen,48.9513,8.5732
75203,Königsbach-Stein,48.9659,8.6057
75210,Keltern,48.9000,8.5833
75217,Birkenfeld,48.8667,8.6333
75223,Niefern-Öschelbronn,48.9167,8.7833
75228,Ispringen,48.9167,8.6667
75233,Tiefenbronn,48.8240,8.8013
75236,Kämpfelbach,48.9300,8.6448
75239,Eisingen,48.9500,8.6667
75242,Neuhausen,48.7926,8.7765
75245,Neulingen,48.9667,8.7000
75248,Ölbronn-Dürrn,48.9667,8.7500
75249,Kieselbronn,48.9333,8.7500
75305,Neuenbürg,48.8452,8.5957
75323,Bad Wildbad im Schwarzwald,48.7500,8.5500
75328,Schömberg,48.7871,8.6450
75331,Engelsbrand,48.8333,8.6500
75334,Straubenhardt,48.8466,8.5431
75335,Dobel,48.8000,8.5000
75337,Enzklösterle,48.6664,8.4708
75339,Höfen an der Enz,48.8000,8.5833
75363,Landratsamt,48.7186,8.7376
75365,Calw,48.7142,8.7403
75378,Bad Liebenzell,48.7743,8.7297
75382,Althengstett,48.7232,8.7943
75385,Bad Teinach-Zavelstein,48.6905,8.6928
75387,Neubulach,48.6609,8.6961
75389,Neuweiler,48.6667,8.6000
75391,Gechingen,48.6953,8.8291
75392,Deckenpfronn,48.6513,8.8242
75394,Oberreichenbach,48.7333,8.6667
75395,Ostelsheim,48.7263,8.8482
75397,Simmozheim,48.7513,8.8114
75399,Unterreichenbach,48.8250,8.7088
75415,Finanzamt Mühlacker,48.9521,8.8513
75417,Mühlacker,48.9475,8.8367
75428,Illingen,48.9562,8.9246
75433,Maulbronn,48.9996,8.8034
75438,Knittlingen,49.0249,8.7561
75443,Ötisheim,48.9667,8.8000
75446,Wiernsheim,48.8833,8.8500
75447,Sternenfels,49.0514,8.8508
75449,Wurmberg,48.8667,8.8167
76006,Karlsruhe,49.0080,8.4200
76070,AOK Baden-Württemberg,49.0316,8.3579
76073,Regierungspräsidium Karlsruhe Zentrale Bußgeldstelle,49.0045,8.4381
76088,Familienkasse Baden-Württemberg-West,49.0057,8.4017
76089,Agentur für Arbeit Karlsruhe,49.0027,8.3860
76097,AOK- Die Gesundheitskasse BD Mittlerer Oberrhein,49.0047,8.3962
76098,Karlsruhe,48.9945,8.3987
76107,Karlsruhe,49.0056,8.4369
76109,Karlsruhe,49.0057,8.4017
76110,Karlsruhe,49.0057,8.4017
76111,Karlsruhe,49.0045,8.4045
76112,Karlsruhe,48.9989,8.3980
76113,Landeskreditbank,49.0107,8.4056
76114,Badenia Bausparkasse,48.9819,8.3695
76115,Karlsruhe,48.9881,8.3732
76117,Allianz Private Krankenversicherung,49.0089,8.3974
76118,Karlsruhe,49.0057,8.4017
76119,BBBank Karlsruhe,49.0104,8.4000
76120,Karlsruhe,49.0206,8.4681
76121,Karlsruhe,48.9971,8.3792
76122,Deutsche Rentenversicherung Baden-Württemberg,49.0046,8.3796
76123,Berufsgenossenschaft der Bauwirtschaft Bezirksverwaltung Karlsruhe,49.0028,8.3809
76124,Stadt Karlsruhe,49.0086,8.4035
76125,DAK-Gesundheit,49.0065,8.4008
76126,Staatliches Forstamt Karlsruhe Hardt,49.0061,8.4006
76127,St. Vincentius-Kliniken gAG,49.0038,8.3979
76128,Versorgungsanstalt des Bundes und der Länder,49.0103,8.4112
76131,Karlsruhe,49.0078,8.4199
76133,Karlsruhe,49.0083,8.3979
76135,Karlsruhe,48.9907,8.3719
76137,Karlsruhe,49.0019,8.4287
76139,Karlsruhe,49.0047,8.3858
76147,Karlsruhe,49.0477,8.3912
76149,Karlsruhe,49.0401,8.3936
76150,Tiefbauamt,49.0107,8.3851
76180,Karlsruhe,49.0056,8.4369
76181,Siemens,49.0238,8.3486
76182,Continentale Krankenversicherung a.G.,49.0173,8.3468
76185,Karlsruhe,49.0111,8.3601
76187,Karlsruhe,49.0224,8.3742
76189,Karlsruhe,49.0148,8.3521
76199,Karlsruhe,48.9661,8.4043
76225,"Dr. Willmar Schwabe, Arzneimittelfabrik",49.0071,8.4590
76227,Karlsruhe,49.0003,8.4776
76228,Karlsruhe,49.0047,8.3858
76229,Karlsruhe,49.0047,8.3858
76230,Karlsruhe,48.9911,8.4686
76240,Versorgungsanstalt des Bundes und der Länder,49.0138,8.3979
76243,Karlsruhe,49.0057,8.4017
76245,Landesbank Baden-Württemberg,49.0052,8.4143
76246,Karlsruhe,48.9819,8.3695
76247,Regierungspräsidium Abt.7 Schule u. Bildung,49.0080,8.4041
76248,Karlsruhe,49.0012,8.3594
76249,Karlsruhe,49.0012,8.3594
76253,Karlsruhe,49.0012,8.3594
76273,CCI Kosmetik Versand e.K.,48.9477,8.4058
76275,Ettlingen,48.9409,8.4076
76287,Rheinstetten,48.9685,8.3070
76297,Stutensee,49.0967,8.4896
76307,Karlsbad,48.9167,8.5000
76314,Karlsruhe,48.8893,8.3123
76316,Malsch,48.8833,8.3333
76327,Pfinztal,49.0044,8.5209
76332,Bad Herrenalb,48.7979,8.4362
76337,Waldbronn,48.9183,8.4923
76344,Eggenstein-Leopoldshafen,49.0901,8.3988
76351,Linkenheim-Hochstetten,49.1320,8.4124
76356,Weingarten,49.0546,8.5268
76359,Marxzell,48.8667,8.4500
76432,Romanwoche,48.8631,8.2137
76437,Rastatt,48.8585,8.2096
76448,Durmersheim,48.9333,8.2667
76456,Kuppenheim,48.8279,8.2542
76461,Muggensturm,48.8667,8.2833
76467,Bietigheim,48.9092,8.2520
76470,Ötigheim,48.8909,8.2344
76473,Iffezheim,48.8217,8.1431
76474,Au am Rhein,48.9500,8.2333
76476,Bischweier,48.8377,8.2841
76477,Elchesheim-Illingen,48.9333,8.2167
76479,Steinmauern,48.9010,8.1969
76517,Baden-Baden,48.7952,8.1937
76519,Baden-Baden,48.7781,8.2166
76520,Finanzamt,48.7662,8.2285
76521,Baden-Baden,48.7781,8.2155
76522,SWR-Südwestrundfunk,48.7494,8.2234
76523,Baden-Baden,48.7551,8.2380
76524,Baden-Baden,48.7888,8.1914
76526,Sans Soucis,48.7847,8.2072
76527,Baden-Baden,48.7781,8.2166
76530,Baden-Baden,48.7663,8.2031
76532,Baden-Baden,48.8038,8.1308
76534,Baden-Baden,48.7150,8.1442
76547,Sinzheim,48.7667,8.1667
76549,Hügelsheim,48.8000,8.1167
76568,Rastatt,48.8052,8.3188
76571,Gaggenau,48.8000,8.3333
76593,Gernsbach,48.7703,8.3431
76596,Forbach,48.6833,8.3500
76597,Loffenau,48.7721,8.3846
76599,Weisenbach,48.7276,8.3538
76642,Karlsruhe,49.1226,8.5764
76643,Finanzamt,49.1262,8.5916
76646,Bruchsal,49.1243,8.5980
76661,Philippsburg,49.2317,8.4607
76669,Bad Schönborn,49.2069,8.6436
76676,Graben-Neudorf,49.1669,8.4924
76684,Östringen,49.2191,8.7119
76689,Karlsdorf-Neuthard,49.1347,8.5303
76694,Forst,49.1586,8.5808
76698,Ubstadt-Weiher,49.1630,8.6316
76703,Kraichtal,49.1396,8.7715
76706,Dettenheim,49.1717,8.4242
76707,Hambrücken,49.1900,8.5406
76709,Kronau,49.2225,8.6311
76725,Kreisverwaltung Germersheim,49.2214,8.3708
76726,Germersheim,49.2231,8.3639
76742,Germersheim,49.0493,8.2805
76744,Wörth am Rhein,49.0570,8.1684
76751,Jockgrim,49.0929,8.2747
76756,Bellheim,49.1983,8.2794
76761,Rülzheim,49.1531,8.2929
76764,Rheinzabern,49.1181,8.2781
76767,Hagenbach,49.0173,8.2502
76768,Berg (Pfalz),48.9833,8.2000
76770,Hatzenbühl,49.1111,8.2453
76771,Hördt,49.1658,8.3264
76773,Kuhardt,49.1458,8.3144
76774,Leimersheim,49.1242,8.3453
76776,Neuburg am Rhein,48.9833,8.2500
76777,Neupotz,49.1178,8.3194
76779,Scheibenhardt,48.9812,8.1399
76825,Justizbehörden Landau,49.1964,8.1176
76826,Gummi-Mayer,49.2086,8.1254
76828,Agentur für Arbeit Landau in der Pfalz,49.1950,8.1307
76829,Ranschbach,49.1925,8.0549
76831,Birkweiler,49.1666,8.0589
76833,Böchingen,49.2297,8.0948
76835,Roschbach,49.2533,8.0936
76846,Hauenstein,49.1921,7.8549
76848,Wilgartswiesen,49.1793,7.8872
76855,Annweiler am Trifels,49.2061,7.9753
76857,Waldrohrbach,49.1945,7.9657
76863,Herxheimweyher,49.1470,8.2383
76865,Insheim,49.1474,8.1379
76870,Kandel,49.0828,8.1972
76872,Winden,49.0938,8.1327
76877,Offenbach an der Queich,49.1955,8.1978
76878,Südliche Weinstraße,49.2150,8.1745
76879,Ottersheim,49.2178,8.2060
76887,Bad Bergzabern,49.1001,7.9841
76889,Niederotterbach,49.0931,7.9946
76891,Bundenthal,49.0961,7.8255
77633,Ortenaukreis,48.4659,7.8788
77642,Agentur für Arbeit Offenburg,48.4731,7.9778
77644,Ortenaukreis,48.4820,7.9535
77646,Ortenaukreis,48.4377,7.9322
77647,Ortenaukreis,48.4815,7.9207
77652,Offenburg,48.4765,7.9438
77654,Offenburg,48.4651,7.9559
77656,Offenburg,48.4639,7.9313
77663,Ortenaukreis,48.4820,7.9535
77694,Kehl,48.5730,7.8152
77704,Oberkirch,48.5324,8.0786
77709,Wolfach,48.3049,8.2162
77716,Fischerbach,48.2744,8.0883
77723,Gengenbach,48.4048,8.0143
77728,Oppenau,48.4733,8.1597
77731,Willstätt,48.5407,7.8931
77736,Zell am Harmersbach,48.3465,8.0670
77740,Bad Peterstal-Griesbach,48.4333,8.2167
77743,Neuried,48.4500,7.8250
77746,Schutterwald,48.4500,7.8833
77749,Hohberg,48.4167,7.9167
77756,Hausach,48.2843,8.1760
77761,Schiltach,48.2893,8.3417
77767,Appenweier,48.5333,7.9833
77770,Durbach,48.4935,8.0174
77773,Schenkenzell,48.3120,8.3721
77776,Bad Rippoldsau-Schapbach,48.4000,8.3333
77781,Biberach,48.3333,8.0333
77784,Oberharmersbach,48.3736,8.1254
77787,Nordrach,48.4000,8.0833
77790,Steinach,48.3000,8.0500
77791,Berghaupten,48.4060,7.9867
77793,Gutach (Schwarzwaldbahn),48.2484,8.2129
77794,Lautenbach,48.5207,8.1151
77796,Mühlenbach,48.2500,8.1167
77797,Ohlsbach,48.4322,7.9938
77799,Ortenberg,48.4516,7.9718
77813,Bosch,48.6971,8.1293
77815,Bühl,48.6968,8.1352
77830,Bühlertal,48.6857,8.1888
77833,Ottersweier,48.6702,8.1132
77836,Rheinmünster,48.7583,8.0500
77839,Lichtenau,48.7261,8.0049
77855,Achern,48.6312,8.0761
77866,Rheinau,48.6660,7.9366
77869,Silvana B.V.,48.5812,8.0047
77871,Renchen,48.5885,8.0132
77876,Kappelrodeck,48.5918,8.1169
77880,Sasbach,48.6397,8.0937
77883,Ottenhöfen im Schwarzwald,48.5667,8.1500
77886,Lauf,48.6500,8.1333
77887,Sasbachwalden,48.6167,8.1333
77889,Seebach,48.5762,8.1705
77926,Ortenaukreis,48.3603,7.8129
77929,Ortenaukreis,48.3503,7.8194
77931,Finanzamt,48.3400,7.8667
77933,Lahr/Schwarzwald,48.3372,7.8704
77944,Friesenheim,48.3670,7.8830
77948,Friesenheim,48.3667,7.8833
77955,Ettenheim,48.2570,7.8125
77960,Seelbach,48.3106,7.9407
77963,Schwanau,48.3667,7.7624
77966,Kappel-Grafenhausen,48.2838,7.7660
77971,Kippenheim,48.2956,7.8251
77972,Mahlberg,48.2864,7.8141
77974,Meißenheim,48.4103,7.7727
77975,Ringsheim,48.2477,7.7782
77977,Rust,48.2667,7.7333
77978,Schuttertal,48.2667,7.9500
78041,Agentur für Arbeit Villingen-Schwenningen,48.0543,8.4646
78044,Schwenninger BKK,48.0662,8.5420
78045,Techniker Krankenkasse,48.0606,8.4659
78046,Volksbank Donau-Neckar eG,48.0635,8.5382
78048,Villingen-Schwenningen,48.0667,8.4500
78050,Villingen-Schwenningen,48.0667,8.4500
78052,Villingen-Schwenningen,48.0667,8.4500
78054,Villingen-Schwenningen,48.0667,8.4500
78056,Villingen-Schwenningen,48.0667,8.4500
78060,Schwarzwald-Baar-Kreis,48.0709,8.5714
78073,Bad Dürrheim,48.0209,8.5306
78078,Niedereschach,48.1333,8.5333
78083,Dauchingen,48.0899,8.5501
78086,Brigachtal,48.0167,8.4667
78087,Mönchweiler,48.1004,8.4222
78089,Unterkirnach,48.0795,8.3657
78098,Triberg,48.1363,8.2365
78112,Sankt Georgen im Schwarzwald,48.1272,8.3351
78120,Furtwangen im Schwarzwald,48.0516,8.2071
78126,Königsfeld im Schwarzwald,48.1381,8.4197
78132,Hornberg,48.2107,8.2327
78136,Schonach im Schwarzwald,48.1423,8.2029
78141,Schönwald im Schwarzwald,48.1055,8.2039
78144,Tennenbronn,48.1904,8.3518
78147,Vöhrenbach,48.0500,8.3000
78148,Gütenbach,48.0500,8.1500
78166,Donaueschingen,47.9551,8.4971
78176,Blumberg,47.8406,8.5333
78183,Hüfingen,47.9254,8.4883
78187,Geisingen,47.9250,8.6500
78194,Immendingen,47.9333,8.7333
78199,Bräunlingen,47.9296,8.4481
78221,DAK - Gesundheit,47.7615,8.8386
78224,Singen,47.7593,8.8403
78234,Engen,47.8553,8.7734
78239,Rielasingen-Worblingen,47.7346,8.8401
78244,Gottmadingen,47.7351,8.7769
78247,Hilzingen,47.7667,8.7833
78250,Tengen,47.8213,8.6612
78253,Eigeltingen,47.8580,8.8978
78256,Steißlingen,47.8000,8.9333
78259,Mühlhausen-Ehingen,47.8110,8.8122
78262,Gailingen am Hochrhein,47.7000,8.7500
78266,Büsingen am Hochrhein,47.7000,8.6833
78267,Aach,47.8424,8.8538
78269,Volkertshausen,47.8167,8.8667
78315,Radolfzell am Bodensee,47.7419,8.9710
78333,Stockach,47.8511,9.0091
78337,Öhningen,47.6619,8.8867
78343,Gaienhofen,47.6833,8.9833
78345,Moos,47.7244,8.9348
78351,Bodman-Ludwigshafen,47.8182,9.0554
78354,Sipplingen,47.7968,9.0974
78355,Hohenfels,47.8850,9.1082
78357,Mühlingen,47.9167,9.0167
78359,Orsingen-Nenzingen,47.8427,8.9591
78454,Agentur für Arbeit Konstanz,47.6721,9.1588
78455,Konstanz,47.6727,9.1555
78457,Universität Konstanz,47.6895,9.1882
78458,Aschaffenburg,49.9815,9.2761
78459,Finanzamt Konstanz,47.6727,9.1598
78461,Konstanz,47.6713,9.1810
78462,Konstanz,47.6613,9.1752
78464,Konstanz,47.6723,9.1834
78465,Konstanz,47.6667,9.1833
78467,Konstanz,47.6744,9.1649
78476,Allensbach,47.7154,9.0714
78479,Reichenau,47.6889,9.0635
78532,Tuttlingen,47.9846,8.8177
78549,Spaichingen,48.0748,8.7351
78554,Aldingen,48.1000,8.7000
78559,Gosheim,48.1343,8.7543
78564,Wehingen,48.1393,8.8208
78567,Fridingen an der Donau,48.0196,8.9232
78570,Mühlheim an der Donau,48.0312,8.8836
78573,Wurmlingen,48.0000,8.7833
78576,Emmingen-Liptingen,47.9333,8.8833
78579,Neuhausen ob Eck,47.9726,8.9276
78580,Bärenthal,48.0667,8.9333
78582,Balgheim,48.0667,8.7667
78583,Böttingen,48.1000,8.8000
78585,Bubsheim,48.1167,8.8333
78586,Deilingen,48.1741,8.7853
78588,Denkingen,48.1111,8.7382
78589,Dürbheim,48.0562,8.7934
78591,Durchhausen,48.0397,8.6749
78592,Egesheim,48.1172,8.8564
78594,Gunningen,48.0500,8.7000
78595,Hausen ob Verena,48.0537,8.7247
78597,Irndorf,48.0667,8.9667
78598,Königsheim,48.1000,8.8667
78600,Kolbingen,48.0523,8.8896
78601,Mahlstetten,48.0748,8.8351
78603,Renquishausen,48.0833,8.9000
78604,Rietheim-Weilheim,48.0167,8.7667
78606,Seitingen-Oberflacht,48.0167,8.7167
78607,Talheim,48.0167,8.6667
78609,Tuningen,48.0333,8.6000
78628,Rottweil,48.1678,8.6272
78647,Trossingen,48.0767,8.6441
78652,Deißlingen,48.1123,8.6074
78655,Dunningen,48.2124,8.5062
78658,Zimmern ob Rottweil,48.1666,8.5944
78661,Dietingen,48.2048,8.6486
78662,Bösingen,48.2333,8.5500
78664,Eschbronn,48.2500,8.4667
78665,Frittlingen,48.1271,8.7077
78667,Villingendorf,48.2000,8.5833
78669,Wellendingen,48.1474,8.7037
78711,SBK-Siemens-Betriebskrankenkasse Schramberg,48.2293,8.3836
78713,Schramberg,48.2240,8.3858
78727,Oberndorf am Neckar,48.3005,8.5738
78730,Lauterbach,48.2333,8.3500
78733,Aichhalden,48.2672,8.4023
78736,Epfendorf,48.2500,8.6000
78737,Fluorn-Winzeln,48.2917,8.4917
78739,Hardt,48.1833,8.4167
79071,Freiburg im Breisgau,47.9915,7.7950
79073,HUK-Coburg,47.9963,7.8367
79077,AOK - Die Gesundheitskasse,47.9986,7.8474
79078,Agentur für Arbeit Freiburg,48.0030,7.8315
79079,Finanzamt Freiburg-Stadt,48.0048,7.8524
79080,Freiburg im Breisgau,48.0028,7.8532
79081,Fachbereich Veterinärwesen & Lebensmittelüberwachung,48.0008,7.8505
79083,Regierungspräsidium Freiburg,47.9965,7.8518
79084,Amt für Bürgerservice und Informationsverarbeitung,48.0011,7.8331
79086,Versorgungsamt Freiburg,48.0061,7.8521
79088,Triaz Waschbär,48.0335,7.8504
79090,Adecco,48.0346,7.8585
79091,Freiburg im Breisgau,47.9892,7.7899
79093,Freiburg im Breisgau,48.0335,7.8504
79094,Freiburg im Breisgau,47.9991,7.8530
79095,Regierungspräsidium Freiburg Abteilung 7,47.9997,7.8423
79098,Freiburg im Breisgau,47.9942,7.8470
79100,Freiburg im Breisgau,47.9809,7.8327
79102,Freiburg im Breisgau,48.0000,7.8500
79104,Freiburg im Breisgau,48.0098,7.8545
79106,Freiburg im Breisgau,48.0000,7.8500
79108,Freiburg im Breisgau,48.0339,7.8418
79110,Freiburg im Breisgau,48.0207,7.8167
79111,Freiburg im Breisgau,47.9809,7.7957
79112,Freiburg im Breisgau,48.0000,7.8500
79114,Freiburg im Breisgau,48.0018,7.8180
79115,Freiburg im Breisgau,47.9793,7.8220
79117,Freiburg im Breisgau,47.9874,7.8945
79138,Agentur für Arbeit Freiburg,48.0030,7.8315
79139,Freiburg im Breisgau,47.9773,7.8289
79140,Freiburg im Breisgau,48.0394,7.8193
79183,Waldkirch,48.0959,7.9637
79188,Rheintalklinik,47.9216,7.6908
79189,Bad Krozingen,47.9167,7.7000
79194,Gundelfingen,48.0463,7.8829
79199,Kirchzarten,47.9667,7.9500
79206,Breisach am Rhein,48.0328,7.5829
79211,Denzlingen,48.0667,7.8833
79215,Elzach,48.1863,8.0516
79219,Staufen im Breisgau,47.8823,7.7282
79224,Umkirch,48.0333,7.7667
79227,Schallstadt,47.9585,7.7575
79232,March,48.0681,7.7788
79235,Vogtsburg im Kaiserstuhl,48.0833,7.6333
79238,Ehrenkirchen,47.9156,7.7519
79241,Ihringen,48.0430,7.6476
79244,Münstertal,47.8500,7.7833
79249,Merzhausen,47.9667,7.8333
79252,Stegen,47.9833,7.9667
79254,Oberried,47.9333,7.9500
79256,Buchenbach,47.9614,8.0091
79258,Hartheim,47.9333,7.6333
79261,Gutach im Breisgau,48.1167,7.9833
79263,Simonswald,48.1004,8.0525
79268,Bötzingen,48.0764,7.7248
79271,Sankt Peter,48.0147,8.0329
79274,Sankt Märgen,48.0080,8.0928
79276,Reute,48.0833,7.8167
79279,Vörstetten,48.0667,7.8500
79280,Au,47.9500,7.8333
79282,Ballrechten-Dottingen,47.8583,7.6917
79283,Bollschweil,47.9214,7.7899
79285,Ebringen,47.9578,7.7765
79286,Glottertal,48.0508,7.9634
79288,Gottenheim,48.0500,7.7333
79289,Horben,47.9333,7.8667
79291,Merdingen,48.0167,7.6833
79292,Pfaffenweiler,47.9333,7.7500
79294,Sölden,47.9333,7.8167
79295,Sulzburg,47.8412,7.7078
79297,Winden im Elztal,48.1440,8.0469
79299,Wittnau,47.9500,7.8167
79310,BKK Abrechnungszentrum,48.1290,7.8250
79312,Emmendingen,48.1210,7.8536
79330,Emmendingen,48.1055,7.7834
79331,Teningen,48.1295,7.8121
79336,Herbolzheim,48.2188,7.7775
79341,Kenzingen,48.1963,7.7697
79346,Endingen am Kaiserstuhl,48.1333,7.7000
79348,Freiamt,48.1667,7.9167
79350,Sexau,48.1021,7.9076
79353,Bahlingen am Kaiserstuhl,48.1228,7.7389
79356,Eichstetten am Kaiserstuhl,48.0833,7.7333
79359,Riegel am Kaiserstuhl,48.1500,7.7500
79361,Sasbach am Kaiserstuhl,48.1333,7.6167
79362,Forchheim,48.1667,7.7000
79364,Malterdingen,48.1572,7.7861
79365,Rheinhausen,48.2266,7.7109
79367,Weisweil,48.1994,7.6771
79369,Wyhl am Kaiserstuhl,48.1667,7.6500
79379,Müllheim,47.8082,7.6303
79395,Neuenburg am Rhein,47.8143,7.5601
79400,Kandern,47.7139,7.6624
79410,Badenweiler,47.8022,7.6724
79415,Bad Bellingen,47.7315,7.5576
79418,Schliengen,47.7570,7.5764
79423,Heitersheim,47.8747,7.6572
79424,Auggen,47.7833,7.6000
79426,Buggingen,47.8475,7.6380
79427,Eschbach,47.8910,7.6554
79429,Malsburg-Marzell,47.7333,7.7083
79513,Röttlerweiler,47.6324,7.6594
79533,Agentur für Arbeit Lörrach,47.6148,7.6667
79537,Sparkasse Lörrach-Rheinfelden,47.6142,7.6628
79539,Lörrach,47.6181,7.6589
79540,Lörrach,47.6167,7.6667
79541,Lörrach,47.6335,7.6922
79574,Sparkasse Markgräflerland,47.6014,7.6046
79576,Weil am Rhein,47.5933,7.6208
79578,Steinen,47.6500,7.7330
79585,Steinen,47.6500,7.7333
79588,Efringen-Kirchen,47.6500,7.5667
79589,Binzen,47.6333,7.6167
79591,Eimeldingen,47.6333,7.6000
79592,Fischingen,47.6500,7.6000
79594,Inzlingen,47.5885,7.6909
79595,Rümmingen,47.6412,7.6420
79597,Schallbach,47.6500,7.6333
79599,Wittlingen,47.6553,7.6511
79618,Rheinfelden,47.5723,7.7842
79639,Grenzach-Wyhlen,47.5500,7.6833
79650,Schopfheim,47.6511,7.8209
79662,Novartis Pharma Produktion,47.6195,7.9050
79664,Wehr,47.6298,7.9042
79669,Zell im Wiesental,47.7055,7.8525
79674,Todtnau,47.8294,7.9438
79677,Schönau im Schwarzwald,47.7854,7.8879
79682,Todtmoos,47.7401,8.0018
79683,Bürchau,47.7739,7.8272
79685,Häg-Ehrsberg,47.7417,7.9083
79686,Hasel,47.6534,7.8972
79688,Hausen im Wiesental,47.6833,7.8500
79689,Maulburg,47.6463,7.7821
79691,Neuenweg,47.7956,7.8274
79692,Raich,47.7361,7.7981
79694,Utzenfeld,47.8000,7.9167
79695,Wieden,47.8414,7.8820
79697,Wies,47.7479,7.7675
79699,Wieslet,47.6880,7.7980
79713,Bad Säckingen,47.5537,7.9461
79725,Laufenburg,47.5651,8.0604
79730,Murg,47.5549,8.0218
79733,Görwihl,47.6427,8.0748
79736,Rickenbach,47.6190,7.9787
79737,Herrischried,47.6667,8.0000
79739,Schwörstadt,47.5931,7.8784
79749,AOK - Die Gesundheitskasse Bezirksdirektion Waldshut Tiengen,47.6206,8.2183
79761,Waldshut-Tiengen,47.6232,8.2172
79771,Klettgau,47.6500,8.4000
79774,Albbruck,47.5908,8.1295
79777,Ühlingen-Birkendorf,47.7167,8.3167
79780,Stühlingen,47.7458,8.4481
79787,Lauchringen,47.6270,8.3144
79790,Küssaberg,47.6000,8.3200
79793,Wutöschingen,47.6602,8.3675
79798,Jestetten,47.6500,8.5667
79801,Hohentengen am Hochrhein,47.5700,8.4325
79802,Dettighofen,47.6233,8.4851
79804,Dogern,47.6095,8.1671
79805,Eggingen,47.7000,8.4000
79807,Lottstetten,47.6333,8.5667
79809,Weilheim,47.6667,8.2333
79821,Stadtverwaltung / Bürgermeisteramt,47.9111,8.2156
79822,Titisee-Neustadt,47.9210,8.1906
79837,Häusern,47.7486,8.1202
79843,Löffingen,47.8841,8.3438
79848,Bonndorf im Schwarzwald,47.8186,8.3414
79853,Lenzkirch,47.8683,8.2021
79856,Hinterzarten,47.9028,8.1070
79859,Schluchsee,47.8167,8.1833
79862,Höchenschwand,47.7333,8.1667
79865,Grafenhausen,47.7750,8.2573
79868,Feldberg,47.8650,8.0704
79871,Eisenbach (Hochschwarzwald),47.9667,8.2667
79872,Bernau,47.8002,8.0383
79874,Breitnau,47.9333,8.0833
79875,Dachsberg,47.7295,8.1000
79877,Friedenweiler,47.9178,8.2563
79879,Wutach,47.8333,8.4333
80097,Staatsanwaltschaft München II,48.1450,11.5580
80200,Kreisfreie Stadt München,48.0906,11.6556
80217,Kreisfreie Stadt München,48.1444,11.5493
80218,Kreisfreie Stadt München,48.1452,11.6819
80219,Kreisfreie Stadt München,48.1449,11.4850
80221,Kreisfreie Stadt München,48.1434,11.5721
80222,HUK-Coburg Versicherungsgruppe,48.1384,11.5501
80240,Kreisfreie Stadt München,48.1153,11.5974
80248,Kreisfreie Stadt München,48.1325,11.6203
80249,Computershare Deutschland,48.1414,11.5728
80250,Kreisfreie Stadt München,48.1282,11.6089
80251,Kreisfreie Stadt München,48.1437,11.5363
80258,Kreisfreie Stadt München,48.1397,11.5276
80259,Kreisfreie Stadt München,48.1464,11.5427
80260,Kreisfreie Stadt München,48.1769,11.5326
80263,Boesche Staatliche Lotterieeinnahme,48.1601,11.5755
80264,Kreisfreie Stadt München,48.1745,11.5289
80266,AOK Bayern - Die Gesundheitskasse Direktion München,48.1406,11.5295
80267,Berufsgenossenschaft der Bauwirtschaft Bezirksverwaltung München,48.1503,11.5511
80268,Kreisfreie Stadt München,48.1464,11.5737
80269,Finanzamt München / Abt. II,48.1451,11.5436
80270,"Berufsgenossenschaft Handel und Warenlogistik, Regionaldirektion Südost",48.1527,11.5138
80271,Kreisfreie Stadt München,48.1378,11.5571
80272,Münchener Hypothekenbank eG,48.1406,11.5837
80273,Kreisfreie Stadt München,48.1397,11.5730
80275,Finanzamt München / Abt.- Körperschaften,48.1430,11.5653
80276,Finanzamt München / Abt. I,48.1426,11.5668
80277,BayernLB Bayerische Landesbank,48.1444,11.5730
80278,Kreisfreie Stadt München,48.1515,11.5982
80279,KREISSPARKASSE MÜNCHEN STARNBERG EBERSBERG,48.1328,11.5666
80280,LBS Bayerische Landesbausparkasse,48.1429,11.5525
80281,Deutsche Bundesbank Hauptverwaltung München,48.1458,11.5786
80282,Kreisfreie Stadt München,48.1386,11.5556
80283,Münchener Verein,48.1344,11.5581
80285,Kreisfreie Stadt München,48.0883,11.6429
80287,Stadtwerke München,48.1724,11.5323
80289,Kreisfreie Stadt München,48.1371,11.6354
80290,Technische Universität München Präsidialbüro W. A. Herrmann,48.1489,11.5680
80291,Kreisfreie Stadt München,48.1046,11.6453
80292,WWK Investment S.A.,48.1449,11.5519
80294,Kreisfreie Stadt München,48.1490,11.5219
80295,Kreisfreie Stadt München,48.1379,11.5223
80297,Deutsches Patent- und Markenamt,48.1325,11.5839
80298,Europäisches Patentamt,48.1266,11.5706
80300,Bayerischer Rundfunk,48.1441,11.5546
80301,Finanzamt München / Abt. III,48.1454,11.5430
80302,Finanzamt München / Abt. IV,48.1463,11.5455
80303,Finanzamt München / Abt. V,48.1463,11.5455
80304,Agentur für Arbeit München,48.1255,11.5591
80306,Deutsches Museum,48.1314,11.5856
80308,Debeka Versicherungen und Bausparkasse,48.1367,11.5688
80309,Erzbischöfliches Ordinariat München,48.1395,11.5691
80310,Kreisfreie Stadt München,48.1153,11.5974
80311,Kreisfreie Stadt München,48.1499,11.6175
80313,Stadtverwaltung,48.1378,11.5753
80314,Kreisfreie Stadt München,48.1153,11.5974
80315,Amtsgericht München,48.1405,11.5700
80316,Landgericht München I,48.1403,11.5645
80317,Kreisfreie Stadt München,48.1153,11.5974
80318,Kreisfreie Stadt München,48.1347,11.5651
80319,LKV Landeskuratorium für tierische Veredelung Bayern e. V.,48.1449,11.4850
80320,Landgericht München II,48.1451,11.5552
80322,Kreisfreie Stadt München,48.1489,11.5238
80323,Rechtsschutz Union,48.1364,11.5614
80324,Deutsche Post DHL Group Finance & HR Operations Deutschland,48.1449,11.4850
80325,Amtsgericht München,48.1580,11.5565
80326,Essanelle,48.1387,11.5697
80327,Hauck & Aufhäuser Privatbankiers KGAA,48.1411,11.5740
80328,VdK Der Sozialverband Bayern e. V.,48.1499,11.5733
80329,SOS-Kinderdörfer,48.1585,11.5256
80331,München,48.1345,11.5710
80333,München,48.1452,11.5668
80335,München,48.1427,11.5552
80336,München,48.1345,11.5590
80337,München,48.1224,11.5449
80339,München,48.1388,11.5341
80340,Kreisfreie Stadt München,48.0965,11.5150
80466,Landeshauptstadt München Kreisverwaltungsreferat,48.1238,11.5517
80469,München,48.1299,11.5732
80524,Bayer. Staatsministerium des Innern,48.1434,11.5767
80525,"Bayerisches Staatsministerium für Wirtschaft, Verkehr und Technologie",48.1422,11.5908
80530,Versicherungskammer Bayern,48.1383,11.5906
80534,Regierung von Oberbayern,48.1385,11.5860
80535,Bayerisches Staatsministerium für Wohnen Bau und Verkehr,48.1444,11.5837
80538,München,48.1401,11.5885
80539,München,48.1500,11.5833
80632,Kreiswehrersatzamt,48.1550,11.5347
80634,München,48.1492,11.5328
80636,München,48.1558,11.5409
80637,München,48.1725,11.5284
80638,München,48.1595,11.4932
80639,München,48.1526,11.5154
80682,Kreisfreie Stadt München,48.1449,11.4850
80684,Kassenärztliche Vereinigung Bayerns,48.1343,11.5210
80686,München,48.1380,11.5070
80687,München,48.1414,11.5020
80689,München,48.1291,11.4895
80700,Kreisfreie Stadt München,48.1403,11.6057
80786,Kreisfreie Stadt München,48.1925,11.6077
80787,BMW Financial Service,48.1877,11.6022
80788,BMW INFO Service,48.1942,11.5904
80789,DBV-Winterthur Versicherungen,48.1749,11.5861
80790,Kreisfreie Stadt München,48.1544,11.5886
80791,Stadtsparkasse München,48.1671,11.5747
80792,"Bay. Staatsministerium f. Arbeit u. Sozialordnung, Familie u. Frauen",48.1589,11.5604
80794,Kreisfreie Stadt München,48.1540,11.5837
80796,München,48.1500,11.5833
80797,München,48.1611,11.5586
80798,München,48.1500,11.5833
80799,München,48.1500,11.5833
80801,München,48.1500,11.5833
80802,München,48.1665,11.5903
80803,München,48.1500,11.5833
80804,München,48.1738,11.5858
80805,München,48.1725,11.5964
80807,München,48.1827,11.5759
80809,München,48.1787,11.5617
80920,Kreisfreie Stadt München,48.1817,11.5974
80931,Bayr. Rundfunk Fernsehstudio Freimann,48.1887,11.6271
80933,München,48.2225,11.5480
80935,München,48.2043,11.5585
80937,München,48.1974,11.5721
80939,München,48.2054,11.6238
80991,Bayerischer Motorsport-Verband,48.1787,11.5150
80992,München,48.1776,11.5169
80993,München,48.1823,11.5331
80995,München,48.1976,11.5181
80997,München,48.1834,11.4784
80999,München,48.1853,11.4643
81236,Berufsgenossenschaft Holz und Metall Bezirksverwaltung,48.1437,11.4735
81237,Berufsgenossenschaft der Bauwirtschaft Bezirksverwaltung München (Tiefbau),48.1435,11.4747
81238,AOK Bayern - Die Gesundheitskasse Geschäftsstelle Pasing,48.1461,11.4571
81241,München,48.1475,11.4635
81243,München,48.1465,11.4506
81245,München,48.1616,11.4141
81247,München,48.1662,11.4673
81248,München,48.1616,11.4141
81249,München,48.1500,11.5833
81340,Kreisfreie Stadt München,48.1114,11.5504
81350,Kreisfreie Stadt München,48.1335,11.5283
81355,Kreisfreie Stadt München,48.1335,11.5283
81356,Kreisfreie Stadt München,48.1335,11.5283
81357,Continentale Lebensversicherung a.G.,48.0965,11.5329
81358,Continentale Krankenversicherung Kundendienst - Centrum,48.0965,11.5329
81359,Kreisfreie Stadt München,48.1335,11.5283
81360,ADAC e. V.,48.1335,11.5283
81362,Kreisfreie Stadt München,48.1335,11.5283
81363,Kreisfreie Stadt München,48.1335,11.5283
81364,Kreisfreie Stadt München,48.1335,11.5283
81365,Kreisfreie Stadt München,48.1335,11.5283
81366,Klinikum der Universitat München Großhadern,48.1176,11.5310
81367,München,48.1227,11.4530
81369,München,48.1125,11.5306
81371,München,48.1167,11.5478
81373,München,48.1171,11.5393
81375,München,48.1188,11.4917
81377,München,48.1204,11.5001
81379,München,48.0988,11.5204
81475,München,48.1500,11.5833
81476,München,48.0844,11.4923
81477,München,48.0834,11.5036
81479,München,48.0915,11.5392
81531,Kreisfreie Stadt München,48.1114,11.5504
81533,Kreisfreie Stadt München,48.1042,11.6004
81534,Kreisfreie Stadt München,48.1532,11.6205
81535,Kreisfreie Stadt München,48.1135,11.5881
81536,AGA International S.A. Niederlassung für Deutschland,48.1084,11.5825
81537,Kreisfreie Stadt München,48.1377,11.5898
81539,München,48.1102,11.5899
81541,München,48.1159,11.5795
81543,München,48.1203,11.5733
81545,München,48.0827,11.5619
81547,München,48.0982,11.5821
81549,München,48.1089,11.6074
81550,Versicherungskammer Bayern,48.1383,11.5906
81627,Bayerischer Landtag Landtagsamt,48.1363,11.5943
81655,Kreisfreie Stadt München,48.1282,11.6089
81658,Medizinischer Dienst der Krankenversicherung Bayern,48.1329,11.6108
81660,Landeshauptstadt München Baureferat,48.1310,11.6120
81662,Techniker Krankenkasse Servicezentrum Beitrag,48.1206,11.6071
81663,Airbus Group,48.0444,11.6234
81664,Frank Haritz Staatliche Lotterie-Einnahme der SKL,48.1270,11.6202
81665,Kreisfreie Stadt München,48.1323,11.6137
81667,München,48.1285,11.5975
81669,München,48.1226,11.6035
81671,München,48.1223,11.6205
81673,München,48.1265,11.6317
81675,München,48.1352,11.6039
81677,München,48.1381,11.6147
81679,München,48.1512,11.6103
81713,Deutsche Rentenversicherung Knappschaft-Bahn-See Gesch.-St. München,48.0970,11.6458
81716,Augsburg,48.3659,10.8578
81718,Kreisfreie Stadt München,48.1050,11.6394
81723,Kreisfreie Stadt München,48.1383,11.5692
81725,Kreisfreie Stadt München,48.1051,11.6421
81726,München,48.0808,11.6161
81727,Kreisfreie Stadt München,48.1046,11.6453
81728,D.A.S. Direktion,48.1032,11.6454
81729,Deutsche Rentenversicherung Bayern Süd,48.1029,11.6481
81731,Kreisfreie Stadt München,48.1050,11.6394
81732,BAYERISCHE BEAMTEN VERSICHERUNGEN,48.0983,11.6458
81733,Kreisfreie Stadt München,48.1032,11.6454
81735,München,48.1134,11.6466
81737,München,48.1098,11.6183
81739,München,48.1500,11.5833
81823,Kreisfreie Stadt München,48.1344,11.6926
81825,München,48.1180,11.6612
81827,München,48.1147,11.6972
81829,München,48.1404,11.6802
81911,Swiss Re Europe S.A. Niederlassung Deutschland,48.1873,11.6518
81918,Kreisfreie Stadt München,48.1532,11.6169
81919,Bayerische Ärzteversorgung,48.1490,11.6221
81920,Zusatzversorgungskasse der bayerischen Gemeinden,48.1490,11.6221
81921,Bayer. Versorgungskammer,48.1488,11.6233
81925,München,48.1642,11.6218
81927,München,48.1611,11.6394
81929,München,48.1408,11.6366
81987,INA-NZ BZA,48.1489,11.5238
81988,Kreisfreie Stadt München,48.1489,11.5238
81989,Kreisfreie Stadt München,48.1489,11.5238
81995,Kreisfreie Stadt München,48.1489,11.5238
81999,Kreisfreie Stadt München,48.1489,11.5238
82008,Unterhaching,48.0660,11.6156
82024,Taufkirchen,48.0486,11.6170
82030,München,48.0669,11.5483
82031,Grünwald,48.0395,11.5232
82032,Deisenhofen bei München,48.0182,11.5888
82038,München,48.0306,11.5798
82039,Sigma,48.0305,11.5855
82041,Oberhaching,48.0245,11.5974
82047,Autovermietung Sixt,48.0442,11.5107
82049,Pullach im Isartal,48.0612,11.5215
82054,Sauerlach,47.9586,11.5674
82057,Icking,47.9500,11.4333
82061,Neuried,48.0932,11.4656
82064,Straßlach-Dingharting,48.0049,11.5141
82065,Baierbrunn,48.0203,11.4869
82067,Kloster Schäftlarn,47.9889,11.4434
82069,Schäftlarn,47.9903,11.4559
82110,Germering,48.1339,11.3765
82131,Gauting,48.0692,11.3770
82140,Olching,48.2000,11.3333
82152,Krailling,48.1033,11.4124
82166,Gräfelfing,48.1188,11.4294
82175,Fürstenfeldbruck,48.1736,11.3661
82178,Puchheim,48.1500,11.3500
82194,Gröbenzell,48.2000,11.3667
82205,Gilching,48.1075,11.2936
82211,Herrsching am Ammersee,47.9989,11.1768
82216,Maisach,48.2167,11.2667
82223,Eichenau,48.1667,11.3167
82229,Seefeld,48.0351,11.2140
82234,Weßling,48.0745,11.2482
82237,Wörthsee,48.0725,11.2017
82239,Alling,48.1403,11.3014
82254,Fürstenfeldbruck,48.1658,11.2216
82256,Fürstenfeldbruck,48.1790,11.2547
82266,Inning am Ammersee,48.0764,11.1523
82269,Geltendorf,48.1174,11.0322
82272,Moorenweis,48.1556,11.0785
82275,Emmering,48.1833,11.2833
82276,Adelshofen,48.1833,11.1167
82278,Althegnenberg,48.2333,11.0667
82279,Eching am Ammersee,48.0833,11.1167
82281,Egenhofen,48.2833,11.1667
82282,Pischertshofen,48.2833,11.1667
82284,Grafrath,48.1167,11.1667
82285,Hattenhofen,48.2223,11.1155
82287,Jesenwang,48.1667,11.1333
82288,Kottgeisering,48.1167,11.1333
82290,Landsberied,48.1667,11.1667
82291,Mammendorf,48.2084,11.1633
82293,Mittelstetten,48.2500,11.1000
82294,Oberschweinbach,48.2382,11.1557
82296,Schöngeising,48.1413,11.2040
82297,Steindorf,48.2167,11.0000
82299,Türkenfeld,48.1053,11.0830
82317,Amtsgericht Stranberg,47.9988,11.3483
82319,Starnberg,48.0019,11.3442
82322,Starnberg,48.0135,11.4250
82327,Tutzing,47.9094,11.2803
82335,Berg,47.9674,11.3545
82340,Feldafing,47.9460,11.2933
82343,Pöcking,47.9667,11.3000
82346,Andechs,47.9746,11.1828
82347,Bernried,47.8660,11.2939
82349,Pentenried,48.1000,11.4000
82360,Landratsamt Weilheim-Schongau,47.8394,11.1430
82362,Weilheim in Oberbayern,47.8376,11.1489
82363,Agentur für Arbeit Weilheim i. OB,47.8340,11.1461
82377,Penzberg,47.7529,11.3770
82380,Peißenberg,47.8047,11.0699
82383,Hohenpeißenberg,47.8000,11.0000
82386,Huglfing,47.7750,11.1500
82387,Antdorf,47.7513,11.3085
82389,Böbing,47.7556,10.9888
82390,Eberfing,47.7917,11.2000
82392,Habach,47.7333,11.2833
82393,Iffeldorf,47.7667,11.3167
82395,Obersöchering,47.7333,11.2167
82396,Pähl,47.9000,11.1833
82398,Polling,47.8110,11.1324
82399,Raisting,47.9167,11.1000
82401,Rottenbuch,47.7333,10.9667
82402,Seeshaupt,47.8247,11.3022
82404,Sindelsdorf,47.7246,11.3329
82405,Wessobrunn,47.8741,11.0246
82407,Wielenbach,47.8740,11.1592
82409,Wildsteig,47.7015,10.9375
82418,Riegsee,47.6896,11.2067
82431,Kochel am See,47.6586,11.3682
82432,"Urfeld, Oberbayern",47.6167,11.3500
82433,Bad Kohlgrub,47.6667,11.0500
82435,Bad Bayersoien,47.6833,11.0000
82436,Eglfing,47.7333,11.1833
82438,Eschenlohe,47.6000,11.1833
82439,Großweil,47.6760,11.3011
82441,Ohlstadt,47.6333,11.2333
82442,Saulgrub,47.6664,11.0247
82444,Schlehdorf,47.6580,11.3149
82445,Schwaigen,47.6167,11.1500
82447,Spatzenhausen,47.7167,11.2000
82449,Uffing am Staffelsee,47.7167,11.1500
82467,Garmisch-Partenkirchen,47.4921,11.0958
82475,Schneefernerhaus,47.4166,10.9795
82481,Mittenwald,47.4422,11.2619
82487,Oberammergau,47.5981,11.0669
82488,Ettal,47.5667,11.1000
82490,Farchant,47.5304,11.1115
82491,Grainau,47.4761,11.0241
82493,Klais,47.5000,11.2833
82494,Krün,47.5052,11.2792
82496,Oberau,47.5598,11.1392
82497,Unterammergau,47.6166,11.0272
82499,Wallgau,47.5167,11.2833
82515,Wolfratshausen,47.9129,11.4217
82538,Geretsried,47.8577,11.4805
82541,Münsing,47.9000,11.3667
82544,Egling,47.9232,11.5052
82547,Eurasburg,47.8539,11.4059
82549,Königsdorf,47.8155,11.4806
83018,Agentur für Arbeit Rosenheim,47.8552,12.1139
83019,Kreisfreie Stadt Rosenheim,47.8450,12.0833
83022,Rosenheim,47.8550,12.1232
83024,Rosenheim,47.8748,12.1110
83026,Rosenheim,47.8391,12.1026
83034,Rosenheim,47.8420,12.0772
83043,Bad Aibling,47.8638,12.0105
83052,Bruckmühl,47.8786,11.9110
83059,Kolbermoor,47.8496,12.0670
83064,Raubling,47.7905,12.1109
83071,Stephanskirchen,47.8539,12.1856
83075,Bad Feilnbach,47.7733,12.0097
83080,Oberaudorf,47.6482,12.1724
83083,Riedering,47.8387,12.2078
83088,Kiefersfelden,47.6141,12.1910
83093,Bad Endorf,47.9090,12.2979
83098,Brannenburg,47.7400,12.0917
83101,Rohrdorf,47.7971,12.1701
83104,Tuntenhausen,47.9351,12.0152
83109,Großkarolinenfeld,47.8910,12.0810
83112,Frasdorf,47.8038,12.2851
83115,Neubeuern,47.7737,12.1400
83119,Obing,48.0005,12.4053
83122,Samerberg,47.7765,12.1914
83123,Amerang,47.9914,12.3079
83125,Eggstätt,47.9270,12.3792
83126,Flintsbach,47.7258,12.1242
83128,Halfing,47.9520,12.2752
83129,Höslwang,47.9538,12.3291
83131,Nußdorf am Inn,47.7423,12.1561
83132,Pittenhart,47.9772,12.3900
83134,Prutting,47.8932,12.2024
83135,Schechen,47.9291,12.1239
83137,Schonstett,47.9833,12.2500
83139,Söchtenau,47.9312,12.2296
83209,Prien am Chiemsee,47.8560,12.3462
83224,Grassau,47.7822,12.4685
83228,Taunus BKK Versichertenservice,47.7660,12.3244
83229,Aschau im Chiemgau,47.7769,12.3230
83233,Bernau am Chiemsee,47.8117,12.3757
83236,Übersee,47.8167,12.4833
83242,Reit im Winkl,47.6587,12.5281
83246,Unterwössen,47.7333,12.4667
83250,Marquartstein,47.7586,12.4622
83253,Rimsting,47.8808,12.3371
83254,Breitbrunn am Chiemsee,47.8895,12.4004
83256,Chiemsee,47.8667,12.4167
83257,Gstadt am Chiemsee,47.8845,12.4181
83259,Schleching,47.7210,12.3948
83274,Agentur für Arbeit Traunstein,47.8672,12.6229
83276,Stadtverwaltung,47.8702,12.6389
83278,Traunstein,47.8682,12.6433
83301,Traunreut,47.9627,12.5923
83308,Trostberg,48.0175,12.5346
83313,Siegsdorf,47.8228,12.6428
83317,Teisendorf,47.8492,12.8192
83324,Ruhpolding,47.7667,12.6500
83329,Waging am See,47.9254,12.7253
83334,Inzell,47.7630,12.7515
83339,Chieming,47.8926,12.5401
83342,Tacherting,48.0783,12.5701
83344,Bergen,47.8040,12.5830
83346,Bergen,47.8036,12.5828
83349,Palling,48.0020,12.6370
83352,Altenmarkt an der Alz,48.0026,12.5367
83355,Grabenstätt,47.8453,12.5433
83358,Seeon-Seebruck,47.9667,12.4667
83359,Hallabruck,47.8667,12.7000
83361,Kienberg,48.0348,12.4633
83362,Surberg,47.8667,12.7000
83364,Graben bei Neukirchen am Teisenberg,47.8440,12.7342
83365,Nußdorf,47.9056,12.5961
83367,Petting,47.9123,12.8151
83368,"Anning bei Sankt Georgen, Chiemgau",47.9833,12.5667
83370,Seeon-Seebruck,47.9667,12.4667
83371,Roitham bei Stein an der Traun,48.0000,12.5500
83373,Taching am See,47.9594,12.7293
83374,Niedling,47.9427,12.6306
83376,Castrum,47.9425,12.5049
83377,Vachendorf,47.8426,12.6061
83379,Wonneberg,47.9167,12.7167
83394,MVS Mail & Vertriebsservice Ges.m.b.H.,47.8353,12.9781
83395,Freilassing,47.8409,12.9811
83404,Ainring,47.8131,12.9405
83410,Laufen,47.9357,12.9286
83413,Fridolfing,47.9977,12.8263
83416,Saaldorf-Surheim,47.8750,12.9417
83417,Kirchanschöring,47.9530,12.8343
83435,Bad Reichenhall,47.7295,12.8782
83451,Piding,47.7667,12.9167
83454,Anger,47.8019,12.8581
83457,Bayerisch Gmain,47.7167,12.9000
83458,Schneizlreuth,47.6833,12.8000
83471,Schönau am Königssee,47.6165,12.9945
83483,Bischofswiesen,47.6312,12.9830
83486,Ramsau,47.6167,12.9000
83487,Marktschellenberg,47.6966,13.0434
83489,Strub,47.6254,12.9741
83508,Rosenheim,48.0571,12.1863
83512,Wasserburg am Inn,48.0525,12.2234
83527,Haag in Oberbayern,48.1687,12.1880
83530,Schnaitsee,48.0667,12.3667
83533,Edling,48.0561,12.1647
83536,Gars am Inn,48.1500,12.2833
83539,Albaching,48.0857,12.1129
83543,Rott am Inn,47.9819,12.1281
83544,Albaching,48.1070,12.1119
83546,"Biburg, Gemeinde Gars am Inn",48.1792,12.3041
83547,Babensham,48.0833,12.2667
83549,Eiselfing,48.0411,12.2427
83550,Emmering,47.9976,12.0564
83552,Durrhausen,48.0284,12.3103
83553,Frauenneuharting,48.0316,12.0560
83555,Haiden bei Gars Bahnhof,48.1500,12.2833
83556,Griesstätt,47.9940,12.1773
83558,Maitenbeth,48.1505,12.0934
83559,"Reiser, Gemeinde Gars am Inn",48.1532,12.3173
83561,Ramerberg,48.0181,12.1451
83562,Rechtmehring,48.1167,12.1667
83564,Soyen,48.1081,12.2101
83565,"Ast, Gemeinde Frauenneuharting",48.0163,12.0163
83567,Unterreit,48.1167,12.3333
83569,Vogtareuth,47.9469,12.1813
83607,Holzkirchen,47.8766,11.7018
83620,Feldkirchen-Westerham,47.9075,11.8427
83623,Dietramszell,47.8487,11.5953
83624,Otterfing,47.9090,11.6755
83626,Valley,47.8931,11.7791
83627,Warngau,47.8322,11.7217
83629,Weyarn,47.8584,11.7992
83646,Wackersberg,47.7472,11.5544
83661,Lenggries,47.6833,11.5667
83666,Waakirchen,47.7725,11.6731
83670,Bad Heilbrunn,47.7467,11.4593
83671,Benediktbeuern,47.7062,11.4152
83673,Bichl,47.7201,11.4123
83674,Gaißach,47.7500,11.5833
83676,Jachenau,47.6057,11.4338
83677,Greiling,47.7667,11.6250
83679,Sachsenkam,47.8054,11.6440
83684,Tegernsee,47.7123,11.7582
83700,Rottach-Egern,47.6897,11.7706
83703,Gmund am Tegernsee,47.7512,11.7381
83707,Bad Wiessee,47.7167,11.7167
83708,Kreuth,47.6408,11.7449
83714,Miesbach,47.7890,11.8338
83727,Schliersee,47.7362,11.8594
83730,Fischbachau,47.7195,11.9508
83734,Hausham,47.7466,11.8407
83735,Bayrischzell,47.6744,12.0145
83737,Irschenberg,47.8333,11.9167
83739,Hofreuth bei Wörnsmühl,47.8333,11.9167
84018,Agentur für Arbeit Landshut,48.5435,12.1436
84022,Kreisfreie Stadt Landshut,48.5471,12.1360
84023,Regierung von Niederbayern,48.5452,12.1661
84024,Deutsche Rentenversicherung Bayern Süd Landshut,48.5385,12.1572
84026,Staatsoberkasse Landshut,48.5391,12.1566
84028,Landshut,48.5359,12.1523
84030,Ergolding,48.5684,12.1538
84032,Altdorf,48.5446,12.1300
84034,Landshut,48.5359,12.1325
84036,Kumhausen,48.5179,12.1570
84048,Mainburg,48.6418,11.7809
84051,Essenbach,48.6133,12.2183
84056,Rottenburg an der Laaber,48.7023,12.0272
84061,Ergoldsbach,48.6926,12.2044
84066,Mallersdorf-Pfaffenberg,48.7664,12.2310
84069,Schierling,48.8342,12.1395
84072,Au in der Hallertau,48.5584,11.7414
84076,Pfeffenhausen,48.6647,11.9659
84079,Bruckberg,48.5224,11.9945
84082,Laberweinting,48.8000,12.3167
84085,Langquaid,48.8232,12.0513
84088,Neufahrn in Niederbayern,48.7352,12.1929
84089,Aiglsbach,48.6921,11.7083
84091,Attenhofen,48.6507,11.8485
84092,Bayerbach,48.7045,12.2975
84094,Elsendorf,48.7076,11.8098
84095,Furth,48.5910,12.0206
84097,Herrngiersdorf,48.7886,12.0720
84098,Hohenthann,48.6576,12.0307
84100,Niederaichbach,48.6000,12.3167
84101,Obersüßbach,48.6167,11.9500
84103,Postau,48.6500,12.3333
84104,Rudelzhausen,48.6000,11.7667
84106,Volkenschwand,48.6000,11.8833
84107,Weihmichl,48.6000,12.0500
84109,Wörth an der Isar,48.6230,12.3394
84130,Dingolfing,48.6424,12.4928
84137,Vilsbiburg,48.4530,12.3560
84140,Gangkofen,48.4370,12.5642
84144,Geisenhausen,48.4761,12.2582
84149,Velden,48.3663,12.2560
84152,Mengkofen,48.7189,12.4405
84155,Bodenkirchen,48.3833,12.3833
84160,Frontenhausen,48.5463,12.5312
84162,mhplus,48.5531,12.5537
84163,Marklkofen,48.5500,12.5667
84164,Moosthenning,48.6766,12.4974
84166,Adlkofen,48.5500,12.2667
84168,Aham,48.5265,12.4606
84169,Altfraunhofen,48.4500,12.1667
84171,Baierbach,48.4167,12.2000
84172,Buch am Erlbach,48.4478,12.0357
84174,Eching,48.5000,12.0667
84175,Schalkham,48.4859,12.3963
84177,Gottfrieding,48.6374,12.5356
84178,Kröning,48.5333,12.3667
84180,Loiching,48.6167,12.4333
84181,Neufraunhofen,48.4000,12.2167
84183,Niederviehbach,48.6167,12.3833
84184,Tiefenbach,48.5000,12.1000
84186,Vilsheim,48.4488,12.1069
84187,Weng,48.6587,12.3693
84189,Wurmsham,48.3500,12.3333
84307,Eggenfelden,48.4051,12.7575
84323,Massing,48.3912,12.6095
84326,Falkenberg,48.4641,12.6902
84329,Wurmannsquick,48.3533,12.7860
84332,Hebertsfelden,48.4060,12.8226
84333,Malgersdorf,48.5333,12.7500
84335,Mitterskirchen,48.3500,12.7333
84337,Schönau,48.4833,12.8500
84339,Unterdietfurt,48.3833,12.6667
84347,Pfarrkirchen,48.4320,12.9381
84359,Simbach am Inn,48.2655,13.0231
84364,Bad Birnbach,48.4449,13.0910
84367,Tann,48.3154,12.9075
84371,Triftern,48.3947,13.0063
84375,Kirchdorf am Inn,48.2475,12.9845
84378,Dietersburg,48.4925,12.9250
84381,Johanniskirchen,48.5333,12.9500
84384,Wittibreut,48.3292,12.9870
84385,Egglham,48.5290,13.0540
84387,Julbach,48.2543,12.9579
84389,Postmünster,48.4167,12.9000
84405,Dorfen,48.2704,12.1606
84416,Taufkirchen (Vils),48.3422,12.1363
84419,Obertaufkirchen,48.2660,12.2694
84424,Isen,48.2120,12.0567
84427,Sankt Wolfgang,48.2167,12.1333
84428,Buchbach,48.3123,12.2734
84431,Heldenstein,48.2460,12.3409
84432,Hohenpolding,48.3833,12.1333
84434,Kirchberg,48.4000,12.0500
84435,Lengdorf,48.2574,12.0497
84437,Reichertsheim,48.2000,12.2833
84439,Steinkirchen,48.3833,12.0833
84453,Mühldorf am Inn,48.2503,12.5215
84478,Waldkraiburg,48.2085,12.3989
84489,Burghausen,48.1693,12.8314
84494,Niederbergkirchen,48.3318,12.5018
84503,Altötting,48.2253,12.6766
84508,Burgkirchen an der Alz,48.1675,12.7325
84513,Töging am Inn,48.2717,12.5839
84518,Garching an der Alz,48.1345,12.5815
84524,Neuötting,48.2410,12.6900
84529,Tittmoning,48.0616,12.7676
84533,Haiming,48.2406,12.8760
84539,Zangberg,48.2644,12.4192
84543,Winhöring,48.2667,12.6500
84544,Aschau am Inn,48.1985,12.3500
84546,Egglkofen,48.4000,12.4500
84547,Emmerting,48.2000,12.7667
84549,Engelsberg,48.1163,12.5427
84550,Feichten an der Alz,48.0833,12.6000
84552,Geratskirchen,48.3386,12.6623
84553,"Halsbach, Kreis Altötting",48.1333,12.6833
84555,Jettenbach,48.1667,12.3833
84556,Kastl,48.2000,12.7000
84558,Halsbach,48.0953,12.6651
84559,Kraiburg am Inn,48.1819,12.4307
84561,Mehring,48.1833,12.7833
84562,Mettenheim,48.2667,12.4667
84564,Oberbergkirchen,48.3000,12.3833
84565,Oberneukirchen,48.1833,12.5167
84567,Perach,48.2833,12.7750
84568,Pleiskirchen,48.3071,12.5983
84570,Polling,48.2167,12.5667
84571,Reischach,48.2907,12.7262
84573,Schönberg,48.3333,12.4333
84574,Taufkirchen,48.1500,12.4500
84576,Teising,48.2272,12.6114
84577,Tüßling,48.2122,12.5995
84579,Unterneukirchen,48.1667,12.6167
85037,Agentur für Arbeit Ingolstadt,48.7686,11.4309
85046,Finanzamt München / Abr. III BASt Ingolstadt,48.7544,11.4465
85047,Stadt Ingolstadt,48.7630,11.4256
85049,Ingolstadt,48.7667,11.4147
85051,Ingolstadt,48.7212,11.4096
85053,Ingolstadt,48.7515,11.4588
85055,Ingolstadt,48.7760,11.4459
85057,Ingolstadt,48.7750,11.3914
85071,Universitätsbibliothek,48.8900,11.1865
85072,Eichstätt,48.8885,11.1968
85077,Manching,48.7166,11.4939
85080,Gaimersheim,48.8071,11.3680
85084,Reichertshofen,48.6577,11.4661
85088,Vohburg an der Donau,48.7698,11.6185
85092,Kösching,48.8140,11.5049
85095,Denkendorf,48.9284,11.4570
85098,Großmehring,48.7667,11.5333
85101,Lenting,48.8103,11.4587
85104,Pförring,48.8082,11.6901
85107,Baar-Ebenhausen,48.6707,11.4698
85110,Kipfenberg,48.9526,11.3975
85111,Adelschlag,48.8403,11.2191
85113,Böhmfeld,48.8608,11.3679
85114,Buxheim,48.8069,11.2921
85116,Egweil,48.7833,11.2333
85117,Eitensheim,48.8167,11.3167
85119,Ernsgaden,48.7333,11.5833
85120,Hepberg,48.8225,11.4617
85122,Hitzhofen,48.8500,11.3167
85123,Karlskron,48.6833,11.4167
85125,Kinding,49.0016,11.3831
85126,Münchsmünster,48.7667,11.6833
85128,Nassenfels,48.7995,11.2259
85129,Oberdolling,48.8294,11.5933
85131,Pollenfeld,48.9500,11.2000
85132,Schernfeld,48.9000,11.1000
85134,Stammham,48.8558,11.4554
85135,Titting,48.9968,11.2115
85137,Walting,48.9167,11.3000
85139,Wettstetten,48.8225,11.4143
85217,BKK ProVita,48.2380,11.3500
85219,Sparkasse Dachau,48.2613,11.4414
85221,Dachau,48.2600,11.4340
85229,Markt Indersdorf,48.3606,11.3779
85232,Bergkirchen,48.2567,11.3649
85235,Pfaffenhofen an der Glonn,48.3023,11.1811
85238,Petershausen,48.4097,11.4706
85241,Hebertshausen,48.2896,11.4653
85244,Röhrmoos,48.3297,11.4467
85247,Schwabhausen,48.3032,11.3557
85250,Altomünster,48.3877,11.2569
85253,Erdweg,48.3318,11.3034
85254,Sulzemoos,48.2911,11.2636
85256,Vierkirchen,48.3667,11.4667
85258,Weichs,48.3833,11.4167
85259,Wiedenzhausen,48.2998,11.2391
85273,Pfaffenhofen an der Ilm,48.5258,11.5082
85276,Pfaffenhofen an der Ilm,48.5153,11.5025
85283,Wolnzach,48.6038,11.6257
85290,Geisenfeld,48.6843,11.6123
85293,Reichertshausen,48.4667,11.5167
85296,Rohrbach,48.6167,11.5667
85298,Scheyern,48.5000,11.4667
85301,Schweitenkirchen,48.5033,11.6045
85302,Gerolsbach,48.4928,11.3615
85304,Ilmmünster,48.4833,11.5000
85305,Jetzendorf,48.4333,11.4167
85307,Paunzhausen,48.4749,11.5646
85309,Pörnbach,48.6167,11.4667
85322,Agentur für Arbeit Freising,48.3993,11.7517
85350,Landratsamt Freising,48.3966,11.7393
85354,Freising,48.3938,11.7331
85356,Freising,48.3924,11.7569
85359,Freising,48.3555,11.7424
85366,Sparkasse Freising Moosburg,48.4619,11.9575
85368,Wang,48.4832,11.9373
85374,Office Discount,48.3123,11.6495
85375,Neufahrn bei Freising,48.3159,11.6632
85376,Hetzenhausen,48.3167,11.6667
85385,Gemeinde Eching,48.3254,11.6711
85386,Eching,48.3000,11.6167
85391,Allershausen,48.4333,11.6000
85395,Attenkirchen,48.4924,11.7348
85399,Hallbergmoos,48.3275,11.7514
85402,Kranzberg,48.4061,11.6125
85405,Nandlstadt,48.5364,11.8073
85406,Zolling,48.4500,11.7667
85408,Gammelsdorf,48.5500,11.9500
85410,Haag an der Amper,48.4584,11.8280
85411,Hohenkammer,48.4241,11.5252
85413,Hörgertshausen,48.5500,11.8667
85414,Kirchdorf an der Amper,48.4667,11.6500
85416,Langenbach,48.4333,11.8500
85417,Marzling,48.4090,11.7938
85419,Mauern,48.5167,11.9000
85435,Erding,48.3060,11.9069
85445,Oberding,48.3167,11.8500
85447,Fraunberg,48.3667,12.0000
85452,Moosinning,48.2771,11.8445
85456,Wartenberg,48.4060,11.9886
85457,Wörth,48.2453,11.9021
85459,Berglern,48.3841,11.9301
85461,Bockhorn,48.3147,11.9869
85462,Eitting,48.3596,11.8911
85464,Finsing,48.2162,11.8241
85465,Langenpreising,48.4257,11.9722
85467,Neuching,48.2333,11.8500
85469,Walpertskirchen,48.2584,11.9753
85521,Ottobrunn,48.0649,11.6633
85540,Haar,48.1088,11.7265
85551,Kirchheim bei München,48.1766,11.7556
85560,Ebersberg,48.0771,11.9706
85567,Grafing bei München,48.0336,11.9379
85570,Ottenhofen,48.2031,11.8762
85577,Universität der Bundeswehr München,48.0803,11.6382
85579,Neubiberg,48.0771,11.6581
85586,Poing,48.1700,11.8186
85591,Vaterstetten,48.1054,11.7682
85598,Baldham,48.1148,11.7959
85599,Parsdorf,48.1422,11.7880
85604,Zorneding,48.0843,11.8245
85608,Allianz Global Assistance International S.A. Deutschland,48.1459,11.6815
85609,Aschheim,48.1711,11.7167
85614,Kirchseeon,48.0714,11.8888
85617,Aßling,47.9930,12.0064
85622,Feldkirchen,48.1481,11.7310
85625,Glonn,47.9688,11.8836
85630,Grasbrunn,48.0791,11.7436
85635,Höhenkirchen-Siegertsbrunn,48.0193,11.7191
85639,München,48.0751,11.7230
85640,Putzbrunn,48.0758,11.7157
85643,Steinhöring,48.0868,12.0314
85646,Anzing,48.1517,11.8533
85649,Brunnthal,48.0065,11.6840
85652,Pliening,48.1956,11.8007
85653,Aying,47.9701,11.7775
85655,Loibersdorf bei Großhelfendorf,47.9602,11.8366
85656,Buch am Buchrain,48.2151,11.9951
85658,Egmating,48.0041,11.7953
85659,Forstern,48.1834,11.9772
85661,Forstinning,48.1687,11.9124
85662,Hohenbrunn,48.0478,11.7022
85664,Hohenlinden,48.1561,11.9946
85665,Moosach,48.0321,11.8751
85667,Oberpframmern,48.0220,11.8133
85669,Pastetten,48.1991,11.9437
85711,Stadt Unterschleißheim,48.2781,11.5803
85716,Unterschleißheim,48.2804,11.5768
85736,München,48.2393,11.6650
85737,Ismaning,48.2333,11.6833
85746,München,48.2501,11.6289
85747,Stadtverwaltung Garching b. München,48.2537,11.6421
85748,Garching bei München,48.2490,11.6510
85757,Karlsfeld,48.2167,11.4667
85761,Helmholtz Zentrum München,48.2212,11.5890
85762,Landesuntersuchungsamt für das Gesundheitswesen Südbayern,48.2352,11.5686
85764,Oberschleißheim,48.2500,11.5667
85769,München,48.1877,11.6462
85770,München,48.1877,11.6462
85773,Hollister Inc. NL Deutschland,48.1895,11.6471
85774,Unterföhring,48.1925,11.6429
85777,Fahrenzhausen,48.3532,11.5552
85778,Haimhausen,48.3155,11.5545
85821,Techniker Krankenkasse,48.3321,11.7410
86121,HUK-Coburg,48.3648,10.8903
86130,Kreisfreie Stadt Augsburg,48.3636,10.8883
86131,Kreisfreie Stadt Augsburg,48.3472,10.8840
86132,Berufsgenossenschaft Energie Textil Elektro Medienerzeugnisse,48.3727,10.9091
86133,Kreisfreie Stadt Augsburg,48.3957,10.9197
86134,AOK Bayern - Die Gesundheitskasse Direktion Augsburg,48.3680,10.8901
86135,Finanzamt Augsburg-Stadt,48.3913,10.6660
86136,Deutsch-Japanische Gesellschaft,48.3629,10.8941
86140,Haus St. Ulrich Tagungs- u.Seelsorge- zentrum der Diözese Augsburg KdöR,48.3611,10.8998
86141,Diözese Augsburg K.d.ö.R,48.3736,10.8964
86142,Amtsgericht Augsburg,48.3688,10.8921
86143,Stadt Augsburg,48.3683,10.8981
86144,Finanzamt Augsburg-Land,48.3685,10.8848
86145,Regierung von Schwaben,48.3722,10.8943
86147,Landesamt für Finanzen-Dienstst.Augsburg Bezügestelle Besoldung / Arbeitnehmer,48.3709,10.8996
86150,Augsburg,48.3673,10.8921
86152,Augsburg,48.3718,10.8925
86153,Augsburg,48.3664,10.9034
86154,Augsburg,48.3932,10.8814
86156,Augsburg,48.3815,10.8548
86157,Augsburg,48.3643,10.8761
86159,Augsburg,48.3509,10.8950
86161,Augsburg,48.3505,10.9133
86163,Augsburg,48.3553,10.9431
86165,Augsburg,48.3822,10.9337
86167,Augsburg,48.3877,10.9161
86169,Augsburg,48.4050,10.9061
86177,Bayerisches Landesamt für Umwelt,48.3267,10.9030
86179,Augsburg,48.3109,10.9001
86197,Staatsanwaltschaft Augsburg,48.3501,10.8788
86199,Augsburg,48.3291,10.8578
86216,Handwerkskammer für Schwaben,48.3495,10.9172
86218,Agentur für Arbeit Augsburg,48.3771,10.8863
86219,Kreisfreie Stadt Augsburg,48.3819,10.8880
86220,Kreisfreie Stadt Augsburg,48.3394,10.8843
86221,Kreisfreie Stadt Augsburg,48.3953,10.8785
86222,Kreisfreie Stadt Augsburg,48.3660,10.8915
86223,Deutsche Rentenversicherung Schwaben,48.3872,10.8833
86225,Augsburg,48.4116,10.8659
86226,BARMER,48.3629,10.8954
86313,Stadt Friedberg,48.3551,10.9778
86316,Friedberg,48.3569,10.9846
86343,Königsbrunn,48.2751,10.8918
86356,Neusäß,48.3925,10.8333
86368,Gersthofen,48.4243,10.8727
86379,Amt für Ländliche Entwicklung Schwaben,48.2457,10.3600
86381,Krumbach,48.2418,10.3632
86391,Stadtbergen,48.3664,10.8464
86397,Augsburg,48.2638,10.8193
86399,Bobingen,48.2709,10.8339
86405,Meitingen,48.5459,10.8518
86415,Mering,48.2656,10.9846
86420,Diedorf,48.3532,10.7821
86424,Dinkelscherben,48.3483,10.5889
86436,Aichach-Friedberg,48.2940,10.9637
86438,Kissing,48.3038,10.9709
86441,Zusmarshausen,48.4001,10.5992
86444,Affing,48.4667,10.9833
86447,Todtenweis,48.5153,10.9408
86450,Altenmünster,48.4650,10.5906
86453,Dasing,48.3848,11.0467
86456,Gablingen,48.4500,10.8167
86459,Gessertshausen,48.3290,10.7328
86462,Langweid am Lech,48.4833,10.8500
86465,Heretsried,48.4574,10.6985
86469,Günzburg,48.2901,10.4561
86470,Thannhausen,48.2833,10.4692
86473,Ziemetshausen,48.2924,10.5350
86476,Neuburg an der Kammel,48.3028,10.3613
86477,Adelsried,48.4246,10.7183
86479,Aichen,48.2290,10.5395
86480,Aletshausen,48.1945,10.3767
86482,Aystetten,48.4056,10.7774
86483,Balzhausen,48.2423,10.4937
86485,Biberbach,48.5178,10.8114
86486,Bonstetten,48.4400,10.7053
86488,Breitenthal,48.2378,10.2995
86489,Deisenhausen,48.2555,10.3270
86491,Ebershausen,48.2055,10.3156
86492,Egling an der Paar,48.1833,10.9833
86494,Emersacker,48.4897,10.6738
86495,Eurasburg,48.3333,11.0833
86497,Horgau,48.3951,10.6828
86498,Kettershausen,48.1833,10.2667
86500,Kutzenhausen,48.3420,10.6946
86502,Laugna,48.5333,10.7000
86504,Merching,48.2459,10.9853
86505,Münsterhausen,48.3097,10.4550
86507,Kleinaitingen,48.2279,10.8634
86508,Rehling,48.4833,10.9333
86510,Ried,48.2901,11.0438
86511,Schmiechen,48.2167,10.9667
86513,Ursberg,48.2643,10.4459
86514,Ustersbach,48.3167,10.6500
86517,Wehringen,48.2500,10.8000
86519,Wiesenbach,48.2667,10.3333
86529,Schrobenhausen,48.5607,11.2607
86551,Aichach,48.4576,11.1341
86554,Pöttmes,48.5838,11.0876
86556,Kühbach,48.4910,11.1869
86558,Hohenwart,48.5935,11.3827
86559,Adelzhausen,48.3567,11.1385
86561,Aresing,48.5333,11.3000
86562,Berg im Gau,48.6333,11.2500
86564,Brunnen,48.6290,11.3092
86565,Gachenbach,48.5000,11.2333
86567,Hilgertshausen-Tandern,48.4296,11.3543
86568,Hollenbach,48.4833,11.0667
86570,Inchenhofen,48.5129,11.1146
86571,Langenmosen,48.6066,11.2138
86573,Obergriesbach,48.4230,11.0685
86574,Petersdorf,48.5167,11.0333
86576,Schiltberg,48.4629,11.2488
86577,Sielenbach,48.4000,11.1667
86579,Waidhofen,48.5768,11.3354
86606,Agentur für Arbeit Donauwörth,48.7153,10.7887
86607,Raiffeisen - Volksbank Donauwörth eG,48.7172,10.7782
86609,Donauwörth,48.7180,10.7793
86633,Neuburg an der Donau,48.7322,11.1871
86637,Wertingen,48.5631,10.6815
86640,Donau-Ries,48.6904,10.9139
86641,Rain,48.6903,10.9161
86643,Rennertshofen,48.7594,11.0454
86646,Erwin Müller,48.6053,10.7277
86647,Buttenwiesen,48.6000,10.7167
86650,Wemding,48.8746,10.7245
86652,Donau-Ries,48.8469,10.8593
86653,Monheim,48.8178,10.8815
86655,Harburg,48.7867,10.6893
86657,Bissingen,48.7169,10.6177
86660,Tapfheim,48.6732,10.6838
86663,Asbach-Bäumenheim,48.6833,10.8167
86666,Burgheim,48.7004,11.0160
86668,Karlshuld,48.6819,11.2850
86669,Königsmoos,48.6667,11.2167
86672,Thierhaupten,48.5653,10.9086
86673,Bergheim,48.7606,11.2574
86674,Baar,48.5833,10.9667
86675,Buchdorf,48.7833,10.8333
86676,Ehekirchen,48.6333,11.1000
86678,Ehingen,48.6000,10.8000
86679,Ellgau,48.6000,10.8667
86681,Fünfstetten,48.8321,10.7654
86682,Genderkingen,48.7000,10.8833
86684,Holzheim,48.6112,10.9484
86685,Huisheim,48.8251,10.7033
86687,Kaisheim,48.7675,10.7964
86688,Marxheim,48.7415,10.9450
86690,Mertingen,48.6570,10.8056
86692,Münster,48.6225,10.9017
86694,Niederschönenfeld,48.7167,10.9333
86695,Allmannshofen,48.6037,10.8206
86697,Oberhausen,48.7220,11.1115
86698,Oberndorf am Lech,48.6667,10.8667
86700,Otting,48.8725,10.8002
86701,Rohrenfels,48.6865,11.1562
86703,Rögling,48.8500,10.9500
86704,Tagmersheim,48.8167,10.9667
86706,Weichering,48.7171,11.3214
86707,Westendorf,48.5694,10.8286
86709,Wolferstadt,48.9035,10.7813
86720,Nördlingen,48.8512,10.4887
86732,Oettingen in Bayern,48.9527,10.6046
86733,Alerheim,48.8500,10.6167
86735,Forheim,48.7462,10.4678
86736,Auhausen,49.0079,10.6224
86738,Deiningen,48.8667,10.5667
86739,Ederheim,48.8083,10.4661
86741,Ehingen am Ries,48.9642,10.5543
86742,Fremdingen,48.9724,10.4575
86744,Hainsfarth,48.9584,10.6249
86745,Hohenaltheim,48.7840,10.5349
86747,Maihingen,48.9275,10.4987
86748,Marktoffingen,48.9257,10.4708
86750,Megesheim,48.9333,10.6500
86751,Mönchsdeggingen,48.7760,10.5804
86753,Möttingen,48.8092,10.5902
86754,Munningen,48.9167,10.6000
86756,Reimlingen,48.8167,10.5167
86757,Wallerstein,48.8874,10.4759
86759,Wechingen,48.8923,10.6133
86807,Buchloe,48.0372,10.7255
86825,Bad Wörishofen,48.0067,10.5967
86830,Schwabmünchen,48.1793,10.7568
86833,Ettringen,48.1000,10.6500
86836,Obermeitingen,48.1627,10.8163
86842,Türkheim,48.0640,10.6416
86845,Großaitingen,48.2275,10.7795
86850,Fischach,48.2905,10.6559
86853,Langerringen,48.1459,10.7589
86854,Amberg,48.0667,10.6833
86856,Hiltenfingen,48.1609,10.7175
86857,Hurlach,48.1184,10.8111
86859,Igling,48.0667,10.8000
86860,Jengen,47.9993,10.7257
86862,Lamerdingen,48.0920,10.7398
86863,Langenneufnach,48.2667,10.6000
86865,Markt Wald,48.1368,10.5820
86866,Mickhausen,48.2417,10.6403
86868,Mittelneufnach,48.1764,10.5975
86869,Oberostendorf,47.9436,10.7427
86871,Rammingen,48.0667,10.5833
86872,Scherstetten,48.1803,10.6401
86874,Tussenhausen,48.1022,10.5607
86875,Waal,47.9968,10.7779
86877,Walkertshofen,48.2261,10.5884
86879,Wiedergeltingen,48.0395,10.6741
86894,Landsberg am Lech,48.0661,10.8589
86895,Landsberg am Lech,48.0661,10.8589
86896,Finanzamt Landsberg am Lech,48.0499,10.8717
86899,Landsberg am Lech,48.0482,10.8828
86911,Dießen am Ammersee,47.9508,11.1031
86915,Hilti,48.0847,10.8604
86916,Kaufering,48.0912,10.8791
86919,Utting am Ammersee,48.0261,11.0861
86920,Denklingen,47.9167,10.8500
86922,Eresing,48.0870,11.0239
86923,Finning,48.0222,11.0110
86925,Fuchstal,47.9333,10.8167
86926,Greifenberg,48.0706,11.0835
86928,Hofstetten,48.0085,10.9711
86929,Penzing,48.0748,10.9274
86931,Prittriching,48.2007,10.9280
86932,Pürgen,48.0247,10.9221
86934,Reichling,47.9228,10.9285
86935,Rott,47.9047,10.9729
86937,Scheuring,48.1677,10.8957
86938,Schondorf am Ammersee,48.0530,11.0914
86940,Schwifting,48.0456,10.9276
86941,Sankt Ottilien,48.0957,11.0452
86943,Thaining,47.9730,10.9577
86944,Unterdießen,47.9833,10.8333
86946,Vilgertshofen,47.9500,10.9167
86947,Weil,48.1172,10.9216
86949,Windach,48.0667,11.0333
86956,Schongau,47.8124,10.8966
86971,Peiting,47.7955,10.9295
86972,Altenstadt,47.8236,10.8747
86974,Apfeldorf,47.9000,10.9333
86975,Bernbeuren,47.7370,10.7771
86977,Burggen,47.7769,10.8172
86978,Hohenfurch,47.8500,10.9000
86980,Ingenried,47.8167,10.7833
86981,Kinsau,47.8833,10.9167
86983,Lechbruck,47.7016,10.7949
86984,Prem,47.6833,10.8000
86986,Schwabbruck,47.8250,10.8362
86987,Schwabsoien,47.8333,10.8333
86989,Steingaden,47.7000,10.8667
87428,Agentur für Arbeit Kempten,47.7322,10.3159
87432,Finanzamt,47.7292,10.3162
87435,Kempten,47.7184,10.3132
87437,Kempten,47.7229,10.3288
87439,Kempten,47.7177,10.2989
87443,Kreisfreie Stadt Kempten,47.7603,10.3229
87448,Waltenhofen,47.6732,10.3070
87452,Altusried,47.8041,10.2143
87459,Pfronten,47.5822,10.5496
87463,Dietmannsried,47.8079,10.2895
87466,Oy-Mittelberg,47.6333,10.4333
87471,Durach,47.6944,10.3445
87474,Buchenberg,47.6959,10.2393
87477,Sulzberg,47.6603,10.3499
87480,Weitnau,47.6417,10.1273
87484,Nesselwang,47.6234,10.5024
87487,Wiggensbach,47.7478,10.2299
87488,Betzigau,47.7333,10.3833
87490,Haldenwang,47.8000,10.3500
87491,Jungholz,47.5741,10.4472
87493,Lauben,47.7833,10.3000
87494,Rückholz,47.6667,10.5500
87496,Untrasried,47.8333,10.3833
87497,Wertach,47.6030,10.4097
87499,Wildpoldsried,47.7667,10.4000
87509,Immenstadt im Allgäu,47.5600,10.2139
87527,Ofterschwang,47.5091,10.2580
87534,Oberstaufen,47.5557,10.0224
87538,Obermaiselstein,47.4611,10.2096
87541,Bad Hindelang,47.5062,10.3723
87544,Blaichach,47.5421,10.2585
87545,Burgberg im Allgäu,47.5355,10.2849
87547,Missen-Wilhams,47.6000,10.1167
87549,Rettenberg,47.5743,10.2917
87561,Oberstdorf,47.4072,10.2794
87600,Kaufbeuren,47.8824,10.6219
87616,Marktoberdorf,47.7512,10.5877
87629,Füssen,47.5714,10.7017
87634,Obergünzburg,47.8352,10.4268
87637,Seeg,47.6319,10.6036
87640,Biessenhofen,47.8306,10.6402
87642,Halblech,47.6316,10.8202
87645,Schwangau,47.5604,10.7721
87647,Kraftisried,47.7754,10.4877
87648,Aitrang,47.8167,10.5333
87650,Baisweil,47.9444,10.5401
87651,Bidingen,47.8297,10.7262
87653,Eggenthal,47.9167,10.5167
87654,Friesenried,47.8748,10.5346
87656,Germaringen,47.9232,10.6721
87657,Görisried,47.7067,10.5101
87659,Hopferau,47.6167,10.6333
87660,Irsee,47.9082,10.5718
87662,Kaltental,47.8916,10.7500
87663,Lengenwang,47.7000,10.6000
87665,Mauerstetten,47.8936,10.6713
87666,Pforzen,47.9300,10.6136
87668,Rieden,47.9500,10.6500
87669,Rieden am Forggensee,47.6167,10.7167
87671,Ronsberg,47.8958,10.4157
87672,Roßhaupten,47.6500,10.7167
87674,Ruderatshofen,47.8167,10.5833
87675,Rettenbach am Auerberg,47.7563,10.7194
87677,Stöttwang,47.8833,10.7167
87679,Westendorf,47.9333,10.7167
87697,Kreisfreie Stadt Memmingen,48.0035,10.1765
87700,Memmingen,47.9837,10.1853
87719,Mindelheim,48.0458,10.4922
87724,Ottobeuren,47.9413,10.2997
87727,Babenhausen,48.1450,10.2533
87730,Bad Grönenbach,47.8771,10.2221
87733,Markt Rettenbach,47.9473,10.3961
87734,Benningen,47.9667,10.2167
87736,Böhen,47.8833,10.3000
87737,Boos,48.0752,10.1952
87739,Breitenbrunn,48.1333,10.4000
87740,Buxheim,48.0000,10.1333
87742,Dirlewang,48.0093,10.5015
87743,Egg an der Günz,48.0871,10.2849
87745,Eppishausen,48.1667,10.5167
87746,Erkheim,48.0373,10.3357
87748,Fellheim,48.0728,10.1522
87749,Hawangen,47.9667,10.2667
87751,Heimertingen,48.0333,10.1500
87752,Holzgünz,48.0250,10.2590
87754,Kammlach,48.0500,10.4167
87755,Kirchhaslach,48.1504,10.3102
87757,Kirchheim in Schwaben,48.1870,10.4661
87758,Kronburg,47.9043,10.1572
87760,Lachen,47.9459,10.2394
87761,Lauben,48.0593,10.2901
87763,Lautrach,47.8982,10.1178
87764,Legau,47.8563,10.1298
87766,Memmingerberg,47.9880,10.2229
87767,Niederrieden,48.0576,10.1832
87769,Oberrieden,48.0889,10.4261
87770,Oberschönegg,48.1085,10.2985
87772,Pfaffenhausen,48.1188,10.4550
87773,Pleß,48.1000,10.1500
87775,Salgen,48.1307,10.4789
87776,Sontheim,48.0070,10.3546
87778,Stetten,48.0238,10.4447
87779,Trunkelsberg,48.0000,10.2167
87781,Ungerhausen,48.0057,10.2667
87782,Unteregg,47.9667,10.4667
87784,Westerheim,48.0167,10.3000
87785,Winterrieden,48.1212,10.2258
87787,Wolfertschwenden,47.8935,10.2672
87789,Woringen,47.9167,10.2000
88038,Bodenseekreis,47.6607,9.4918
88039,Zoll- u. Außenwirtschaftszweckgem. Dornier Friedrichshafen GbR,47.6702,9.3924
88040,Bodenseekreis,47.6575,9.4720
88041,Finanzamt,47.6597,9.4719
88045,Friedrichshafen,47.6544,9.4726
88046,Friedrichshafen,47.6578,9.4852
88048,Friedrichshafen,47.6727,9.4299
88069,Tettnang,47.6686,9.5913
88074,Meckenbeuren,47.7000,9.5667
88079,Kressbronn am Bodensee,47.5976,9.5971
88085,Langenargen,47.5986,9.5416
88086,Immenstaad am Bodensee,47.6650,9.3590
88090,Immenstaad am Bodensee,47.6653,9.3590
88094,Oberteuringen,47.7241,9.4698
88097,Eriskirch,47.6248,9.5420
88099,Neukirch,47.6574,9.7033
88129,Köppel Versandhaus für biolog. Produkte,47.5518,9.7034
88131,Bodolz,47.5584,9.6876
88138,Sigmarszell,47.5938,9.7586
88142,Wasserburg (Bodensee),47.5667,9.6333
88145,Hergatz,47.6416,9.8333
88147,Achberg,47.6333,9.7167
88149,Nonnenhorn,47.5739,9.6104
88161,Lindenberg im Allgäu,47.6028,9.8855
88167,Maierhöfen,47.6277,10.0057
88171,Weiler-Simmerberg,47.5826,9.9135
88175,Scheidegg,47.5814,9.8483
88178,Heimenkirch,47.6296,9.9030
88179,Oberreute,47.5630,9.9445
88209,Berufsakademie,47.7870,9.6166
88212,Ravensburg,47.7815,9.6183
88213,Ravensburg,47.7715,9.5575
88214,Ravensburg,47.7814,9.6118
88225,Ravensburg,47.8204,9.6370
88226,Ravensburg,47.7814,9.6053
88237,Stadtverwaltung,47.6894,9.8297
88239,Wangen im Allgäu,47.6895,9.8325
88248,MVZ Labor Ravensburg GbR,47.7986,9.6292
88250,Weingarten,47.8101,9.6386
88255,Baienfurt,47.8393,9.6592
88260,Argenbühl,47.6667,9.9333
88263,Horgenzell,47.8000,9.5000
88267,Vogt,47.7667,9.7667
88271,Wilhelmsdorf,47.8661,9.4262
88273,Fronreute,47.8667,9.5833
88276,Berg,47.8167,9.6000
88279,Amtzell,47.7000,9.7500
88281,Schlier,47.7700,9.6735
88284,Wolpertswende,47.8947,9.6120
88285,Bodnegg,47.7101,9.6884
88287,Grünkraut,47.7442,9.6559
88289,Waldburg,47.7571,9.7134
88297,Bürgermeisteramt,48.1865,10.3785
88299,Leutkirch im Allgäu,47.8267,10.0205
88315,Argentalklinik II Fachklinik für konservative Orthopädie u. Rheumatologie,47.6985,10.0365
88316,Isny im Allgäu,47.6926,10.0386
88317,Aichstetten,47.8930,10.0784
88319,Aitrach,47.9333,10.0833
88326,Aulendorf,47.9508,9.6374
88336,Ravensburg,47.9307,9.7590
88339,Bad Waldsee,47.9203,9.7549
88348,Allmannsweiler,48.0204,9.5486
88353,Kißlegg,47.7889,9.8838
88356,Ostrach,47.9500,9.3833
88361,Eichstegen,47.9476,9.5166
88364,Wolfegg,47.8203,9.7949
88367,Hohentengen,48.0295,9.3774
88368,Bergatreute,47.8500,9.7500
88370,Ebenweiler,47.9000,9.5167
88371,Ebersbach-Musbach,47.9667,9.5833
88373,Fleischwangen,47.8833,9.4833
88374,Hoßkirch,47.9500,9.4500
88376,Königseggwald,47.9333,9.4167
88377,Riedhausen,47.9093,9.4285
88379,Guggenhausen,47.9000,9.4583
88396,Landratsamt,48.0978,9.7934
88397,Biberach,48.1105,9.7982
88400,Biberach an der Riß,48.0971,9.8016
88410,Bad Wurzach,47.9080,9.8969
88416,Erlenmoos,48.0508,9.9642
88422,Moosburg,48.0838,9.6072
88427,Bad Schussenried Dunzenhausen,48.0117,9.6704
88430,Rot an der Rot,48.0130,10.0303
88433,Schemmerhofen,48.1702,9.7943
88436,Eberhardzell,47.9993,9.8720
88437,Maselheim,48.1333,9.8833
88441,Mittelbiberach,48.0833,9.7500
88444,Ummendorf,48.0667,9.8333
88447,Warthausen,48.1286,9.7975
88448,Attenweiler,48.1333,9.7000
88450,Berkheim,48.0426,10.0823
88451,Dettingen an der Iller,48.1000,10.1167
88453,Erolzheim,48.0900,10.0730
88454,Hochdorf,48.0256,9.7878
88456,Ingoldingen,48.0255,9.7420
88457,Kirchdorf an der Iller,48.0833,10.1333
88459,Tannheim,48.0000,10.0833
88471,Laupheim,48.2279,9.8787
88477,Schwendi,48.1742,9.9754
88480,Achstetten,48.2589,9.8975
88481,Balzheim,48.1833,10.0833
88483,Burgrieden,48.2333,9.9333
88484,Gutenzell-Hürbel,48.1167,9.9833
88486,Kirchberg an der Iller,48.1333,10.0833
88487,Mietingen,48.1833,9.9000
88489,Wain,48.1890,10.0209
88498,Biberach,48.1469,9.4838
88499,Emeringen,48.1779,9.4803
88512,Mengen,48.0495,9.3301
88515,Langenenslingen,48.1485,9.3776
88518,Herbertingen,48.0667,9.4333
88521,Ertingen,48.1000,9.4667
88524,Uttenweiler,48.1500,9.6167
88525,Dürmentingen,48.1167,9.5333
88527,Unlingen,48.1673,9.5222
88529,Zwiefalten,48.2340,9.4623
88605,Sauldorf,47.9691,9.1116
88629,Sigmaringen,47.9216,9.2541
88630,Pfullendorf,47.9261,9.2578
88631,Beuron,48.0500,8.9667
88633,Heiligenberg,47.8209,9.3128
88634,Herdwangen-Schönach,47.8500,9.2000
88636,Illmensee,47.8623,9.3724
88637,Buchheim,48.0265,8.9995
88639,Wald,47.9333,9.1667
88660,AOK - Die Gesundheitskasse Bodenseekreis,47.7630,9.1686
88662,Überlingen,47.7698,9.1714
88677,Markdorf,47.7192,9.3903
88682,Salem,47.7626,9.2903
88690,Uhldingen-Mühlhofen,47.7333,9.2500
88693,Deggenhausertal,47.8000,9.4000
88696,Owingen,47.8097,9.1717
88697,Bermatingen,47.7333,9.3500
88699,Frickingen,47.8144,9.2735
88709,Meersburg,47.6805,9.2939
88718,Daisendorf,47.7126,9.2678
88719,Stetten,47.6901,9.2986
89040,Ulm,48.4170,9.9640
89065,Agentur für Arbeit Ulm,48.4016,10.0030
89068,Ulm,48.4281,9.9851
89069,Universität Ulm,48.4236,9.9540
89070,Ulmer Volksbank,48.3890,9.9727
89073,Ulm,48.4015,9.9927
89075,Ulm,48.4171,9.9635
89077,Ulm,48.3981,9.9700
89079,Ulm,48.3568,9.9601
89081,Ulm,48.4425,9.9856
89090,Neu-Ulm,48.3847,10.0377
89129,Nerenstetten,48.5230,10.1239
89134,Blaustein,48.4181,9.9106
89143,Blaubeuren,48.4203,9.7843
89150,Laichingen Suppingen,48.4800,9.6926
89155,Erbach,48.3284,9.8875
89160,Dornstadt,48.4910,9.8983
89165,Dietenheim,48.2107,10.0716
89168,Niederstotzingen,48.5413,10.2351
89171,Illerkirchberg,48.3167,10.0167
89173,Lonsee,48.5434,9.9200
89174,Altheim (Alb),48.5833,10.0333
89176,Asselfingen,48.5296,10.1917
89177,Ballendorf,48.5465,10.0701
89179,Beimerstetten,48.4833,9.9833
89180,Berghülen,48.4681,9.7786
89182,Bernstadt,48.4996,10.0258
89183,Holzkirch,48.5242,9.9938
89185,Hüttisheim,48.2797,9.9425
89186,Illerrieden,48.2702,10.0515
89188,Merklingen,48.5214,9.7342
89189,Neenstetten,48.5468,10.0197
89191,Nellingen Aichen,48.5376,9.8096
89192,Rammingen,48.5181,10.1720
89194,Schnürpflingen,48.2728,9.9929
89195,Staig,48.3000,9.9914
89197,Weidenstetten,48.5525,9.9961
89198,Westerstetten,48.5192,9.9549
89229,Landratsamt,48.3998,10.0154
89231,Neu-Ulm,48.4000,10.0167
89233,Neu-Ulm,48.4000,10.0167
89250,Senden,48.3244,10.0444
89257,Illertissen,48.2234,10.1035
89264,Weißenhorn,48.3050,10.1605
89269,Vöhringen,48.2784,10.0824
89275,Elchingen,48.4500,10.1000
89278,Nersingen,48.4283,10.1236
89281,Altenstadt,48.1603,10.1144
89284,Pfaffenhofen an der Roth,48.3545,10.1618
89287,Bellenberg,48.2573,10.0909
89290,Buch,48.2248,10.1805
89291,Holzheim,48.3833,10.1000
89293,Kellmünz,48.1216,10.1281
89294,Oberroth,48.1758,10.1891
89296,Osterberg,48.1500,10.1667
89297,Roggenburg,48.2759,10.2314
89299,Unterroth,48.1956,10.1711
89312,Günzburg,48.4560,10.2770
89331,Burgau,48.4316,10.4099
89335,Ichenhausen,48.3712,10.3071
89340,Leipheim,48.4500,10.2228
89343,Jettingen-Scheppach,48.3896,10.4381
89344,Aislingen,48.5065,10.4578
89346,Bibertal,48.4000,10.2000
89347,Bubesheim,48.4333,10.2500
89349,Burtenbach,48.3405,10.4528
89350,Dürrlauingen,48.4667,10.4286
89352,Ellzee,48.3397,10.3189
89353,Glött,48.5000,10.4833
89355,Gundremmingen,48.5000,10.4000
89356,Haldenwang,48.4376,10.4482
89358,Kammeltal,48.3833,10.3667
89359,Kötz,48.4167,10.2833
89361,Landensberg,48.4344,10.5242
89362,Offingen,48.4826,10.3625
89364,Rettenbach,48.4588,10.3524
89365,Röfingen,48.4244,10.4427
89367,Waldstetten,48.3481,10.2938
89368,Winterbach,48.4667,10.4833
89407,Dillingen an der Donau,48.5815,10.4953
89415,Lauingen (Donau),48.5654,10.4297
89420,Höchstädt an der Donau,48.6112,10.5682
89423,Gundelfingen an der Donau,48.5510,10.3689
89426,Wittislingen,48.6313,10.4245
89428,Syrgenstein,48.6612,10.3100
89429,Bachhagel,48.6322,10.3205
89431,Bächingen an der Brenz,48.5463,10.3128
89432,Binswangen,48.5580,10.6425
89434,Blindheim,48.6314,10.6199
89435,Finningen,48.6545,10.4986
89437,Haunsheim,48.5998,10.3740
89438,Holzheim,48.5142,10.5306
89440,Lutzingen,48.6500,10.5500
89441,Medlingen,48.5703,10.3161
89443,Schwenningen,48.6500,10.6500
89444,Villenbach,48.5089,10.6147
89446,Ziertheim,48.6524,10.3988
89447,Zöschingen,48.6736,10.3252
89449,Zusamaltheim,48.5310,10.6356
89516,Industrie- und Handelskammer (IHK),48.6834,10.1589
89517,SBK-Siemens-Betriebskrankenkasse,48.6743,10.1550
89518,Heidenheim an der Brenz,48.6785,10.1413
89520,Heidenheim an der Brenz,48.6873,10.1601
89522,Heidenheim an der Brenz,48.6833,10.1500
89537,Giengen an der Brenz,48.5887,10.2058
89542,Herbrechtingen,48.6217,10.1760
89547,Gerstetten,48.6225,10.0198
89551,Königsbronn,48.7432,10.1119
89555,Steinheim am Albuch,48.6909,10.0638
89558,Böhmenkirch,48.6833,9.9333
89561,Dischingen,48.7000,10.3667
89564,Nattheim,48.6996,10.2421
89567,Sontheim an der Brenz,48.5524,10.2910
89568,Hermaringen,48.5954,10.2607
89582,Alb-Donau-Kreis,48.2822,9.7198
89584,Lauterach,48.2713,9.6339
89597,Hausen am Bussen,48.2168,9.6375
89601,Schelklingen,48.3758,9.7327
89604,Allmendingen,48.3305,9.7242
89605,Altheim,48.3280,9.7704
89607,Emerkingen,48.2119,9.6565
89608,Griesingen,48.2667,9.7833
89610,Oberdischingen,48.3000,9.8333
89611,Obermarchtal,48.2368,9.5591
89613,Grundsheim,48.1763,9.6795
89614,Öpfingen,48.2864,9.8026
89616,Rottenacker,48.2348,9.6896
89617,Untermarchtal,48.2392,9.6098
89619,Unterstadion,48.2031,9.6884
90051,Nuremberg,49.4456,11.0789
90290,Amazon,49.3894,11.1756
90291,Amazon,49.3894,11.1756
90292,Amazon,49.3894,11.1756
90293,Amazon,49.3894,11.1756
90300,Agentur für Arbeit Nürnberg,49.4455,11.0769
90310,Nuremberg,49.4288,11.1318
90311,Nuremberg,49.4278,11.0205
90312,HUK - Coburg,49.4478,11.0869
90313,Nuremberg,49.4642,11.1186
90316,Familienkasse Bayern-Nord,49.4541,11.0625
90317,BNP Paribas S.A. Niederlassung Deutschland,48.1449,11.4850
90318,BNP Paribas S.A. Niederlassung Deutschland,49.4483,11.0918
90319,Nuremberg,49.4380,11.0698
90321,Rechnungswesen & Controlling GHS,49.4580,11.0865
90324,Nuremberg,49.4542,11.0886
90325,Nuremberg,49.4511,11.0797
90327,Sparkasse Nürnberg,49.4445,11.0799
90328,Wasserwirtschaftsamt Nürnberg,49.4459,11.0886
90329,Foto-Quelle Schickedanz & Co.,49.4126,11.0777
90330,AOK,49.4468,11.0711
90331,Industrie- und Handelskammer Nürnberg für Mittelfranken,49.4526,11.0742
90332,HBG Terradur,49.4727,11.1000
90334,Nuremberg,49.4546,11.1187
90335,Nuremberg,49.4284,11.0453
90336,Zentrum Bayern Familie und Soziales Region Mittelfranken,49.4518,11.0589
90337,Nuremberg,49.4546,11.1187
90338,N-ERGIE Aktiengesellschaft,49.4482,11.0630
90339,Finanzamt Nürnberg-Süd,49.4459,11.0710
90340,Finanzamt Nürnberg-Nord,49.4626,11.0660
90341,Nuremberg,49.4589,11.0885
90344,Nuremberg,49.4587,11.0119
90345,Nuremberg,49.4276,11.0219
90346,Nuremberg,49.4546,11.1187
90347,Nuremberg,49.4487,11.0635
90351,Nuremberg,49.4542,11.0886
90352,Nuremberg,49.4235,11.1403
90353,Deutsche Post NL BRIEF Zentrale Nachbuchungsstelle,49.4229,11.1349
90356,Nuremberg,49.4691,11.0848
90357,Deutsche Telekom T-Com,49.4589,11.0885
90359,Nuremberg,49.4542,11.0886
90360,Oberlandesgericht,49.4496,11.0607
90402,Nürnberg,49.4504,11.0778
90403,Nürnberg,49.4541,11.0768
90408,Nürnberg,49.4678,11.0693
90409,Nürnberg,49.4478,11.0683
90411,Nürnberg,49.4897,11.1064
90419,Nürnberg,49.4639,11.0671
90425,Nürnberg,49.4732,11.0567
90427,Nürnberg,49.5178,11.0058
90429,Nürnberg,49.4599,11.0275
90431,Nürnberg,49.4453,11.0222
90439,Nürnberg,49.4358,11.0384
90441,Nürnberg,49.4324,11.0497
90443,Nürnberg,49.4460,11.0782
90449,Nürnberg,49.4177,11.0297
90451,Nürnberg,49.4072,11.0352
90453,Nürnberg,49.3834,11.0416
90455,Nürnberg,49.4478,11.0683
90457,Moorenbrunn,49.3984,11.1740
90459,Nürnberg,49.4403,11.0809
90461,Nürnberg,49.4361,11.0925
90469,Nürnberg,49.4092,11.0920
90471,Nürnberg,49.4170,11.1251
90473,Nürnberg,49.4044,11.1341
90475,Nürnberg,49.4075,11.1649
90478,Nürnberg,49.4430,11.0948
90480,Nürnberg,49.4371,11.1194
90482,Nürnberg,49.4640,11.1491
90489,Nürnberg,49.4586,11.0974
90491,Nürnberg,49.4741,11.1296
90499,Nuremberg,49.4229,11.1349
90511,Fürth,49.4382,10.9489
90513,Zirndorf,49.4424,10.9541
90518,Altdorf,49.3856,11.3573
90522,Oberasbach,49.4228,10.9577
90530,Wendelstein,49.3523,11.1507
90537,Feucht,49.3760,11.2143
90542,Eckental,49.5833,11.2500
90546,Fürth,49.4145,11.0143
90547,Stein bei Nürnberg,49.4060,10.9991
90552,Röthenbach an der Pegnitz,49.4830,11.2412
90556,Cadolzburg,49.4728,10.8666
90559,Burgthann,49.3520,11.3115
90562,Kalchreuth,49.5452,11.1445
90571,Schwaig,49.4695,11.2006
90574,Roßtal,49.3957,10.8885
90579,Langenzenn,49.4946,10.7923
90584,Allersberg,49.2513,11.2366
90587,Veitsbronn,49.5238,10.8855
90592,Schwarzenbruck,49.3578,11.2433
90596,Schwanstetten,49.3249,11.1227
90599,Dietenhofen,49.4000,10.6898
90602,Pyrbaum,49.2962,11.2866
90607,Rückersdorf,49.4976,11.2475
90610,Winkelhaid,49.3896,11.2989
90613,Großhabersdorf,49.4000,10.7833
90614,Ammerndorf,49.4233,10.8501
90616,Neuhof an der Zenn,49.4569,10.6455
90617,Puschendorf,49.5240,10.8319
90619,Trautskirchen,49.4581,10.5936
90725,Bayerisches Landesamt für Statistik und Datenverarbeitung,49.4687,11.0027
90742,Agentur für Arbeit Nebenstelle Fürth,49.4649,10.9958
90744,Finanzamt Fürth,49.4736,10.6748
90752,Quelle Kundenservice,49.4584,11.0405
90754,Quelle Shop,49.4699,11.0181
90762,Fürth,49.4706,10.9971
90763,Fürth,49.5069,10.9565
90765,Fürth,49.4830,11.0040
90766,Fürth,49.4865,10.9608
90768,Fürth,49.4954,10.9444
91048,Kreisfreie Stadt Erlangen,49.5938,11.0067
91050,Siemens Betriebskrankenkasse,49.5837,10.9999
91051,AOK Bayern GSt Erlangen,49.5796,11.0017
91052,Erlangen,49.5888,11.0098
91054,Erlangen,49.5960,11.0296
91056,Erlangen,49.5986,10.9675
91058,Erlangen,49.5500,11.0036
91060,Kreisfreie Stadt Erlangen,49.5909,11.0121
91072,Stadt Herzogenaurach,49.5724,10.8908
91074,Herzogenaurach,49.5680,10.8856
91077,Hetzles,49.6097,11.1346
91080,Marloffstein,49.6077,11.0638
91083,Baiersdorf,49.6581,11.0359
91085,Weisendorf,49.6228,10.8253
91086,Aurachtal,49.5833,10.8333
91088,Bubenreuth,49.6274,11.0172
91090,Effeltrich,49.6593,11.0932
91091,Großenseebach,49.6325,10.8748
91093,Heßdorf,49.6273,10.9100
91094,Langensendelbach,49.6405,11.0710
91096,Möhrendorf,49.6333,11.0000
91097,Oberreichenbach,49.5895,10.7689
91099,Poxdorf,49.6634,11.0708
91124,Drei-S-Werk,49.3262,11.0317
91125,Kreisfreie Stadt Schwabach,49.3242,11.0444
91126,Kammerstein,49.3082,11.0254
91152,Stadtverwaltung Roth,49.2412,11.0838
91154,Roth,49.2597,11.1457
91161,Hilpoltstein,49.1905,11.1906
91166,Georgensgmünd,49.1897,11.0167
91171,Greding,49.0470,11.3570
91174,Spalt,49.1755,10.9245
91177,Thalmässing,49.0883,11.2215
91180,Heideck,49.1337,11.1273
91183,Abenberg,49.2428,10.9640
91186,Büchenbach,49.2678,11.0589
91187,Röttenbach,49.1500,11.0333
91189,Rohr,49.3411,10.8898
91205,Stadt Lauf a. d. Pegnitz,49.5077,11.2832
91207,Lauf an der Pegnitz,49.5139,11.2825
91217,Hersbruck,49.5108,11.4315
91220,Schnaittach,49.5596,11.3433
91224,Pommelsbrunn,49.5044,11.5110
91227,Leinburg,49.4517,11.3100
91230,Happurg,49.4937,11.4712
91233,Neunkirchen am Sand,49.5246,11.3196
91235,Hartenstein,49.6069,11.5134
91236,Alfeld,49.4333,11.5500
91238,Engelthal,49.4608,11.4063
91239,Henfenfeld,49.4985,11.3906
91241,Kirchensittenbach,49.5560,11.4223
91242,Ottensoos,49.5095,11.3416
91244,Reichenschwand,49.5138,11.3727
91245,Simmelsdorf,49.5977,11.3390
91247,Vorra,49.5572,11.4942
91249,Weigendorf,49.4977,11.5687
91257,Pegnitz,49.7522,11.5419
91275,Auerbach in der Oberpfalz,49.6938,11.6210
91278,Pottenstein,49.7713,11.4078
91281,Kirchenthumbach,49.7487,11.7254
91282,Betzenstein,49.6817,11.4177
91284,Neuhaus an der Pegnitz,49.6280,11.5507
91286,Obertrubach,49.7000,11.3500
91287,Plech,49.6524,11.4693
91289,Schnabelwaid,49.8122,11.5827
91299,Sparkasse Forchheim,49.7190,11.0637
91301,Forchheim,49.7175,11.0588
91315,Höchstadt an der Aisch,49.7062,10.8133
91320,Ebermannstadt,49.7815,11.1817
91322,Gräfenberg,49.6443,11.2497
91325,Adelsdorf,49.7122,10.8950
91327,Gößweinstein,49.7690,11.3384
91330,Eggolsheim,49.7696,11.0570
91332,Heiligenstadt,49.8630,11.1719
91334,Hemhofen,49.6833,10.9333
91336,Heroldsbach,49.6934,10.9988
91338,Igensdorf,49.6232,11.2314
91341,Röttenbach,49.6643,10.9261
91344,Waischenfeld,49.8465,11.3481
91346,Wiesenttal,49.8000,11.2667
91347,Aufseß,49.8837,11.2269
91349,Egloffstein,49.7018,11.2575
91350,Gremsdorf,49.6951,10.8322
91352,Hallerndorf,49.7591,10.9795
91353,Hausen,49.6895,11.0322
91355,Hiltpoltstein,49.6607,11.3227
91356,Kirchehrenbach,49.7333,11.1500
91358,Kunreuth,49.6824,11.1433
91359,Leutenbach,49.7095,11.1722
91361,Pinzberg,49.6897,11.1021
91362,Pretzfeld,49.7545,11.1743
91364,Unterleinleiter,49.8230,11.1891
91365,Weilersbach,49.7500,11.1167
91367,Weißenohe,49.6309,11.2537
91369,Wiesenthau,49.7133,11.1356
91413,Neustadt an der Aisch,49.5795,10.6113
91438,Bad Windsheim,49.5027,10.4154
91443,Scheinfeld,49.6693,10.4655
91448,Emskirchen,49.5528,10.7128
91452,Wilhermsdorf,49.4831,10.7156
91456,Diespeck,49.6000,10.6333
91459,Markt Erlbach,49.4937,10.6527
91460,Baudenbach,49.6251,10.5360
91462,Dachsbach,49.6405,10.7065
91463,Dietersheim,49.5563,10.5407
91465,Ergersheim,49.5167,10.3333
91466,Gerhardshofen,49.6312,10.6913
91468,Gutenstetten,49.6167,10.6333
91469,Hagenbüchach,49.5333,10.7667
91471,Illesheim,49.4802,10.3817
91472,Ipsheim,49.5275,10.4818
91474,Langenfeld,49.6167,10.5167
91475,Lonnerstadt,49.6988,10.7671
91477,Markt Bibart,49.6479,10.4249
91478,Markt Nordheim,49.5909,10.3556
91480,Markt Taschendorf,49.7011,10.5556
91481,Münchsteinach,49.6394,10.5950
91483,Oberscheinfeld,49.7083,10.4342
91484,Sugenheim,49.6028,10.4356
91486,Uehlfeld,49.6708,10.7202
91487,Vestenbergsgreuth,49.6876,10.6516
91489,Wilhelmsdorf,49.5642,10.7372
91511,Staatsanwaltschaft,49.3014,10.5758
91520,Agentur für Arbeit Ansbach,49.3010,10.5652
91522,Ansbach,49.3048,10.5931
91541,Rothenburg ob der Tauber,49.3789,10.1871
91550,Dinkelsbühl,49.0694,10.3199
91555,Feuchtwangen,49.1629,10.3385
91560,Heilsbronn,49.3357,10.7874
91564,Neuendettelsau,49.2833,10.7833
91567,Herrieden,49.2378,10.5035
91572,Bechhofen,49.1631,10.5557
91575,Windsbach,49.2479,10.8265
91578,Leutershausen,49.2987,10.4119
91580,Petersaurach,49.3000,10.7500
91583,Diebach,49.2985,10.2274
91586,Lichtenau,49.2775,10.6867
91587,Adelshofen,49.4333,10.1667
91589,Aurach,49.2500,10.4167
91590,Bruckberg,49.3599,10.6992
91592,Buch am Wald,49.3302,10.3348
91593,Burgbernheim,49.4510,10.3239
91595,Burgoberbach,49.2333,10.5833
91596,Burk,49.1332,10.4789
91598,Colmberg,49.3548,10.4116
91599,Dentlein am Forst,49.1477,10.4231
91601,Dombühl,49.2535,10.2854
91602,Dürrwangen,49.1078,10.3850
91604,Flachslanden,49.4407,10.5224
91605,Gallmersgarten,49.4500,10.2667
91607,Gebsattel,49.3500,10.2000
91608,Geslau,49.3664,10.3153
91610,Insingen,49.3000,10.1667
91611,Lehrberg,49.3457,10.5110
91613,Marktbergel,49.4416,10.3636
91614,Mönchsroth,49.0185,10.3586
91616,Neusitz,49.3719,10.2256
91617,Oberdachstetten,49.4167,10.4333
91619,Obernzenn,49.4519,10.4667
91620,Ohrenbach,49.4706,10.2101
91622,Rügland,49.4000,10.5833
91623,Sachsen,49.2900,10.6597
91625,Schnelldorf,49.1705,10.2321
91626,Schopfloch,49.1192,10.3077
91628,Steinsfeld,49.4167,10.2167
91629,Weihenzell,49.3500,10.6167
91631,Wettringen,49.2579,10.1569
91632,Wieseth,49.1667,10.4833
91634,Wilburgstetten,49.0243,10.3950
91635,Windelsbach,49.4000,10.3000
91637,Wörnitz,49.2581,10.2418
91639,Wolframs-Eschenbach,49.2267,10.7277
91709,Kreiskrankenhaus,49.1141,10.7659
91710,Gunzenhausen,49.1166,10.7597
91717,Wassertrüdingen,49.0433,10.5991
91719,Heidenheim,49.0172,10.7435
91720,Absberg,49.1444,10.8810
91722,Arberg,49.1443,10.6172
91723,Dittenheim,49.0554,10.7920
91725,Ehingen,49.0868,10.5407
91726,Gerolfingen,49.0534,10.5115
91728,Gnotzheim,49.0598,10.7127
91729,Haundorf,49.1760,10.7712
91731,Langfurth,49.1011,10.4536
91732,Merkendorf,49.2036,10.7042
91734,Mitteleschenbach,49.2119,10.7978
91735,Muhr am See,49.1545,10.7184
91737,Ornbau,49.1762,10.6580
91738,Pfofeld,49.1059,10.8366
91740,Röckingen,49.0554,10.5595
91741,Theilenhofen,49.0822,10.8528
91743,Unterschwaningen,49.0798,10.6218
91744,Weiltingen,49.0388,10.4505
91746,Weidenbach,49.1982,10.6449
91747,Westheim,49.0000,10.6667
91749,Wittelshofen,49.0612,10.4812
91757,Treuchtlingen,48.9547,10.9083
91780,Amtsgericht Weißenburg i. Bay.,49.0325,10.9725
91781,Weißenburg in Bayern,49.0309,10.9722
91785,Pleinfeld,49.1047,10.9819
91788,Pappenheim,48.9338,10.9743
91790,Nennslingen,49.0421,11.1168
91792,Ellingen,49.0608,10.9678
91793,Alesheim,49.0465,10.8650
91795,Dollnstein,48.8683,11.0734
91796,Ettenstatt,49.0775,11.0554
91798,Höttingen,49.0626,11.0053
91799,Langenaltheim,48.8932,10.9311
91801,Markt Berolzheim,49.0096,10.8447
91802,Meinheim,49.0333,10.8167
91804,Mörnsheim,48.8701,11.0076
91805,Polsingen,48.9207,10.7115
91807,Solnhofen,48.8958,10.9956
91809,Wellheim,48.8197,11.0888
92219,Sieh an!,49.4444,11.8546
92224,Amberg,49.4429,11.8627
92226,Amberg-Sulzbach,49.3948,11.9781
92227,Schwandorf,49.3118,12.1058
92237,Sulzbach-Rosenberg,49.5013,11.7460
92240,Amberg-Sulzbach,49.5403,11.9437
92241,Amberg-Sulzbach,49.5403,11.9437
92242,Hirschau,49.5440,11.9462
92245,Kümmersbruck,49.4192,11.8883
92249,Vilseck,49.6148,11.8026
92253,Schnaittenbach,49.5469,12.0018
92256,Hahnbach,49.5339,11.8030
92259,Neukirchen bei Sulzbach-Rosenberg,49.5297,11.6259
92260,Ammerthal,49.4412,11.7618
92262,Birgland,49.4167,11.6333
92263,Ebermannsdorf,49.3938,11.9358
92265,Edelsfeld,49.5764,11.6959
92266,Ensdorf,49.3406,11.9359
92268,Etzelwang,49.5276,11.5860
92269,Fensterbach,49.4000,12.0500
92271,Freihung,49.6213,11.9082
92272,Freudenberg,49.4833,11.9833
92274,Gebenbach,49.5376,11.8720
92275,Hirschbach,49.5500,11.5333
92277,Hohenburg,49.2951,11.7991
92278,Illschwang,49.4500,11.6833
92280,Kastl,49.3696,11.6826
92281,Königstein,49.6085,11.6314
92283,Lauterhofen,49.3684,11.6029
92284,Poppenricht,49.4756,11.7978
92286,Rieden,49.3236,11.9421
92287,Schmidmühlen,49.2690,11.9243
92289,Ursensollen,49.4020,11.7550
92318,Neumarkt in der Oberpfalz,49.2803,11.4628
92331,Lupburg,49.1579,11.7373
92334,Berching,49.1069,11.4414
92339,Beilngries,49.0341,11.4739
92342,Freystadt,49.2001,11.3303
92345,Dietfurt an der Altmühl,49.0375,11.5839
92348,Berg bei Neumarkt in der Oberpfalz,49.3317,11.4403
92353,Postbauer-Heng,49.3053,11.3572
92355,Velburg,49.2515,11.6345
92358,Seubersdorf in der Oberpfalz,49.1571,11.6329
92360,Mühlhausen,49.1695,11.4466
92361,Berngau,49.2500,11.4000
92363,Breitenbrunn,49.0837,11.6198
92364,Deining,49.2256,11.5397
92366,Hohenfels,49.2040,11.8484
92367,Pilsach,49.3214,11.5031
92369,Sengenthal,49.2333,11.4667
92400,AOK Landesverband Bayern Die Gesundheitskasse Zentrale,48.0903,11.6444
92419,Finanzamt,49.3256,12.1113
92421,Schwandorf,49.3236,12.0993
92422,Agentur für Arbeit Schwandorf,49.3277,12.1097
92431,Neunburg vorm Wald,49.3478,12.3862
92436,Bruck in der Oberpfalz,49.2493,12.3071
92439,Bodenwöhr,49.2708,12.3015
92442,Wackersdorf,49.3167,12.1833
92444,Rötz,49.3432,12.5296
92445,Neukirchen-Balbini,49.2910,12.4364
92447,Schwarzhofen,49.3775,12.3449
92449,Steinberg,49.2833,12.1833
92507,Nabburg,49.4535,12.1800
92519,Schwandorf,49.4046,12.0921
92521,Schwarzenfeld,49.3877,12.1348
92526,Oberviechtach,49.4581,12.4167
92530,Schwandorf,49.5324,12.1358
92533,Wernberg-Köblitz,49.5393,12.1613
92536,Pfreimd,49.4984,12.2064
92539,Schönsee,49.5103,12.5476
92540,Altendorf,49.4055,12.2815
92542,Dieterskirchen,49.4167,12.4167
92543,Guteneck,49.4500,12.2833
92545,Niedermurach,49.4500,12.3761
92546,Schmidgaden,49.4234,12.0925
92548,Schwarzach bei Nabburg,49.4105,12.2274
92549,Stadlern,49.5066,12.6124
92551,Stulln,49.4167,12.1333
92552,Teunz,49.4833,12.3833
92554,Thanstein,49.3833,12.4667
92555,Trausnitz,49.5211,12.2625
92557,Weiding,49.4833,12.5667
92559,Winklarn,49.4269,12.4799
92620,Agentur für Arbeit Weiden i. d. OPf.,49.6718,12.1632
92624,Kreisfreie Stadt Weiden in der Oberpfalz,49.6806,12.0737
92626,Verkaufsstelle für Sammlermünzen der Bundesrepublik Deutschland,49.6806,12.0737
92627,Kreisfreie Stadt Weiden in der Oberpfalz,49.6806,12.0737
92628,Kreisfreie Stadt Weiden in der Oberpfalz,49.6806,12.0737
92630,Kreisfreie Stadt Weiden in der Oberpfalz,49.6768,12.1570
92631,Kreisfreie Stadt Weiden in der Oberpfalz,49.6806,12.0737
92632,Kreisfreie Stadt Weiden in der Oberpfalz,49.6806,12.0737
92633,AOK Bayern Die Gesundheitskasse Direktion Weiden,49.6726,12.1600
92637,Weiden,49.6835,12.1917
92648,Vohenstrauß,49.6238,12.3381
92655,Grafenwöhr,49.6989,11.8675
92660,Neustadt an der Waldnaab,49.7329,12.1777
92665,Kirchendemenreuth,49.7496,12.1299
92670,Windischeschenbach,49.8011,12.1571
92676,Speinshart,49.7727,11.8263
92681,Erbendorf,49.8398,12.0459
92685,Floß,49.7240,12.2759
92690,Pressath,49.7686,11.9397
92693,Eslarn,49.5835,12.5216
92694,Etzenricht,49.6333,12.1000
92696,Flossenbürg,49.7333,12.3500
92697,Georgenberg,49.7030,12.4208
92699,Bechtsrieth,49.6339,12.2175
92700,"Kaltenbrunn, Oberpfalz",49.6500,11.9500
92702,Kohlberg,49.5912,12.0195
92703,Krummennaab,49.8333,12.1000
92705,Leuchtenberg,49.5974,12.2584
92706,Luhe-Wildenau,49.5837,12.1492
92708,Mantel,49.6541,12.0407
92709,Moosbach,49.5891,12.4104
92711,Parkstein,49.7292,12.0675
92712,Pirk,49.6333,12.1667
92714,Pleystein,49.6491,12.4063
92715,Püchersreuth,49.7500,12.2333
92717,Reuth bei Erbendorf,49.8438,12.1214
92718,Schirmitz,49.6500,12.1667
92720,Schwarzenbach,49.7246,11.9976
92721,Störnstein,49.7323,12.2055
92723,Gleiritsch,49.5145,12.3214
92724,Trabitz,49.8000,11.9000
92726,Waidhaus,49.6422,12.4952
92727,Waldthurn,49.6722,12.3292
92729,Weiherhammer,49.6333,12.0667
93012,Agentur für Arbeit Regensburg,49.0046,12.0984
93013,Familienkasse Bayern-Süd,49.0046,12.0984
93037,Kreisfreie Stadt Regensburg,49.0124,12.1070
93038,HUK-Coburg,49.0130,12.0937
93039,Regierung der Oberpfalz,49.0164,12.0920
93040,Universität,48.9994,12.0937
93041,Landesamt für Finanzen Dienststelle Regensburg Allg. Verw.,49.0118,12.0963
93042,Universitätsbibliothek,49.0060,12.0908
93043,Polizeipräsidium Oberpfalz Zentrale Geschäftsstelle,49.0153,12.0946
93045,creation L,49.0279,12.1276
93047,Regensburg,49.0168,12.0954
93049,Regensburg,49.0153,12.0577
93051,Regensburg,49.0007,12.0734
93053,Regensburg,48.9965,12.1202
93055,Regensburg,49.0143,12.1427
93057,Regensburg,49.0499,12.1006
93059,Regensburg,49.0312,12.1022
93065,Zentrum Bayern Familie und Soziales Region Oberpfalz,49.0081,12.1155
93066,Landgericht Regensburg,49.0093,12.1093
93072,Regensburg,48.9841,12.1895
93073,Neutraubling,48.9874,12.2010
93077,Bad Abbach,48.9375,12.0449
93080,Pentling,48.9834,12.0587
93083,Obertraubling,48.9667,12.1667
93086,Wörth an der Donau,49.0009,12.4054
93087,Alteglofsheim,48.9167,12.2000
93089,Aufhausen,48.8720,12.2821
93090,Bach an der Donau,49.0217,12.3037
93092,Barbing,49.0000,12.2000
93093,Donaustauf,49.0326,12.2046
93095,Hagelstadt,48.9000,12.2167
93096,Köfering,48.9333,12.2000
93098,Mintraching,48.9536,12.2421
93099,Mötzing,48.8935,12.3736
93101,Pfakofen,48.8582,12.2274
93102,Pfatter,48.9631,12.3825
93104,Riekofen,48.8976,12.3506
93105,Tegernheim,49.0239,12.1730
93107,Thalmassing,48.9117,12.1550
93109,Wiesent,49.0167,12.3833
93128,Regenstauf,49.1201,12.1303
93133,Burglengenfeld,49.2038,12.0445
93138,Lappersdorf,49.0469,12.0913
93142,Maxhütte-Haidhof,49.1996,12.0923
93149,Nittenau,49.1942,12.2674
93152,Nittendorf,49.0246,11.9613
93155,Hemau,49.0383,11.8522
93158,Teublitz,49.2229,12.0873
93161,Sinzing,49.0000,12.0333
93164,Laaber,49.0836,11.8927
93167,Falkenstein,49.0975,12.4880
93170,Bernhardswald,49.0912,12.2474
93173,Wenzenbach,49.0756,12.1995
93176,Beratzhausen,49.0952,11.8097
93177,Altenthann,49.1000,12.3000
93179,Brennberg,49.0667,12.4000
93180,Deuerling,49.0372,11.9104
93182,Duggendorf,49.1167,11.9167
93183,Holzheim am Forst,49.1547,11.9791
93185,Michelsneukirchen,49.1229,12.5528
93186,Pettendorf,49.0607,12.0078
93188,Pielenhofen,49.0723,11.9570
93189,Reichenbach,49.1833,12.3500
93191,Rettenbach,49.0667,12.4500
93192,Wald,49.1500,12.3500
93194,Walderbach,49.1833,12.3833
93195,Wolfsegg,49.1073,11.9781
93197,Zeitlarn,49.0785,12.1117
93199,Zell,49.1444,12.4141
93308,Kelheim,48.9195,11.8936
93309,Kelheim,48.9173,11.8862
93326,Abensberg,48.8168,11.8498
93333,Neustadt an der Donau,48.8071,11.7695
93336,Altmannstein,48.8992,11.6520
93339,Riedenburg,48.9638,11.6888
93342,Saal an der Donau,48.9000,11.9333
93343,Essing,48.9347,11.7897
93345,Hausen,48.8595,12.0063
93346,Ihrlerstein,48.9333,11.8667
93348,Kirchdorf,48.7710,11.9037
93349,Mindelstetten,48.8500,11.6500
93351,Painten,48.9973,11.8195
93352,Rohr in Niederbayern,48.7667,11.9667
93354,Biburg,48.7724,11.8528
93356,Teugn,48.8930,12.0117
93358,Train,48.7333,11.8333
93359,Wildenberg,48.7298,11.8985
93411,Landratsamt,49.2230,12.6672
93413,Cham,49.2257,12.6550
93426,Roding,49.1943,12.5196
93437,Furth im Wald,49.3095,12.8416
93444,Kötzting,49.1765,12.8552
93449,Waldmünchen,49.3780,12.7091
93453,Neukirchen beim Heiligen Blut,49.2587,12.9687
93455,Traitsching,49.1500,12.6500
93458,Eschlkam,49.2988,12.9157
93462,Lam,49.1967,13.0505
93464,Tiefenbach,49.4333,12.5833
93466,Chamerau,49.2000,12.7500
93468,Miltach,49.1620,12.7684
93470,Lohberg,49.1760,13.1055
93471,Arnbruck,49.1301,12.9982
93473,Arnschwang,49.2766,12.8159
93474,Arrach,49.1915,12.9939
93476,Blaibach,49.1667,12.8167
93477,Gleißenberg,49.3167,12.7333
93479,Grafenwiesen,49.2000,12.8833
93480,Hohenwarth,49.2000,12.9333
93482,Pemfling,49.2667,12.6167
93483,Pösing,49.2333,12.5500
93485,Rimbach,49.2333,12.8833
93486,Runding,49.2151,12.7621
93488,Schönthal,49.3500,12.6000
93489,Schorndorf,49.1604,12.5932
93491,Stamsried,49.2676,12.5305
93492,Treffelstein,49.4225,12.6157
93494,Waffenbrunn,49.2667,12.6667
93495,Weiding,49.2628,12.7631
93497,Willmering,49.2500,12.6667
93499,Zandt,49.1500,12.7333
94028,Agentur für Arbeit Passau,48.5715,13.4594
94030,StA,48.5726,13.4494
94032,Passau,48.5732,13.4506
94034,Passau,48.5890,13.3971
94036,Passau,48.5693,13.4122
94051,Hauzenberg,48.6496,13.6265
94060,Pocking,48.4015,13.3132
94065,Waldkirchen,48.7327,13.6008
94072,Bad Füssing,48.3510,13.3120
94078,Freyung,48.8095,13.5477
94081,Fürstenzell,48.5216,13.3175
94086,Bad Griesbach im Rottal,48.4557,13.1939
94089,Neureichenau,48.7486,13.7470
94094,Rotthalmünster,48.3595,13.1970
94099,Ruhstorf an der Rott,48.4333,13.3333
94104,Tittling,48.7215,13.3994
94107,Untergriesbach,48.5743,13.6672
94110,Wegscheid,48.6014,13.7873
94113,Tiefenbach,48.6242,13.4003
94116,Hutthurm,48.6728,13.4715
94118,Jandelsbrunn,48.7333,13.7000
94121,Salzweg,48.6167,13.4833
94124,Büchlberg,48.6711,13.5210
94127,Neuburg am Inn,48.5000,13.4500
94130,Obernzell,48.5549,13.6373
94133,Röhrnbach,48.7386,13.5227
94136,Thyrnau,48.6167,13.5333
94137,Bayerbach,48.4102,13.1441
94139,Breitenberg,48.7044,13.7933
94140,Ering,48.2992,13.1503
94142,Fürsteneck,48.7167,13.4667
94143,Grainet,48.8000,13.6500
94145,Haidmühle,48.8257,13.7765
94146,Hinterschmiding,48.8234,13.6037
94148,Kirchham,48.3464,13.2672
94149,Kößlarn,48.3667,13.1167
94151,Mauth,48.8897,13.5846
94152,Neuhaus am Inn,48.4609,13.4208
94154,Neukirchen vorm Wald,48.6833,13.3833
94155,Otterskirchen,48.6167,13.2167
94157,Perlesreut,48.7818,13.4384
94158,Philippsreut,48.8667,13.6833
94160,Ringelai,48.8134,13.4713
94161,Ruderting,48.6500,13.4167
94163,Saldenburg,48.7731,13.3559
94164,Sonnen,48.6833,13.7167
94166,Stubenberg,48.3167,13.0833
94167,Tettenweis,48.4428,13.2696
94169,Thurmansbang,48.7663,13.3155
94209,Regen,48.9719,13.1282
94227,Lindberg,49.0268,13.2460
94232,Regen,49.0804,12.8707
94233,Zentrale Bußgeldstelle im Bayer. Polizeiverwaltungsamt,49.0755,12.8897
94234,Viechtach,49.0800,12.8857
94239,Gotteszell,48.9722,12.9834
94244,Geiersthal,49.0434,12.9848
94249,Bodenmais,49.0667,13.1000
94250,Achslach,48.9717,12.9351
94252,Bayerisch Eisenstein,49.1167,13.2000
94253,Bischofsmais,48.9180,13.0818
94255,Böbrach,49.0562,13.0347
94256,Drachselsried,49.1076,13.0118
94258,Frauenau,48.9889,13.3007
94259,Kirchberg im Wald,48.9000,13.1833
94261,Kirchdorf im Wald,48.9105,13.2661
94262,Kollnburg,49.0466,12.8612
94264,Langdorf,49.0150,13.1465
94265,Patersdorf,49.0167,12.9833
94267,Prackenbach,49.0954,12.8261
94269,Rinchnach,48.9496,13.2010
94310,Kreisfreie Stadt Straubing,48.8889,12.6234
94312,Kreisfreie Stadt Straubing,48.8986,12.6558
94315,Straubing,48.8813,12.5739
94327,Bogen,48.9112,12.6896
94330,Salching,48.8276,12.5974
94333,Geiselhöring,48.8250,12.3965
94336,Windberg,48.9464,12.7398
94339,Leiblfing,48.7757,12.5179
94342,Irlbach,48.8360,12.7363
94344,Wiesenfelden,49.0407,12.5401
94345,Aholfing,48.9428,12.4686
94347,Ascha,49.0000,12.6333
94348,Atting,48.8941,12.4878
94350,Falkenfels,49.0042,12.5948
94351,Feldkirchen,48.8383,12.5278
94353,Haibach,49.0241,12.7155
94354,Haselbach,49.0035,12.6918
94356,Kirchroth,48.9500,12.5500
94357,Konzell,49.0724,12.7111
94359,Loitzendorf,49.0846,12.6559
94360,Mitterfels,48.9763,12.6785
94362,Neukirchen,48.9751,12.7555
94363,Oberschneiding,48.7957,12.6420
94365,Parkstetten,48.9167,12.6000
94366,Perasdorf,48.9500,12.8000
94368,Perkam,48.8553,12.4398
94369,Rain,48.9050,12.4687
94371,Rattenberg,49.0861,12.7491
94372,Rattiszell,49.0257,12.6592
94374,Schwarzach,48.9157,12.8114
94375,Stallwang,49.0510,12.6550
94377,Steinach,48.9542,12.6071
94379,Sankt Englmar,49.0030,12.8266
94405,Landau an der Isar,48.6725,12.6932
94419,Reisbach,48.5701,12.6280
94424,Arnstorf,48.5584,12.8167
94428,Eichendorf,48.6327,12.8559
94431,Pilsting,48.7012,12.6510
94436,Simbach,48.5661,12.7389
94437,Mamming,48.6517,12.6078
94439,Roßbach,48.6000,12.9333
94447,Plattling,48.7787,12.8751
94466,Agentur für Arbeit Deggendorf,48.8370,12.9594
94469,Deggendorf,48.8409,12.9607
94474,Vilshofen,48.6269,13.1922
94481,Grafenau,48.8577,13.3974
94486,Osterhofen,48.7000,13.0222
94491,Hengersberg,48.7725,13.0549
94496,Ortenburg,48.5460,13.2225
94501,Aidenbach,48.5700,13.0988
94505,Bernried,48.9167,12.8833
94508,Schöllnach,48.7541,13.1778
94513,Schönberg,48.8397,13.3371
94518,Spiegelau,48.9152,13.3623
94522,Wallersdorf,48.7377,12.7474
94526,Metten,48.8551,12.9155
94527,Aholming,48.7354,12.9100
94529,Aicha vorm Wald,48.6760,13.2954
94530,Auerbach,48.8035,13.0995
94532,Außernzell,48.7241,13.2029
94533,Buchhofen,48.6970,12.9246
94535,Eging am See,48.7139,13.2713
94536,Eppenschlag,48.8894,13.2999
94538,Fürstenstein,48.7167,13.3333
94539,Grafling,48.8949,12.9751
94541,Grattersdorf,48.8036,13.1537
94542,Haarbach,48.5000,13.1500
94544,Hofkirchen,48.6781,13.1192
94545,Hohenau,48.8498,13.4882
94547,Iggensbach,48.7301,13.1423
94548,Innernzell,48.8515,13.2754
94550,Künzing,48.6667,13.0833
94551,Hunding,48.8438,13.1585
94553,Mariaposching,48.8333,12.8000
94554,Moos,48.7515,12.9611
94556,Neuschönau,48.8842,13.4758
94557,Niederalteich,48.7656,13.0241
94559,Niederwinkling,48.8833,12.8000
94560,Offenberg,48.8619,12.8629
94562,Oberpöring,48.7018,12.8248
94563,Otzing,48.7613,12.8088
94565,Erlhof bei Rathsmannsdorf,48.6771,13.2258
94566,Sankt Oswald-Riedlhütte,48.9000,13.4167
94568,Sankt Oswald-Riedlhütte,48.9000,13.4167
94569,Stephansposching,48.8167,12.8000
94571,Schaufling,48.8500,13.0667
94572,Schöfweg,48.8388,13.2286
94574,Wallerfing,48.6842,12.8804
94575,Windorf,48.6244,13.2219
94577,Winzer,48.7228,13.0775
94579,Zenting,48.7913,13.2597
95025,Kreisfreie Stadt Hof,50.3189,11.9074
95027,Agentur für Arbeit Hof,50.3094,11.9099
95028,Hof,50.3209,11.9172
95030,Hof,50.3173,11.8961
95032,Hof,50.2953,11.9103
95098,Wunsiedel im Fichtelgebirge,50.1781,12.1325
95100,Selb,50.1706,12.1305
95111,Rehau,50.2492,12.0342
95119,Naila,50.3303,11.7046
95126,Schwarzenbach an der Saale,50.2228,11.9350
95131,Schwarzenbach am Wald,50.2846,11.6249
95138,Bad Steben,50.3665,11.6444
95145,Oberkotzau,50.2624,11.9348
95152,Selbitz,50.3170,11.7502
95158,Kirchenlamitz,50.1519,11.9483
95163,Weißenstadt,50.1022,11.8885
95168,Marktleuthen,50.1301,12.0023
95173,Schönwald,50.1997,12.0850
95176,Konradsreuth,50.2667,11.8500
95179,Geroldsgrün,50.3333,11.6000
95180,Berg,50.3747,11.7785
95182,Döhlau,50.2833,11.9500
95183,Trogen,50.3747,11.9189
95185,Gattendorf,50.3221,11.9978
95186,Höchstädt im Fichtelgebirge,50.1000,12.0833
95188,Issigau,50.3752,11.7207
95189,Köditz,50.3333,11.8500
95191,Leupoldsgrün,50.3000,11.8000
95192,Lichtenberg,50.3833,11.6762
95194,Regnitzlosau,50.3000,12.0500
95195,Röslau,50.0833,11.9833
95197,Schauenstein,50.2783,11.7417
95199,Thierstein,50.1064,12.1020
95212,Hof,50.1887,11.7974
95213,Münchberg,50.1895,11.7882
95233,Helmbrechts,50.2356,11.7159
95234,Sparneck,50.1621,11.8435
95236,Stammbach,50.1455,11.6913
95237,Weißdorf,50.1833,11.8500
95239,Zell,50.1333,11.8000
95326,Kulmbach,50.1007,11.4503
95336,Mainleus,50.0999,11.3766
95339,Wirsberg,50.0988,11.5927
95346,Stadtsteinach,50.1643,11.5035
95349,Thurnau,50.0254,11.3935
95352,Marktleugast,50.1731,11.6339
95355,Presseck,50.2280,11.5551
95356,Grafengehaig,50.2031,11.5936
95358,Guttenberg,50.1552,11.5648
95359,Kasendorf,50.0367,11.3520
95361,Ködnitz,50.1000,11.5333
95362,Kupferberg,50.1396,11.5776
95364,Ludwigschorgast,50.1264,11.5597
95365,Rugendorf,50.2000,11.4667
95367,Trebgast,50.0667,11.5500
95369,Untersteinach,50.1333,11.5167
95440,Klinikum Bayreuth,49.9468,11.5780
95442,Kreisfreie Stadt Bayreuth,49.9451,11.5781
95444,Bayreuth,49.9461,11.5762
95445,Bayreuth,49.9431,11.5592
95447,Bayreuth,49.9481,11.5783
95448,Bayreuth,49.9474,11.5993
95455,Kreisfreie Stadt Bayreuth,49.9158,11.6078
95460,Bad Berneck im Fichtelgebirge,50.0456,11.6724
95463,Bindlach,49.9817,11.6139
95466,Weidenberg,49.9374,11.7527
95469,Speichersdorf,49.8713,11.7812
95473,Prebitz,49.8494,11.6236
95478,Kemnath,49.8701,11.8908
95482,Gefrees,50.0954,11.7377
95485,Warmensteinach,49.9935,11.7787
95488,Eckersdorf,49.9348,11.4962
95490,Mistelgau,49.9126,11.4659
95491,Ahorntal,49.8500,11.4333
95493,Bischofsgrün,50.0512,11.8000
95494,Gesees,49.9000,11.5333
95496,Glashütten,49.8874,11.4487
95497,Goldkronach,50.0109,11.6875
95499,Harsdorf,50.0333,11.5667
95500,Heinersreuth,49.9667,11.5333
95502,Himmelkron,50.0667,11.6000
95503,Hummeltal,49.9000,11.5167
95505,Immenreuth,49.9000,11.8667
95506,Kastl,49.8333,11.9000
95508,Kulmain,49.9000,11.9000
95509,Marktschorgast,50.0947,11.6547
95511,Mistelbach,49.9126,11.5126
95512,Neudrossenfeld,50.0167,11.5000
95514,Neustadt am Kulm,49.8167,11.8333
95515,Plankenfels,49.8833,11.3333
95517,Emtmannsberg,49.8930,11.6750
95519,Schlammersdorf,49.8107,11.7348
95614,Stadt Marktredwitz,50.0069,12.0892
95615,Marktredwitz,50.0044,12.0859
95631,Landratsamt Wunsiedel i. Fichtelgebirge,50.0437,12.0456
95632,Wunsiedel,50.0392,12.0034
95643,Tirschenreuth,49.8826,12.3311
95652,Waldsassen,50.0017,12.3043
95659,Arzberg,50.0577,12.1868
95666,Mitterteich,49.9492,12.2637
95671,Bärnau,49.8108,12.4332
95676,Wiesau,49.9082,12.1889
95679,Waldershof,49.9814,12.0629
95680,Bad Alexandersbad,50.0167,12.0167
95682,Brand,49.9597,11.9107
95683,Ebnath,49.9500,11.9333
95685,Falkenberg,49.8584,12.2268
95686,Fichtelberg,50.0029,11.8542
95688,Friedenfels,49.8826,12.1012
95689,Fuchsmühl,49.9226,12.1458
95691,Hohenberg an der Eger,50.0950,12.2201
95692,Konnersreuth,50.0109,12.2271
95694,Mehlmeisel,49.9742,11.8620
95695,Mähring,49.9109,12.5245
95697,Nagel,49.9833,11.9167
95698,Neualbenreuth,49.9804,12.4437
95700,Neusorg,49.9333,11.9667
95701,Pechbrunn,49.9667,12.1667
95703,Plößberg,49.7840,12.3100
95704,Pullenreuth,49.9333,12.0000
95706,Schirnding,50.0821,12.2274
95707,Thiersheim,50.0761,12.1265
95709,Tröstau,50.0167,11.9500
96035,"Berlin, Stadt",52.5025,13.4070
96039,HappyDigits Service Center,50.7393,7.1024
96044,Walter Günther,49.9211,10.9057
96045,Landratsamt,49.8997,10.8972
96047,Bamberg,49.8934,10.8911
96049,Bamberg,49.8800,10.8834
96050,Bamberg,49.8883,10.9185
96052,Bamberg,49.9083,10.8951
96060,Kreisfreie Stadt Bamberg,49.9189,10.9223
96061,Kreisfreie Stadt Bamberg,49.9090,10.8718
96063,Frankfurt am Main,50.1069,8.6399
96076,GEMA Geschäftsstelle Berlin,52.5044,13.3460
96077,Kreisfreie Stadt Bamberg,49.9188,10.8951
96103,Hallstadt,49.9290,10.8754
96106,Ebern,50.0955,10.7983
96110,Scheßlitz,49.9757,11.0330
96114,Hirschaid,49.8179,10.9892
96117,Memmelsdorf,49.9301,10.9592
96120,Bischberg,49.9109,10.8321
96123,Litzendorf,49.9144,11.0103
96126,Maroldsweisach,50.2022,10.6429
96129,Strullendorf,49.8443,10.9721
96132,Schlüsselfeld,49.7562,10.6187
96135,Stegaurach,49.8654,10.8438
96138,Burgebrach,49.8283,10.7434
96142,Hollfeld,49.9379,11.2915
96145,Seßlach,50.1897,10.8420
96146,Altendorf,49.8000,11.0167
96148,Baunach,49.9859,10.8518
96149,Breitengüßbach,49.9721,10.8859
96151,Breitbrunn,50.0167,10.7000
96152,Burghaslach,49.7331,10.6007
96154,Burgwindheim,49.8273,10.5963
96155,Buttenheim,49.8036,11.0300
96157,Ebrach,49.8481,10.4967
96158,Frensdorf,49.8167,10.8667
96160,Geiselwind,49.7736,10.4706
96161,Gerach,50.0333,10.8000
96163,Gundelsheim,49.9371,10.9199
96164,Kemmern,49.9549,10.8778
96166,Kirchlauter,50.0443,10.7178
96167,Königsfeld,49.9460,11.1652
96169,Lauter,49.9732,10.7884
96170,Priesendorf,49.8948,10.7209
96172,Mühlhausen,49.7544,10.7756
96173,Oberhaid,49.9325,10.8147
96175,Pettstadt,49.8300,10.9284
96176,Pfarrweisach,50.1500,10.7333
96178,Pommersfelden,49.7667,10.8167
96179,Rattelsdorf,50.0150,10.8886
96181,Rauhenebrach,49.8833,10.6167
96182,Reckendorf,50.0167,10.8333
96184,Rentweinsdorf,50.0634,10.7992
96185,Schönbrunn,49.8570,10.6902
96187,Stadelhofen,50.0032,11.1976
96188,Stettfeld,49.9719,10.7239
96190,Untermerzbach,50.1275,10.8563
96191,Viereth-Trunstadt,49.9222,10.7772
96193,Wachenroth,49.7519,10.7134
96194,Walsdorf,49.8667,10.7833
96196,Wattendorf,50.0326,11.1262
96197,Wonsees,49.9761,11.3005
96199,Zapfendorf,50.0178,10.9324
96215,Lichtenfels,50.1457,11.0593
96222,Baur Versand,50.1407,11.2469
96223,Lichtenfels,50.1407,11.2469
96224,Burgkunstadt,50.1409,11.2520
96231,Bad Staffelstein,50.1020,11.0013
96237,Ebersdorf,50.3290,11.1527
96242,Sonnefeld,50.2167,11.1333
96247,Michelau in Oberfranken,50.1680,11.1139
96250,Ebensfeld,50.0664,10.9583
96253,Untersiemau,50.1942,10.9745
96257,Marktgraitz,50.1784,11.2013
96260,Weismain,50.0851,11.2402
96264,Altenkunstadt,50.1250,11.2503
96268,Mitwitz,50.2511,11.2082
96269,Großheirath,50.1760,10.9505
96271,Grub am Forst,50.2299,11.0198
96272,Hochstadt am Main,50.1501,11.1712
96274,Itzgrund,50.1500,10.9000
96275,Marktzeuln,50.1667,11.1669
96277,Schneckenlohe,50.2118,11.1940
96279,Weidhausen bei Coburg,50.2035,11.1401
96317,Kronach,50.2396,11.3331
96328,Küps,50.1912,11.2668
96332,Pressig,50.3524,11.3097
96337,Ludwigsstadt,50.4860,11.3873
96342,Stockheim,50.3064,11.2817
96346,Wallenfels,50.2685,11.4706
96349,Steinwiesen,50.2944,11.4629
96352,Wilhelmsthal,50.3111,11.3728
96355,Tettau,50.4698,11.2589
96358,Reichenbach,50.4113,11.3977
96361,Steinbach am Wald,50.4390,11.3692
96364,Marktrodach,50.2500,11.3833
96365,Nordhalben,50.3741,11.5099
96367,Tschirn,50.4000,11.4500
96369,Weißenbrunn,50.2000,11.3500
96435,HUK-Coburg,50.2636,10.9591
96436,Agentur für Arbeit Coburg,50.2666,10.9599
96438,HUK24,50.2831,10.9736
96441,Amtsgericht Coburg Zentrales Mahngericht für Bayern,50.2647,10.9666
96444,HUK-Coburg,50.2636,10.9591
96447,HUK-Coburg,50.2636,10.9591
96448,HUK-Coburg,50.2636,10.9591
96450,Coburg,50.2594,10.9638
96465,Neustadt bei Coburg,50.3298,11.1206
96472,Rödental,50.2952,11.0412
96475,Coburg,50.3379,10.7804
96476,Bad Rodach,50.3333,10.7833
96479,Weitramsdorf,50.2560,10.8799
96482,Ahorn,50.2376,10.9542
96484,Meeder,50.3212,10.9070
96486,Lautertal,50.3333,10.9667
96487,Dörfles-Esbach,50.2833,11.0000
96489,Niederfüllbach,50.2200,10.9909
96515,Sonneberg,50.3592,11.1746
96523,Steinach,50.4407,11.1921
96524,Föritz,50.3500,11.2310
96528,Bachfeld,50.3999,11.0177
97024,Agentur für Arbeit Würzburg,49.7823,9.9296
97025,Zentrum Bayern Familie und Soziales (ZBFS),49.7999,9.9170
97064,Handwerkskammer für Unterfranken,49.7908,9.9352
97066,HUK -Coburg,49.7971,9.9410
97067,Caritas Verband für die Diözese Würzburg e. V.,49.7903,9.9423
97070,Würzburg,49.7971,9.9337
97072,Würzburg,49.7829,9.9366
97074,Würzburg,49.7802,9.9416
97076,Würzburg,49.8044,9.9770
97078,Würzburg,49.8118,9.9635
97080,Würzburg,49.8017,9.9058
97082,Würzburg,49.7899,9.9206
97084,Würzburg,49.7685,9.9382
97099,Würzburg,49.7896,10.0321
97101,Kreisfreie Stadt Würzburg,49.7991,9.9474
97103,DATA M-Services,49.7990,9.9514
97199,Ochsenfurt,49.6643,10.0623
97204,Höchberg,49.7845,9.8822
97209,Veitshöchheim,49.8328,9.8817
97215,Weigenheim,49.5511,10.2102
97218,Gerbrunn,49.7753,9.9936
97222,Rimpar,49.8569,9.9571
97225,Zellingen,49.8974,9.8175
97227,Würzburg,49.7929,10.0314
97228,Rottendorf,49.7923,10.0259
97230,Estenfeld,49.8290,10.0059
97232,Giebelstadt,49.6531,9.9444
97234,Reichenberg,49.7319,9.9148
97236,Randersacker,49.7602,9.9828
97237,Altertheim,49.7167,9.7500
97239,Aub,49.5527,10.0653
97241,Bergtheim,49.8884,10.0768
97243,Bieberehren,49.5173,10.0091
97244,Bütthard,49.5991,9.8799
97246,Eibelstadt,49.7239,9.9996
97247,Eisenheim,49.8833,10.1667
97249,Eisingen,49.7597,9.8311
97250,Erlabrunn,49.8597,9.8442
97252,Frickenhausen am Main,49.6667,10.0833
97253,Gaukönigshofen,49.6333,10.0000
97255,Sonderhofen,49.5828,10.0114
97256,Geroldshausen,49.6836,9.9022
97258,Oberickelsheim,49.5866,10.1451
97259,Greußenheim,49.8167,9.7667
97261,Güntersleben,49.8697,9.9050
97262,Hausen bei Würzburg,49.9333,10.0167
97264,Helmstadt,49.7618,9.7080
97265,Hettstadt,49.7994,9.8150
97267,Himmelstadt,49.9239,9.8017
97268,Kirchheim,49.6561,9.8578
97270,Kist,49.7428,9.8439
97271,Kleinrinderfeld,49.7003,9.8447
97273,Kürnach,49.8500,10.0333
97274,Leinach,49.8619,9.8049
97276,Margetshöchheim,49.8375,9.8639
97277,Neubrunn,49.7309,9.6716
97279,Prosselsheim,49.8631,10.1267
97280,Remlingen,49.8048,9.6948
97282,Retzstadt,49.9125,9.8819
97283,Riedenheim,49.5572,9.9781
97285,Röttingen,49.5020,9.9537
97286,Sommerhausen,49.7052,10.0213
97288,Theilheim,49.7540,10.0306
97289,Thüngen,49.9414,9.8586
97291,Thüngersheim,49.8783,9.8492
97292,Holzkirchen,49.7880,9.7055
97294,Unterpleichfeld,49.8689,10.0440
97295,Waldbrunn,49.7586,9.8036
97297,Waldbüttelbrunn,49.7883,9.8467
97299,Zell am Main,49.8121,9.8696
97318,Biebelried,49.7532,10.1170
97320,Großlangheim,49.7522,10.1650
97332,Volkach,49.8635,10.2281
97334,Nordheim am Main,49.8396,10.1956
97337,Dettelbach,49.8029,10.1652
97340,Marktbreit,49.6538,10.1470
97342,Obernbreit,49.6651,10.1736
97346,Iphofen,49.7024,10.2604
97348,Markt Einersheim,49.7000,10.2580
97350,Mainbernheim,49.7079,10.2190
97353,Wiesentheid,49.7945,10.3451
97355,Wiesenbronn,49.7595,10.3295
97357,Prichsenstadt,49.8193,10.3477
97359,Schwarzach am Main,49.7996,10.2298
97412,Schweinfurt,50.0500,10.2333
97418,Agentur für Arbeit Schweinfurt,50.0434,10.2197
97419,Agentur für Arbeit Schweinfurt,50.0326,10.0116
97420,Amtsgericht Schweinfurt,50.0412,10.2304
97421,Schweinfurt,50.0442,10.2267
97422,Schweinfurt,50.0545,10.2441
97424,Schweinfurt,50.0348,10.2064
97437,Haßfurt,50.0352,10.5156
97440,Werneck,49.9820,10.0988
97447,Frankenwinheim,49.8937,10.3313
97450,Arnstein,49.9777,9.9698
97453,Schonungen,50.0501,10.3081
97456,Dittelbrunn,50.0721,10.2197
97461,Hofheim in Unterfranken,50.1368,10.5232
97464,Niederwerrn,50.0615,10.1827
97469,Gochsheim,50.0167,10.2833
97475,Zeil am Main,50.0024,10.6098
97478,Knetzgau,49.9833,10.5500
97483,Eltmann,49.9715,10.6671
97486,Königsberg in Bayern,50.0808,10.5676
97488,Stadtlauringen,50.1871,10.3616
97490,Poppenhausen,50.1000,10.1424
97491,Aidhausen,50.1500,10.4333
97493,Bergrheinfeld,50.0103,10.1809
97494,Bundorf,50.2167,10.5167
97496,Burgpreppach,50.1415,10.6498
97497,Dingolshausen,49.9071,10.3903
97499,Donnersdorf,49.9667,10.4167
97500,Ebelsbach,49.9857,10.6744
97502,Euerbach,50.0620,10.1369
97503,Gädheim,50.0333,10.3500
97505,Geldersheim,50.0429,10.1561
97506,Grafenrheinfeld,50.0000,10.2000
97508,Grettstadt,49.9833,10.3167
97509,Kolitzheim,49.9167,10.2333
97511,Lülsfeld,49.8681,10.3213
97513,Michelau im Steigerwald,49.9000,10.4333
97514,Oberaurach,49.9271,10.6333
97516,Oberschwarzach,49.8605,10.4100
97517,Rannungen,50.1654,10.2048
97519,Riedbach,50.1000,10.4667
97520,Röthlein,49.9833,10.2167
97522,Sand am Main,49.9833,10.6000
97523,Schwanfeld,49.9217,10.1387
97525,Schwebheim,49.9904,10.2478
97526,Sennfeld,50.0390,10.2599
97528,Sulzdorf an der Lederhecke,50.2408,10.5628
97529,Sulzheim,49.9500,10.3333
97531,Theres,50.0111,10.4278
97532,Üchtelhausen,50.0918,10.2686
97534,Waigolshausen,49.9643,10.1200
97535,Wasserlosen,50.0948,10.0302
97537,Wipfeld,49.9167,10.1667
97539,Wonfurt,50.0167,10.4667
97615,Sparkasse Bad Neustadt a. d. Saale,50.3242,10.2193
97616,Salz,50.3150,10.2094
97618,Unsleben,50.3331,10.2512
97631,Bad Königshofen im Grabfeld,50.3008,10.4689
97633,Saal an der Saale,50.3120,10.4366
97638,Mellrichstadt,50.4285,10.3033
97640,Hendungen,50.4192,10.3043
97645,Ostheim vor der Rhön,50.4600,10.2306
97647,Hausen,50.4874,10.1794
97650,Fladungen,50.5205,10.1458
97653,Bischofsheim an der Rhön,50.4024,10.0075
97654,Bastheim,50.4008,10.2037
97656,Oberelsbach,50.4412,10.1169
97657,Sandberg,50.3482,10.0081
97659,Schönau an der Brend,50.3810,10.1044
97685,Saale-Reha-Klinik der BfA,50.1981,10.0782
97688,Bad Kissingen,50.2023,10.0778
97702,Münnerstadt,50.2464,10.2019
97705,Burkardroth,50.2713,9.9916
97708,Bad Bocklet,50.2665,10.0790
97711,Maßbach,50.1921,10.2972
97714,Oerlenbach,50.1500,10.1333
97717,Euerdorf,50.1483,10.0217
97720,Nüdlingen,50.2206,10.1230
97723,Oberthulba,50.1990,9.9588
97724,Burglauer,50.2764,10.1794
97725,Elfershausen,50.1474,9.9615
97727,Fuchsstadt,50.1082,9.9337
97729,Ramsthal,50.1404,10.0678
97737,Gemünden am Main,50.0495,9.7059
97753,Karlstadt,49.9603,9.7724
97762,Hammelburg,50.1163,9.8914
97769,Bad Brückenau,50.3085,9.7898
97772,Wildflecken,50.3776,9.9109
97773,Aura im Sinngrund,50.1782,9.5755
97775,Burgsinn,50.1497,9.6512
97776,Eußenheim,49.9859,9.8090
97778,Fellen,50.1500,9.5833
97779,Geroda,50.2806,9.8955
97780,Gössenheim,50.0167,9.7833
97782,Gräfendorf,50.1227,9.7405
97783,Karsbach,50.0409,9.7853
97785,Mittelsinn,50.1922,9.6170
97786,Motten,50.3956,9.7725
97788,Neuendorf,50.0333,9.6500
97789,Oberleichtersbach,50.2833,9.8000
97791,Obersinn,50.2088,9.6155
97792,Riedenberg,50.3199,9.8610
97794,Rieneck,50.0935,9.6480
97795,Schondra,50.2681,9.8628
97797,Wartmannsroth,50.1667,9.7833
97799,Zeitlofs,50.2619,9.6724
97813,Main-Spessart,49.9986,9.5750
97814,Main-Spessart,50.0142,9.5904
97816,Lohr am Main,49.9892,9.5722
97828,Marktheidenfeld,49.8454,9.6036
97833,Frammersbach,50.0647,9.4689
97834,Birkenfeld,49.8586,9.6956
97836,Bischbrunn,49.8703,9.4892
97837,Erlenbach bei Marktheidenfeld,49.8193,9.6273
97839,Esselbach,49.8553,9.5258
97840,Hafenlohr,49.8694,9.6022
97842,Karbach,49.8670,9.6381
97843,Neuhütten,50.0000,9.4167
97845,Neustadt am Main,49.9302,9.5681
97846,Partenstein,50.0418,9.5199
97848,Rechtenbach,49.9831,9.5083
97849,Roden,49.8956,9.6264
97851,Rothenfels,49.8914,9.5926
97852,Schollbrunn,49.8350,9.4639
97854,Steinfeld,49.9528,9.6694
97855,Triefenstein,49.8006,9.6067
97857,Urspringen,49.9017,9.6712
97859,Wiesthal,50.0333,9.4333
97877,Wertheim,49.7590,9.5085
97892,Kreuzwertheim,49.7682,9.5182
97896,Freudenberg,49.7535,9.3275
97900,Külsheim,49.6694,9.5236
97901,Altenbuch,49.8286,9.4014
97903,Collenberg,49.7435,9.3203
97904,Dorfprozelten,49.7806,9.3803
97906,Faulbach,49.7853,9.4442
97907,Hasloch,49.7919,9.4936
97909,Stadtprozelten,49.7847,9.4118
97922,Lauda-Königshofen,49.5653,9.7082
97941,Tauberbischofsheim,49.6247,9.6628
97944,Boxberg,49.4796,9.6401
97947,Grünsfeld,49.6095,9.7472
97950,Großrinderfeld,49.6654,9.7336
97953,Königheim,49.6203,9.5958
97956,Werbach,49.6708,9.6394
97957,Wittighausen,49.6192,9.8422
97959,Assamstadt,49.4281,9.6861
97980,Bad Mergentheim,49.4925,9.7736
97990,Weikersheim,49.4787,9.8998
97993,Creglingen,49.4694,10.0312
97996,Niederstetten,49.4000,9.9194
97999,Igersheim,49.4944,9.8169
98496,Agentur für Arbeit Thüringen Südwest,50.6113,10.6848
98497,Agentur für Arbeit Thüringen Südwest,50.6113,10.6848
98523,AOK PLUS - Die Gesundheitskasse für Sachsen und Thüringen,50.6367,10.7015
98527,Suhl,50.6080,10.6957
98528,Suhl,50.6000,10.7000
98529,Suhl,50.6000,10.7000
98530,Dillstädt,50.5675,10.5570
98544,Zella-Mehlis,50.6564,10.6605
98547,Christes,50.6391,10.5157
98553,Ahlstädt,50.5314,10.7221
98554,Benshausen,50.6500,10.6000
98559,Gehlberg,50.6912,10.7591
98574,Schmalkalden,50.7214,10.4439
98587,Rotterode,50.7010,10.5681
98590,Schwallungen,50.7071,10.2937
98593,Kleinschmalkalden,50.7716,10.4684
98596,Trusetal,50.7833,10.4167
98597,Breitungen,50.7496,10.3670
98599,Brotterode,50.8241,10.4445
98610,Rhön-Rennsteig-Sparkasse Meiningen,50.5753,10.4158
98617,Neubrunn,50.5357,10.4226
98630,Mendhausen,50.3968,10.5114
98631,Berkach,50.4498,10.4423
98634,Mehmels,50.6073,10.1894
98639,Walldorf,50.6243,10.3920
98646,Hildburghausen,50.4244,10.6553
98660,Lengfeld,50.4933,10.6228
98663,Ummerstadt,50.2728,10.6966
98666,Masserberg,50.5198,10.9709
98667,Schleusegrund,50.5233,10.8667
98669,Schlechtsart,50.3687,10.7160
98673,Brünn,50.4472,10.8711
98678,Sachsenbrunn,50.4472,10.9495
98693,Ilmenau,50.7032,10.9038
98701,Altenfeld,50.5965,11.0152
98704,Langewiesen,50.6890,10.9799
98708,Möhrenbach,50.6437,11.0181
98711,Schmiedefeld am Rennsteig,50.5965,10.8356
98714,Stützerbach,50.6333,10.8667
98716,Elgersburg,50.7179,10.8386
98724,Neuhaus am Rennweg,50.4935,11.1487
98739,Reichmannsdorf,50.5291,11.2186
98743,Gräfenthal,50.5246,11.3068
98744,Cursdorf,50.5855,11.1546
98746,Goldisthal,50.5630,11.0590
98749,Siegmundsburg,50.4747,11.0657
99060,Kreisfreie Stadt Erfurt,50.9780,11.1307
99068,Agentur für Arbeit Thüringen Mitte,50.9594,11.0441
99073,Kreisfreie Stadt Erfurt,51.0011,10.9996
99075,"Deutsche Post, Geschäftsbereich Vertrieb Direkt Marketing Center",50.9779,11.1301
99077,Kreisfreie Stadt Erfurt,50.9793,11.0362
99078,Cellway Kommunikationsdienste,50.9871,11.0247
99079,Kreisfreie Stadt Erfurt,50.9778,11.0268
99080,Mitteldeutscher Rundfunk Landesfunkhaus Thüringen,50.9625,10.9952
99081,Redaktion Schlagartig,50.9707,11.0475
99084,Erfurt,50.9746,11.0297
99085,Erfurt,50.9945,11.0528
99086,Erfurt,50.9940,11.0276
99087,Erfurt,51.0210,11.0353
99089,Erfurt,50.9968,11.0079
99091,Erfurt,51.0143,10.9929
99092,Erfurt,50.9730,10.9787
99094,Erfurt,50.9833,11.0333
99096,Erfurt,50.9643,11.0410
99097,Erfurt,50.9833,11.0333
99098,Erfurt,50.9833,11.0333
99099,Erfurt,50.9751,11.0637
99100,Dachwig,51.0431,10.8429
99102,Rockhausen,50.9091,11.0954
99111,Stadtverwaltung Erfurt Abteilung Zentrale Dienste,50.9793,11.0362
99112,HUK-Coburg,50.9793,11.0362
99113,Bundesarbeitsgericht,50.9769,11.0128
99114,Kreisfreie Stadt Erfurt,50.9784,11.1229
99115,OBI-Systemzentrale Außenstelle Erfurt,50.9726,10.9615
99116,Kreisfreie Stadt Erfurt,50.9723,10.9599
99117,Deutsche Rentenversicherung Erfurt,50.9588,11.0517
99130,Marlishausen,50.8222,11.0172
99189,Witterda,51.0799,10.9403
99192,Ingersleben,50.9303,10.8950
99195,Eckstedt,51.0843,11.0897
99198,Kleinmölsen,51.0233,11.1433
99310,Bösleben-Wüllersleben,50.8332,11.0161
99326,Ilmtal,50.7546,11.0830
99330,Crawinkel,50.7642,10.8053
99334,Kirchheim,50.8738,11.0467
99338,Angelroda,50.7696,10.8749
99420,Staatliche Lotterie-Einnahme Harry Neugebauer,50.9794,11.3292
99421,Amtsgericht Weimar,50.9821,11.3277
99423,Weimar,50.9804,11.3263
99425,Weimar,50.9833,11.3167
99427,Weimar,50.9867,11.3156
99428,Niederzimmern,50.9807,11.2256
99437,Weimarer Land,50.8900,11.2661
99438,Buchfart,50.9168,11.2835
99439,Neumark,51.0551,11.3001
99441,Kiliansroda,50.9396,11.4323
99444,Blankenhain,50.8599,11.3439
99448,Nauendorf,50.8610,11.1939
99510,Liebstedt,51.0502,11.4816
99518,Schmiedehausen,51.0857,11.5913
99610,Sömmerda,51.1369,11.1973
99625,Schillingstedt,51.1962,11.2612
99628,Hardisleben,51.1355,11.3937
99631,Herrnschwende,51.2128,11.0498
99634,Straußfurt,51.1569,10.9631
99636,Rastenberg,51.1875,11.3768
99638,Kindelbrück,51.2505,11.1052
99706,Sondershausen,51.3697,10.8701
99707,Badra,51.3572,11.0146
99713,Freienbessingen,51.2790,10.7474
99718,Wasserthaleben,51.2561,10.9423
99734,Nordhausen,51.5018,10.7957
99735,Wolkramshausen,51.4665,10.6975
99738,Agentur für Arbeit Thüringen Nord,51.4968,10.7892
99752,Kleinbodungen,51.4593,10.5695
99755,Hohenstein,51.5378,10.6214
99759,Rehungen,51.4089,10.5882
99762,Buchholz,51.5457,10.8537
99765,Görsbach,51.4494,10.8937
99768,Ilfeld,51.5757,10.7847
99815,Wartburgkreis,50.9743,10.3183
99817,Eisenach,50.9807,10.3152
99819,Marksuhl,50.9329,10.2772
99820,Behringen,51.0217,10.5101
99826,Nazza,51.0851,10.3350
99830,Treffurt,51.1369,10.2336
99831,Creuzburg,51.0598,10.2154
99834,Lauchröden,50.9689,10.1423
99837,Dippach,50.9321,10.0271
99842,Ruhla,50.8930,10.3657
99846,Seebach,50.9167,10.4167
99848,Wutha-Farnroda,50.9627,10.4051
99867,Gotha,50.9482,10.7019
99869,Friemar,50.9680,10.7063
99878,Gotha,50.9175,10.5617
99880,Trügleben,50.9304,10.5858
99885,Luisenthal,50.8068,10.7488
99887,Georgenthal,50.8415,10.6899
99891,Emsetal,50.8854,10.4590
99893,Gotha,50.9175,10.5617
99894,Ernstroda,50.8523,10.5916
99897,Tambach-Dietharz,50.7925,10.6157
99947,Bad Langensalza,51.1570,10.6380
99955,Bruchstedt,51.1731,10.8020
99958,Großvargula,51.0958,10.7583
99974,Mühlhausen,51.2365,10.4500
99976,Rodeberg,51.2478,10.3289
99986,Kammerforst,51.1440,10.4405
99988,Katharinenberg,51.1729,10.2904
99991,Großengottern,51.1485,10.5533
99994,Schlotheim,51.2399,10.6708
99996,Obermehler,51.2888,10.5803
99998,Körner,51.2125,10.5625
